INFO - 2025-02-06 09:46:47 --> Session: Class initialized using 'CodeIgniter\Session\Handlers\FileHandler' driver.
INFO - 2025-02-06 09:46:50 --> Session: Class initialized using 'CodeIgniter\Session\Handlers\FileHandler' driver.
INFO - 2025-02-06 09:47:00 --> Session: Class initialized using 'CodeIgniter\Session\Handlers\FileHandler' driver.
INFO - 2025-02-06 09:47:01 --> Session: Class initialized using 'CodeIgniter\Session\Handlers\FileHandler' driver.
INFO - 2025-02-06 09:47:05 --> Session: Class initialized using 'CodeIgniter\Session\Handlers\FileHandler' driver.
INFO - 2025-02-06 09:47:06 --> Session: Class initialized using 'CodeIgniter\Session\Handlers\FileHandler' driver.
INFO - 2025-02-06 09:47:08 --> Session: Class initialized using 'CodeIgniter\Session\Handlers\FileHandler' driver.
INFO - 2025-02-06 09:47:09 --> Session: Class initialized using 'CodeIgniter\Session\Handlers\FileHandler' driver.
INFO - 2025-02-06 09:47:10 --> Session: Class initialized using 'CodeIgniter\Session\Handlers\FileHandler' driver.
INFO - 2025-02-06 09:47:14 --> Session: Class initialized using 'CodeIgniter\Session\Handlers\FileHandler' driver.
INFO - 2025-02-06 09:47:20 --> Session: Class initialized using 'CodeIgniter\Session\Handlers\FileHandler' driver.
INFO - 2025-02-06 09:47:25 --> Session: Class initialized using 'CodeIgniter\Session\Handlers\FileHandler' driver.
INFO - 2025-02-06 09:47:28 --> Session: Class initialized using 'CodeIgniter\Session\Handlers\FileHandler' driver.
INFO - 2025-02-06 09:47:29 --> Session: Class initialized using 'CodeIgniter\Session\Handlers\FileHandler' driver.
WARNING - 2025-02-06 09:47:29 --> [DEPRECATED] Creation of dynamic property App\Controllers\User\User::$data is deprecated in APPPATH/Controllers/User/BaseController.php on line 58.
 1 SYSTEMPATH/CodeIgniter.php(904): App\Controllers\User\BaseController->initController(Object(CodeIgniter\HTTP\IncomingRequest), Object(CodeIgniter\HTTP\Response), Object(CodeIgniter\Log\Logger))
 2 SYSTEMPATH/CodeIgniter.php(500): CodeIgniter\CodeIgniter->createController()
 3 SYSTEMPATH/CodeIgniter.php(355): CodeIgniter\CodeIgniter->handleRequest(null, Object(Config\Cache), false)
 4 SYSTEMPATH/Boot.php(325): CodeIgniter\CodeIgniter->run()
 5 SYSTEMPATH/Boot.php(67): CodeIgniter\Boot::runCodeIgniter(Object(CodeIgniter\CodeIgniter))
 6 FCPATH/index.php(56): CodeIgniter\Boot::bootWeb(Object(Config\Paths))
INFO - 2025-02-06 09:47:34 --> Session: Class initialized using 'CodeIgniter\Session\Handlers\FileHandler' driver.
WARNING - 2025-02-06 09:47:34 --> [DEPRECATED] Creation of dynamic property App\Controllers\Admin\Category::$session is deprecated in APPPATH/Controllers/Admin/BaseController.php on line 56.
 1 SYSTEMPATH/CodeIgniter.php(904): App\Controllers\Admin\BaseController->initController(Object(CodeIgniter\HTTP\IncomingRequest), Object(CodeIgniter\HTTP\Response), Object(CodeIgniter\Log\Logger))
 2 SYSTEMPATH/CodeIgniter.php(500): CodeIgniter\CodeIgniter->createController()
 3 SYSTEMPATH/CodeIgniter.php(355): CodeIgniter\CodeIgniter->handleRequest(null, Object(Config\Cache), false)
 4 SYSTEMPATH/Boot.php(325): CodeIgniter\CodeIgniter->run()
 5 SYSTEMPATH/Boot.php(67): CodeIgniter\Boot::runCodeIgniter(Object(CodeIgniter\CodeIgniter))
 6 FCPATH/index.php(56): CodeIgniter\Boot::bootWeb(Object(Config\Paths))
INFO - 2025-02-06 09:47:38 --> Session: Class initialized using 'CodeIgniter\Session\Handlers\FileHandler' driver.
WARNING - 2025-02-06 09:47:38 --> [DEPRECATED] Creation of dynamic property App\Controllers\Admin\Category::$session is deprecated in APPPATH/Controllers/Admin/BaseController.php on line 56.
 1 SYSTEMPATH/CodeIgniter.php(904): App\Controllers\Admin\BaseController->initController(Object(CodeIgniter\HTTP\IncomingRequest), Object(CodeIgniter\HTTP\Response), Object(CodeIgniter\Log\Logger))
 2 SYSTEMPATH/CodeIgniter.php(500): CodeIgniter\CodeIgniter->createController()
 3 SYSTEMPATH/CodeIgniter.php(355): CodeIgniter\CodeIgniter->handleRequest(null, Object(Config\Cache), false)
 4 SYSTEMPATH/Boot.php(325): CodeIgniter\CodeIgniter->run()
 5 SYSTEMPATH/Boot.php(67): CodeIgniter\Boot::runCodeIgniter(Object(CodeIgniter\CodeIgniter))
 6 FCPATH/index.php(56): CodeIgniter\Boot::bootWeb(Object(Config\Paths))
INFO - 2025-02-06 09:47:50 --> Session: Class initialized using 'CodeIgniter\Session\Handlers\FileHandler' driver.
WARNING - 2025-02-06 09:47:50 --> [DEPRECATED] Creation of dynamic property App\Controllers\Admin\MySQLQueryExecute::$session is deprecated in APPPATH/Controllers/Admin/BaseController.php on line 56.
 1 SYSTEMPATH/CodeIgniter.php(904): App\Controllers\Admin\BaseController->initController(Object(CodeIgniter\HTTP\IncomingRequest), Object(CodeIgniter\HTTP\Response), Object(CodeIgniter\Log\Logger))
 2 SYSTEMPATH/CodeIgniter.php(500): CodeIgniter\CodeIgniter->createController()
 3 SYSTEMPATH/CodeIgniter.php(355): CodeIgniter\CodeIgniter->handleRequest(null, Object(Config\Cache), false)
 4 SYSTEMPATH/Boot.php(325): CodeIgniter\CodeIgniter->run()
 5 SYSTEMPATH/Boot.php(67): CodeIgniter\Boot::runCodeIgniter(Object(CodeIgniter\CodeIgniter))
 6 FCPATH/index.php(56): CodeIgniter\Boot::bootWeb(Object(Config\Paths))
INFO - 2025-02-06 09:47:56 --> Session: Class initialized using 'CodeIgniter\Session\Handlers\FileHandler' driver.
WARNING - 2025-02-06 09:47:56 --> [DEPRECATED] Creation of dynamic property App\Controllers\Admin\MySQLQueryExecute::$session is deprecated in APPPATH/Controllers/Admin/BaseController.php on line 56.
 1 SYSTEMPATH/CodeIgniter.php(904): App\Controllers\Admin\BaseController->initController(Object(CodeIgniter\HTTP\IncomingRequest), Object(CodeIgniter\HTTP\Response), Object(CodeIgniter\Log\Logger))
 2 SYSTEMPATH/CodeIgniter.php(500): CodeIgniter\CodeIgniter->createController()
 3 SYSTEMPATH/CodeIgniter.php(355): CodeIgniter\CodeIgniter->handleRequest(null, Object(Config\Cache), false)
 4 SYSTEMPATH/Boot.php(325): CodeIgniter\CodeIgniter->run()
 5 SYSTEMPATH/Boot.php(67): CodeIgniter\Boot::runCodeIgniter(Object(CodeIgniter\CodeIgniter))
 6 FCPATH/index.php(56): CodeIgniter\Boot::bootWeb(Object(Config\Paths))
INFO - 2025-02-06 09:47:57 --> Session: Class initialized using 'CodeIgniter\Session\Handlers\FileHandler' driver.
WARNING - 2025-02-06 09:47:57 --> [DEPRECATED] Creation of dynamic property App\Controllers\Admin\MySQLQueryExecute::$session is deprecated in APPPATH/Controllers/Admin/BaseController.php on line 56.
 1 SYSTEMPATH/CodeIgniter.php(904): App\Controllers\Admin\BaseController->initController(Object(CodeIgniter\HTTP\IncomingRequest), Object(CodeIgniter\HTTP\Response), Object(CodeIgniter\Log\Logger))
 2 SYSTEMPATH/CodeIgniter.php(500): CodeIgniter\CodeIgniter->createController()
 3 SYSTEMPATH/CodeIgniter.php(355): CodeIgniter\CodeIgniter->handleRequest(null, Object(Config\Cache), false)
 4 SYSTEMPATH/Boot.php(325): CodeIgniter\CodeIgniter->run()
 5 SYSTEMPATH/Boot.php(67): CodeIgniter\Boot::runCodeIgniter(Object(CodeIgniter\CodeIgniter))
 6 FCPATH/index.php(56): CodeIgniter\Boot::bootWeb(Object(Config\Paths))
INFO - 2025-02-06 09:48:13 --> Session: Class initialized using 'CodeIgniter\Session\Handlers\FileHandler' driver.
INFO - 2025-02-06 16:46:46 --> Session: Class initialized using 'CodeIgniter\Session\Handlers\FileHandler' driver.
INFO - 2025-02-06 16:46:50 --> Session: Class initialized using 'CodeIgniter\Session\Handlers\FileHandler' driver.
INFO - 2025-02-06 16:47:16 --> Session: Class initialized using 'CodeIgniter\Session\Handlers\FileHandler' driver.
INFO - 2025-02-06 16:47:18 --> Session: Class initialized using 'CodeIgniter\Session\Handlers\FileHandler' driver.
INFO - 2025-02-06 16:47:21 --> Session: Class initialized using 'CodeIgniter\Session\Handlers\FileHandler' driver.
INFO - 2025-02-06 16:47:21 --> Session: Class initialized using 'CodeIgniter\Session\Handlers\FileHandler' driver.
WARNING - 2025-02-06 16:47:21 --> [DEPRECATED] Creation of dynamic property App\Controllers\User\User::$data is deprecated in APPPATH/Controllers/User/BaseController.php on line 58.
 1 SYSTEMPATH/CodeIgniter.php(904): App\Controllers\User\BaseController->initController(Object(CodeIgniter\HTTP\IncomingRequest), Object(CodeIgniter\HTTP\Response), Object(CodeIgniter\Log\Logger))
 2 SYSTEMPATH/CodeIgniter.php(500): CodeIgniter\CodeIgniter->createController()
 3 SYSTEMPATH/CodeIgniter.php(355): CodeIgniter\CodeIgniter->handleRequest(null, Object(Config\Cache), false)
 4 SYSTEMPATH/Boot.php(325): CodeIgniter\CodeIgniter->run()
 5 SYSTEMPATH/Boot.php(67): CodeIgniter\Boot::runCodeIgniter(Object(CodeIgniter\CodeIgniter))
 6 FCPATH/index.php(56): CodeIgniter\Boot::bootWeb(Object(Config\Paths))
INFO - 2025-02-06 16:47:30 --> Session: Class initialized using 'CodeIgniter\Session\Handlers\FileHandler' driver.
WARNING - 2025-02-06 16:47:30 --> [DEPRECATED] Creation of dynamic property App\Controllers\Admin\Image::$session is deprecated in APPPATH/Controllers/Admin/BaseController.php on line 56.
 1 SYSTEMPATH/CodeIgniter.php(904): App\Controllers\Admin\BaseController->initController(Object(CodeIgniter\HTTP\IncomingRequest), Object(CodeIgniter\HTTP\Response), Object(CodeIgniter\Log\Logger))
 2 SYSTEMPATH/CodeIgniter.php(500): CodeIgniter\CodeIgniter->createController()
 3 SYSTEMPATH/CodeIgniter.php(355): CodeIgniter\CodeIgniter->handleRequest(null, Object(Config\Cache), false)
 4 SYSTEMPATH/Boot.php(325): CodeIgniter\CodeIgniter->run()
 5 SYSTEMPATH/Boot.php(67): CodeIgniter\Boot::runCodeIgniter(Object(CodeIgniter\CodeIgniter))
 6 FCPATH/index.php(56): CodeIgniter\Boot::bootWeb(Object(Config\Paths))
INFO - 2025-02-06 16:47:31 --> Session: Class initialized using 'CodeIgniter\Session\Handlers\FileHandler' driver.
WARNING - 2025-02-06 16:47:31 --> [DEPRECATED] Creation of dynamic property App\Controllers\Admin\Category::$session is deprecated in APPPATH/Controllers/Admin/BaseController.php on line 56.
 1 SYSTEMPATH/CodeIgniter.php(904): App\Controllers\Admin\BaseController->initController(Object(CodeIgniter\HTTP\IncomingRequest), Object(CodeIgniter\HTTP\Response), Object(CodeIgniter\Log\Logger))
 2 SYSTEMPATH/CodeIgniter.php(500): CodeIgniter\CodeIgniter->createController()
 3 SYSTEMPATH/CodeIgniter.php(355): CodeIgniter\CodeIgniter->handleRequest(null, Object(Config\Cache), false)
 4 SYSTEMPATH/Boot.php(325): CodeIgniter\CodeIgniter->run()
 5 SYSTEMPATH/Boot.php(67): CodeIgniter\Boot::runCodeIgniter(Object(CodeIgniter\CodeIgniter))
 6 FCPATH/index.php(56): CodeIgniter\Boot::bootWeb(Object(Config\Paths))
INFO - 2025-02-06 16:48:09 --> Session: Class initialized using 'CodeIgniter\Session\Handlers\FileHandler' driver.
INFO - 2025-02-06 16:48:18 --> Session: Class initialized using 'CodeIgniter\Session\Handlers\FileHandler' driver.
INFO - 2025-02-06 16:48:35 --> Session: Class initialized using 'CodeIgniter\Session\Handlers\FileHandler' driver.
INFO - 2025-02-06 16:49:43 --> Session: Class initialized using 'CodeIgniter\Session\Handlers\FileHandler' driver.
INFO - 2025-02-06 16:49:46 --> Session: Class initialized using 'CodeIgniter\Session\Handlers\FileHandler' driver.
INFO - 2025-02-06 16:50:49 --> Session: Class initialized using 'CodeIgniter\Session\Handlers\FileHandler' driver.
INFO - 2025-02-06 16:51:46 --> Session: Class initialized using 'CodeIgniter\Session\Handlers\FileHandler' driver.
INFO - 2025-02-06 16:51:48 --> Session: Class initialized using 'CodeIgniter\Session\Handlers\FileHandler' driver.
INFO - 2025-02-06 20:30:52 --> Session: Class initialized using 'CodeIgniter\Session\Handlers\FileHandler' driver.
INFO - 2025-02-06 20:30:54 --> Session: Class initialized using 'CodeIgniter\Session\Handlers\FileHandler' driver.
INFO - 2025-02-06 20:30:56 --> Session: Class initialized using 'CodeIgniter\Session\Handlers\FileHandler' driver.
INFO - 2025-02-06 20:30:56 --> Session: Class initialized using 'CodeIgniter\Session\Handlers\FileHandler' driver.
WARNING - 2025-02-06 20:30:56 --> [DEPRECATED] Creation of dynamic property App\Controllers\User\User::$data is deprecated in APPPATH/Controllers/User/BaseController.php on line 58.
 1 SYSTEMPATH/CodeIgniter.php(904): App\Controllers\User\BaseController->initController(Object(CodeIgniter\HTTP\IncomingRequest), Object(CodeIgniter\HTTP\Response), Object(CodeIgniter\Log\Logger))
 2 SYSTEMPATH/CodeIgniter.php(500): CodeIgniter\CodeIgniter->createController()
 3 SYSTEMPATH/CodeIgniter.php(355): CodeIgniter\CodeIgniter->handleRequest(null, Object(Config\Cache), false)
 4 SYSTEMPATH/Boot.php(325): CodeIgniter\CodeIgniter->run()
 5 SYSTEMPATH/Boot.php(67): CodeIgniter\Boot::runCodeIgniter(Object(CodeIgniter\CodeIgniter))
 6 FCPATH/index.php(56): CodeIgniter\Boot::bootWeb(Object(Config\Paths))
INFO - 2025-02-06 20:34:35 --> Session: Class initialized using 'CodeIgniter\Session\Handlers\FileHandler' driver.
WARNING - 2025-02-06 20:34:35 --> [DEPRECATED] Creation of dynamic property App\Controllers\User\User::$data is deprecated in APPPATH/Controllers/User/BaseController.php on line 58.
 1 SYSTEMPATH/CodeIgniter.php(904): App\Controllers\User\BaseController->initController(Object(CodeIgniter\HTTP\IncomingRequest), Object(CodeIgniter\HTTP\Response), Object(CodeIgniter\Log\Logger))
 2 SYSTEMPATH/CodeIgniter.php(500): CodeIgniter\CodeIgniter->createController()
 3 SYSTEMPATH/CodeIgniter.php(355): CodeIgniter\CodeIgniter->handleRequest(null, Object(Config\Cache), false)
 4 SYSTEMPATH/Boot.php(325): CodeIgniter\CodeIgniter->run()
 5 SYSTEMPATH/Boot.php(67): CodeIgniter\Boot::runCodeIgniter(Object(CodeIgniter\CodeIgniter))
 6 FCPATH/index.php(56): CodeIgniter\Boot::bootWeb(Object(Config\Paths))
INFO - 2025-02-06 20:34:38 --> Session: Class initialized using 'CodeIgniter\Session\Handlers\FileHandler' driver.
WARNING - 2025-02-06 20:34:38 --> [DEPRECATED] Creation of dynamic property App\Controllers\Admin\TemplateHtml::$session is deprecated in APPPATH/Controllers/Admin/BaseController.php on line 56.
 1 SYSTEMPATH/CodeIgniter.php(904): App\Controllers\Admin\BaseController->initController(Object(CodeIgniter\HTTP\IncomingRequest), Object(CodeIgniter\HTTP\Response), Object(CodeIgniter\Log\Logger))
 2 SYSTEMPATH/CodeIgniter.php(500): CodeIgniter\CodeIgniter->createController()
 3 SYSTEMPATH/CodeIgniter.php(355): CodeIgniter\CodeIgniter->handleRequest(null, Object(Config\Cache), false)
 4 SYSTEMPATH/Boot.php(325): CodeIgniter\CodeIgniter->run()
 5 SYSTEMPATH/Boot.php(67): CodeIgniter\Boot::runCodeIgniter(Object(CodeIgniter\CodeIgniter))
 6 FCPATH/index.php(56): CodeIgniter\Boot::bootWeb(Object(Config\Paths))
INFO - 2025-02-06 20:34:40 --> Session: Class initialized using 'CodeIgniter\Session\Handlers\FileHandler' driver.
WARNING - 2025-02-06 20:34:40 --> [DEPRECATED] Creation of dynamic property App\Controllers\Admin\TemplateHtml::$session is deprecated in APPPATH/Controllers/Admin/BaseController.php on line 56.
 1 SYSTEMPATH/CodeIgniter.php(904): App\Controllers\Admin\BaseController->initController(Object(CodeIgniter\HTTP\IncomingRequest), Object(CodeIgniter\HTTP\Response), Object(CodeIgniter\Log\Logger))
 2 SYSTEMPATH/CodeIgniter.php(500): CodeIgniter\CodeIgniter->createController()
 3 SYSTEMPATH/CodeIgniter.php(355): CodeIgniter\CodeIgniter->handleRequest(null, Object(Config\Cache), false)
 4 SYSTEMPATH/Boot.php(325): CodeIgniter\CodeIgniter->run()
 5 SYSTEMPATH/Boot.php(67): CodeIgniter\Boot::runCodeIgniter(Object(CodeIgniter\CodeIgniter))
 6 FCPATH/index.php(56): CodeIgniter\Boot::bootWeb(Object(Config\Paths))
INFO - 2025-02-06 20:34:43 --> Session: Class initialized using 'CodeIgniter\Session\Handlers\FileHandler' driver.
WARNING - 2025-02-06 20:34:43 --> [DEPRECATED] Creation of dynamic property App\Controllers\Admin\TemplateHtml::$session is deprecated in APPPATH/Controllers/Admin/BaseController.php on line 56.
 1 SYSTEMPATH/CodeIgniter.php(904): App\Controllers\Admin\BaseController->initController(Object(CodeIgniter\HTTP\IncomingRequest), Object(CodeIgniter\HTTP\Response), Object(CodeIgniter\Log\Logger))
 2 SYSTEMPATH/CodeIgniter.php(500): CodeIgniter\CodeIgniter->createController()
 3 SYSTEMPATH/CodeIgniter.php(355): CodeIgniter\CodeIgniter->handleRequest(null, Object(Config\Cache), false)
 4 SYSTEMPATH/Boot.php(325): CodeIgniter\CodeIgniter->run()
 5 SYSTEMPATH/Boot.php(67): CodeIgniter\Boot::runCodeIgniter(Object(CodeIgniter\CodeIgniter))
 6 FCPATH/index.php(56): CodeIgniter\Boot::bootWeb(Object(Config\Paths))
INFO - 2025-02-06 20:34:50 --> Session: Class initialized using 'CodeIgniter\Session\Handlers\FileHandler' driver.
INFO - 2025-02-06 20:35:06 --> Session: Class initialized using 'CodeIgniter\Session\Handlers\FileHandler' driver.
INFO - 2025-02-06 20:35:09 --> Session: Class initialized using 'CodeIgniter\Session\Handlers\FileHandler' driver.
INFO - 2025-02-06 20:35:11 --> Session: Class initialized using 'CodeIgniter\Session\Handlers\FileHandler' driver.
INFO - 2025-02-06 20:35:12 --> Session: Class initialized using 'CodeIgniter\Session\Handlers\FileHandler' driver.
WARNING - 2025-02-06 20:35:12 --> [DEPRECATED] Creation of dynamic property App\Controllers\User\User::$data is deprecated in APPPATH/Controllers/User/BaseController.php on line 58.
 1 SYSTEMPATH/CodeIgniter.php(904): App\Controllers\User\BaseController->initController(Object(CodeIgniter\HTTP\IncomingRequest), Object(CodeIgniter\HTTP\Response), Object(CodeIgniter\Log\Logger))
 2 SYSTEMPATH/CodeIgniter.php(500): CodeIgniter\CodeIgniter->createController()
 3 SYSTEMPATH/CodeIgniter.php(355): CodeIgniter\CodeIgniter->handleRequest(null, Object(Config\Cache), false)
 4 SYSTEMPATH/Boot.php(325): CodeIgniter\CodeIgniter->run()
 5 SYSTEMPATH/Boot.php(67): CodeIgniter\Boot::runCodeIgniter(Object(CodeIgniter\CodeIgniter))
 6 FCPATH/index.php(56): CodeIgniter\Boot::bootWeb(Object(Config\Paths))
INFO - 2025-02-06 20:35:15 --> Session: Class initialized using 'CodeIgniter\Session\Handlers\FileHandler' driver.
WARNING - 2025-02-06 20:35:15 --> [DEPRECATED] Creation of dynamic property App\Controllers\Admin\TemplateHtml::$session is deprecated in APPPATH/Controllers/Admin/BaseController.php on line 56.
 1 SYSTEMPATH/CodeIgniter.php(904): App\Controllers\Admin\BaseController->initController(Object(CodeIgniter\HTTP\IncomingRequest), Object(CodeIgniter\HTTP\Response), Object(CodeIgniter\Log\Logger))
 2 SYSTEMPATH/CodeIgniter.php(500): CodeIgniter\CodeIgniter->createController()
 3 SYSTEMPATH/CodeIgniter.php(355): CodeIgniter\CodeIgniter->handleRequest(null, Object(Config\Cache), false)
 4 SYSTEMPATH/Boot.php(325): CodeIgniter\CodeIgniter->run()
 5 SYSTEMPATH/Boot.php(67): CodeIgniter\Boot::runCodeIgniter(Object(CodeIgniter\CodeIgniter))
 6 FCPATH/index.php(56): CodeIgniter\Boot::bootWeb(Object(Config\Paths))
INFO - 2025-02-06 20:35:17 --> Session: Class initialized using 'CodeIgniter\Session\Handlers\FileHandler' driver.
WARNING - 2025-02-06 20:35:17 --> [DEPRECATED] Creation of dynamic property App\Controllers\Admin\TemplateHtml::$session is deprecated in APPPATH/Controllers/Admin/BaseController.php on line 56.
 1 SYSTEMPATH/CodeIgniter.php(904): App\Controllers\Admin\BaseController->initController(Object(CodeIgniter\HTTP\IncomingRequest), Object(CodeIgniter\HTTP\Response), Object(CodeIgniter\Log\Logger))
 2 SYSTEMPATH/CodeIgniter.php(500): CodeIgniter\CodeIgniter->createController()
 3 SYSTEMPATH/CodeIgniter.php(355): CodeIgniter\CodeIgniter->handleRequest(null, Object(Config\Cache), false)
 4 SYSTEMPATH/Boot.php(325): CodeIgniter\CodeIgniter->run()
 5 SYSTEMPATH/Boot.php(67): CodeIgniter\Boot::runCodeIgniter(Object(CodeIgniter\CodeIgniter))
 6 FCPATH/index.php(56): CodeIgniter\Boot::bootWeb(Object(Config\Paths))
INFO - 2025-02-06 20:35:19 --> Session: Class initialized using 'CodeIgniter\Session\Handlers\FileHandler' driver.
WARNING - 2025-02-06 20:35:19 --> [DEPRECATED] Creation of dynamic property App\Controllers\Admin\TemplateHtml::$session is deprecated in APPPATH/Controllers/Admin/BaseController.php on line 56.
 1 SYSTEMPATH/CodeIgniter.php(904): App\Controllers\Admin\BaseController->initController(Object(CodeIgniter\HTTP\IncomingRequest), Object(CodeIgniter\HTTP\Response), Object(CodeIgniter\Log\Logger))
 2 SYSTEMPATH/CodeIgniter.php(500): CodeIgniter\CodeIgniter->createController()
 3 SYSTEMPATH/CodeIgniter.php(355): CodeIgniter\CodeIgniter->handleRequest(null, Object(Config\Cache), false)
 4 SYSTEMPATH/Boot.php(325): CodeIgniter\CodeIgniter->run()
 5 SYSTEMPATH/Boot.php(67): CodeIgniter\Boot::runCodeIgniter(Object(CodeIgniter\CodeIgniter))
 6 FCPATH/index.php(56): CodeIgniter\Boot::bootWeb(Object(Config\Paths))
INFO - 2025-02-06 20:35:32 --> Session: Class initialized using 'CodeIgniter\Session\Handlers\FileHandler' driver.
WARNING - 2025-02-06 20:35:32 --> [DEPRECATED] Creation of dynamic property App\Controllers\Admin\Course::$session is deprecated in APPPATH/Controllers/Admin/BaseController.php on line 56.
 1 SYSTEMPATH/CodeIgniter.php(904): App\Controllers\Admin\BaseController->initController(Object(CodeIgniter\HTTP\IncomingRequest), Object(CodeIgniter\HTTP\Response), Object(CodeIgniter\Log\Logger))
 2 SYSTEMPATH/CodeIgniter.php(500): CodeIgniter\CodeIgniter->createController()
 3 SYSTEMPATH/CodeIgniter.php(355): CodeIgniter\CodeIgniter->handleRequest(null, Object(Config\Cache), false)
 4 SYSTEMPATH/Boot.php(325): CodeIgniter\CodeIgniter->run()
 5 SYSTEMPATH/Boot.php(67): CodeIgniter\Boot::runCodeIgniter(Object(CodeIgniter\CodeIgniter))
 6 FCPATH/index.php(56): CodeIgniter\Boot::bootWeb(Object(Config\Paths))
INFO - 2025-02-06 20:35:33 --> Session: Class initialized using 'CodeIgniter\Session\Handlers\FileHandler' driver.
WARNING - 2025-02-06 20:35:33 --> [DEPRECATED] Creation of dynamic property App\Controllers\Admin\Category::$session is deprecated in APPPATH/Controllers/Admin/BaseController.php on line 56.
 1 SYSTEMPATH/CodeIgniter.php(904): App\Controllers\Admin\BaseController->initController(Object(CodeIgniter\HTTP\IncomingRequest), Object(CodeIgniter\HTTP\Response), Object(CodeIgniter\Log\Logger))
 2 SYSTEMPATH/CodeIgniter.php(500): CodeIgniter\CodeIgniter->createController()
 3 SYSTEMPATH/CodeIgniter.php(355): CodeIgniter\CodeIgniter->handleRequest(null, Object(Config\Cache), false)
 4 SYSTEMPATH/Boot.php(325): CodeIgniter\CodeIgniter->run()
 5 SYSTEMPATH/Boot.php(67): CodeIgniter\Boot::runCodeIgniter(Object(CodeIgniter\CodeIgniter))
 6 FCPATH/index.php(56): CodeIgniter\Boot::bootWeb(Object(Config\Paths))
INFO - 2025-02-06 20:35:39 --> Session: Class initialized using 'CodeIgniter\Session\Handlers\FileHandler' driver.
WARNING - 2025-02-06 20:35:39 --> [DEPRECATED] Creation of dynamic property App\Controllers\Admin\TemplateHtml::$session is deprecated in APPPATH/Controllers/Admin/BaseController.php on line 56.
 1 SYSTEMPATH/CodeIgniter.php(904): App\Controllers\Admin\BaseController->initController(Object(CodeIgniter\HTTP\IncomingRequest), Object(CodeIgniter\HTTP\Response), Object(CodeIgniter\Log\Logger))
 2 SYSTEMPATH/CodeIgniter.php(500): CodeIgniter\CodeIgniter->createController()
 3 SYSTEMPATH/CodeIgniter.php(355): CodeIgniter\CodeIgniter->handleRequest(null, Object(Config\Cache), false)
 4 SYSTEMPATH/Boot.php(325): CodeIgniter\CodeIgniter->run()
 5 SYSTEMPATH/Boot.php(67): CodeIgniter\Boot::runCodeIgniter(Object(CodeIgniter\CodeIgniter))
 6 FCPATH/index.php(56): CodeIgniter\Boot::bootWeb(Object(Config\Paths))
INFO - 2025-02-06 20:35:44 --> Session: Class initialized using 'CodeIgniter\Session\Handlers\FileHandler' driver.
WARNING - 2025-02-06 20:35:44 --> [DEPRECATED] Creation of dynamic property App\Controllers\Admin\Course::$session is deprecated in APPPATH/Controllers/Admin/BaseController.php on line 56.
 1 SYSTEMPATH/CodeIgniter.php(904): App\Controllers\Admin\BaseController->initController(Object(CodeIgniter\HTTP\IncomingRequest), Object(CodeIgniter\HTTP\Response), Object(CodeIgniter\Log\Logger))
 2 SYSTEMPATH/CodeIgniter.php(500): CodeIgniter\CodeIgniter->createController()
 3 SYSTEMPATH/CodeIgniter.php(355): CodeIgniter\CodeIgniter->handleRequest(null, Object(Config\Cache), false)
 4 SYSTEMPATH/Boot.php(325): CodeIgniter\CodeIgniter->run()
 5 SYSTEMPATH/Boot.php(67): CodeIgniter\Boot::runCodeIgniter(Object(CodeIgniter\CodeIgniter))
 6 FCPATH/index.php(56): CodeIgniter\Boot::bootWeb(Object(Config\Paths))
INFO - 2025-02-06 20:35:44 --> Session: Class initialized using 'CodeIgniter\Session\Handlers\FileHandler' driver.
WARNING - 2025-02-06 20:35:44 --> [DEPRECATED] Creation of dynamic property App\Controllers\Admin\Course::$session is deprecated in APPPATH/Controllers/Admin/BaseController.php on line 56.
 1 SYSTEMPATH/CodeIgniter.php(904): App\Controllers\Admin\BaseController->initController(Object(CodeIgniter\HTTP\IncomingRequest), Object(CodeIgniter\HTTP\Response), Object(CodeIgniter\Log\Logger))
 2 SYSTEMPATH/CodeIgniter.php(500): CodeIgniter\CodeIgniter->createController()
 3 SYSTEMPATH/CodeIgniter.php(355): CodeIgniter\CodeIgniter->handleRequest(null, Object(Config\Cache), false)
 4 SYSTEMPATH/Boot.php(325): CodeIgniter\CodeIgniter->run()
 5 SYSTEMPATH/Boot.php(67): CodeIgniter\Boot::runCodeIgniter(Object(CodeIgniter\CodeIgniter))
 6 FCPATH/index.php(56): CodeIgniter\Boot::bootWeb(Object(Config\Paths))
INFO - 2025-02-06 20:35:46 --> Session: Class initialized using 'CodeIgniter\Session\Handlers\FileHandler' driver.
INFO - 2025-02-06 20:35:48 --> Session: Class initialized using 'CodeIgniter\Session\Handlers\FileHandler' driver.
INFO - 2025-02-06 20:36:08 --> Session: Class initialized using 'CodeIgniter\Session\Handlers\FileHandler' driver.
INFO - 2025-02-06 20:36:09 --> Session: Class initialized using 'CodeIgniter\Session\Handlers\FileHandler' driver.
INFO - 2025-02-06 20:36:25 --> Session: Class initialized using 'CodeIgniter\Session\Handlers\FileHandler' driver.
INFO - 2025-02-06 20:36:32 --> Session: Class initialized using 'CodeIgniter\Session\Handlers\FileHandler' driver.
WARNING - 2025-02-06 20:36:32 --> [DEPRECATED] Creation of dynamic property App\Controllers\Admin\Course::$session is deprecated in APPPATH/Controllers/Admin/BaseController.php on line 56.
 1 SYSTEMPATH/CodeIgniter.php(904): App\Controllers\Admin\BaseController->initController(Object(CodeIgniter\HTTP\IncomingRequest), Object(CodeIgniter\HTTP\Response), Object(CodeIgniter\Log\Logger))
 2 SYSTEMPATH/CodeIgniter.php(500): CodeIgniter\CodeIgniter->createController()
 3 SYSTEMPATH/CodeIgniter.php(355): CodeIgniter\CodeIgniter->handleRequest(null, Object(Config\Cache), false)
 4 SYSTEMPATH/Boot.php(325): CodeIgniter\CodeIgniter->run()
 5 SYSTEMPATH/Boot.php(67): CodeIgniter\Boot::runCodeIgniter(Object(CodeIgniter\CodeIgniter))
 6 FCPATH/index.php(56): CodeIgniter\Boot::bootWeb(Object(Config\Paths))
INFO - 2025-02-06 20:36:32 --> Session: Class initialized using 'CodeIgniter\Session\Handlers\FileHandler' driver.
WARNING - 2025-02-06 20:36:32 --> [DEPRECATED] Creation of dynamic property App\Controllers\Admin\Category::$session is deprecated in APPPATH/Controllers/Admin/BaseController.php on line 56.
 1 SYSTEMPATH/CodeIgniter.php(904): App\Controllers\Admin\BaseController->initController(Object(CodeIgniter\HTTP\IncomingRequest), Object(CodeIgniter\HTTP\Response), Object(CodeIgniter\Log\Logger))
 2 SYSTEMPATH/CodeIgniter.php(500): CodeIgniter\CodeIgniter->createController()
 3 SYSTEMPATH/CodeIgniter.php(355): CodeIgniter\CodeIgniter->handleRequest(null, Object(Config\Cache), false)
 4 SYSTEMPATH/Boot.php(325): CodeIgniter\CodeIgniter->run()
 5 SYSTEMPATH/Boot.php(67): CodeIgniter\Boot::runCodeIgniter(Object(CodeIgniter\CodeIgniter))
 6 FCPATH/index.php(56): CodeIgniter\Boot::bootWeb(Object(Config\Paths))
INFO - 2025-02-06 20:36:33 --> Session: Class initialized using 'CodeIgniter\Session\Handlers\FileHandler' driver.
WARNING - 2025-02-06 20:36:33 --> [DEPRECATED] Creation of dynamic property App\Controllers\Admin\Course::$session is deprecated in APPPATH/Controllers/Admin/BaseController.php on line 56.
 1 SYSTEMPATH/CodeIgniter.php(904): App\Controllers\Admin\BaseController->initController(Object(CodeIgniter\HTTP\IncomingRequest), Object(CodeIgniter\HTTP\Response), Object(CodeIgniter\Log\Logger))
 2 SYSTEMPATH/CodeIgniter.php(500): CodeIgniter\CodeIgniter->createController()
 3 SYSTEMPATH/CodeIgniter.php(355): CodeIgniter\CodeIgniter->handleRequest(null, Object(Config\Cache), false)
 4 SYSTEMPATH/Boot.php(325): CodeIgniter\CodeIgniter->run()
 5 SYSTEMPATH/Boot.php(67): CodeIgniter\Boot::runCodeIgniter(Object(CodeIgniter\CodeIgniter))
 6 FCPATH/index.php(56): CodeIgniter\Boot::bootWeb(Object(Config\Paths))
INFO - 2025-02-06 20:36:36 --> Session: Class initialized using 'CodeIgniter\Session\Handlers\FileHandler' driver.
WARNING - 2025-02-06 20:36:36 --> [DEPRECATED] Creation of dynamic property App\Controllers\Admin\Course::$session is deprecated in APPPATH/Controllers/Admin/BaseController.php on line 56.
 1 SYSTEMPATH/CodeIgniter.php(904): App\Controllers\Admin\BaseController->initController(Object(CodeIgniter\HTTP\IncomingRequest), Object(CodeIgniter\HTTP\Response), Object(CodeIgniter\Log\Logger))
 2 SYSTEMPATH/CodeIgniter.php(500): CodeIgniter\CodeIgniter->createController()
 3 SYSTEMPATH/CodeIgniter.php(355): CodeIgniter\CodeIgniter->handleRequest(null, Object(Config\Cache), false)
 4 SYSTEMPATH/Boot.php(325): CodeIgniter\CodeIgniter->run()
 5 SYSTEMPATH/Boot.php(67): CodeIgniter\Boot::runCodeIgniter(Object(CodeIgniter\CodeIgniter))
 6 FCPATH/index.php(56): CodeIgniter\Boot::bootWeb(Object(Config\Paths))
INFO - 2025-02-06 20:37:05 --> Session: Class initialized using 'CodeIgniter\Session\Handlers\FileHandler' driver.
WARNING - 2025-02-06 20:37:05 --> [DEPRECATED] Creation of dynamic property App\Controllers\Admin\Course::$session is deprecated in APPPATH/Controllers/Admin/BaseController.php on line 56.
 1 SYSTEMPATH/CodeIgniter.php(904): App\Controllers\Admin\BaseController->initController(Object(CodeIgniter\HTTP\IncomingRequest), Object(CodeIgniter\HTTP\Response), Object(CodeIgniter\Log\Logger))
 2 SYSTEMPATH/CodeIgniter.php(500): CodeIgniter\CodeIgniter->createController()
 3 SYSTEMPATH/CodeIgniter.php(355): CodeIgniter\CodeIgniter->handleRequest(null, Object(Config\Cache), false)
 4 SYSTEMPATH/Boot.php(325): CodeIgniter\CodeIgniter->run()
 5 SYSTEMPATH/Boot.php(67): CodeIgniter\Boot::runCodeIgniter(Object(CodeIgniter\CodeIgniter))
 6 FCPATH/index.php(56): CodeIgniter\Boot::bootWeb(Object(Config\Paths))
INFO - 2025-02-06 20:37:07 --> Session: Class initialized using 'CodeIgniter\Session\Handlers\FileHandler' driver.
WARNING - 2025-02-06 20:37:07 --> [DEPRECATED] Creation of dynamic property App\Controllers\Admin\Category::$session is deprecated in APPPATH/Controllers/Admin/BaseController.php on line 56.
 1 SYSTEMPATH/CodeIgniter.php(904): App\Controllers\Admin\BaseController->initController(Object(CodeIgniter\HTTP\IncomingRequest), Object(CodeIgniter\HTTP\Response), Object(CodeIgniter\Log\Logger))
 2 SYSTEMPATH/CodeIgniter.php(500): CodeIgniter\CodeIgniter->createController()
 3 SYSTEMPATH/CodeIgniter.php(355): CodeIgniter\CodeIgniter->handleRequest(null, Object(Config\Cache), false)
 4 SYSTEMPATH/Boot.php(325): CodeIgniter\CodeIgniter->run()
 5 SYSTEMPATH/Boot.php(67): CodeIgniter\Boot::runCodeIgniter(Object(CodeIgniter\CodeIgniter))
 6 FCPATH/index.php(56): CodeIgniter\Boot::bootWeb(Object(Config\Paths))
INFO - 2025-02-06 20:37:09 --> Session: Class initialized using 'CodeIgniter\Session\Handlers\FileHandler' driver.
WARNING - 2025-02-06 20:37:09 --> [DEPRECATED] Creation of dynamic property App\Controllers\Admin\Course::$session is deprecated in APPPATH/Controllers/Admin/BaseController.php on line 56.
 1 SYSTEMPATH/CodeIgniter.php(904): App\Controllers\Admin\BaseController->initController(Object(CodeIgniter\HTTP\IncomingRequest), Object(CodeIgniter\HTTP\Response), Object(CodeIgniter\Log\Logger))
 2 SYSTEMPATH/CodeIgniter.php(500): CodeIgniter\CodeIgniter->createController()
 3 SYSTEMPATH/CodeIgniter.php(355): CodeIgniter\CodeIgniter->handleRequest(null, Object(Config\Cache), false)
 4 SYSTEMPATH/Boot.php(325): CodeIgniter\CodeIgniter->run()
 5 SYSTEMPATH/Boot.php(67): CodeIgniter\Boot::runCodeIgniter(Object(CodeIgniter\CodeIgniter))
 6 FCPATH/index.php(56): CodeIgniter\Boot::bootWeb(Object(Config\Paths))
INFO - 2025-02-06 20:37:12 --> Session: Class initialized using 'CodeIgniter\Session\Handlers\FileHandler' driver.
WARNING - 2025-02-06 20:37:13 --> [DEPRECATED] Creation of dynamic property App\Controllers\Admin\Course::$session is deprecated in APPPATH/Controllers/Admin/BaseController.php on line 56.
 1 SYSTEMPATH/CodeIgniter.php(904): App\Controllers\Admin\BaseController->initController(Object(CodeIgniter\HTTP\IncomingRequest), Object(CodeIgniter\HTTP\Response), Object(CodeIgniter\Log\Logger))
 2 SYSTEMPATH/CodeIgniter.php(500): CodeIgniter\CodeIgniter->createController()
 3 SYSTEMPATH/CodeIgniter.php(355): CodeIgniter\CodeIgniter->handleRequest(null, Object(Config\Cache), false)
 4 SYSTEMPATH/Boot.php(325): CodeIgniter\CodeIgniter->run()
 5 SYSTEMPATH/Boot.php(67): CodeIgniter\Boot::runCodeIgniter(Object(CodeIgniter\CodeIgniter))
 6 FCPATH/index.php(56): CodeIgniter\Boot::bootWeb(Object(Config\Paths))
INFO - 2025-02-06 20:37:31 --> Session: Class initialized using 'CodeIgniter\Session\Handlers\FileHandler' driver.
WARNING - 2025-02-06 20:37:31 --> [DEPRECATED] Creation of dynamic property App\Controllers\Admin\Course::$session is deprecated in APPPATH/Controllers/Admin/BaseController.php on line 56.
 1 SYSTEMPATH/CodeIgniter.php(904): App\Controllers\Admin\BaseController->initController(Object(CodeIgniter\HTTP\IncomingRequest), Object(CodeIgniter\HTTP\Response), Object(CodeIgniter\Log\Logger))
 2 SYSTEMPATH/CodeIgniter.php(500): CodeIgniter\CodeIgniter->createController()
 3 SYSTEMPATH/CodeIgniter.php(355): CodeIgniter\CodeIgniter->handleRequest(null, Object(Config\Cache), false)
 4 SYSTEMPATH/Boot.php(325): CodeIgniter\CodeIgniter->run()
 5 SYSTEMPATH/Boot.php(67): CodeIgniter\Boot::runCodeIgniter(Object(CodeIgniter\CodeIgniter))
 6 FCPATH/index.php(56): CodeIgniter\Boot::bootWeb(Object(Config\Paths))
INFO - 2025-02-06 20:37:36 --> Session: Class initialized using 'CodeIgniter\Session\Handlers\FileHandler' driver.
WARNING - 2025-02-06 20:37:36 --> [DEPRECATED] Creation of dynamic property App\Controllers\Admin\Category::$session is deprecated in APPPATH/Controllers/Admin/BaseController.php on line 56.
 1 SYSTEMPATH/CodeIgniter.php(904): App\Controllers\Admin\BaseController->initController(Object(CodeIgniter\HTTP\IncomingRequest), Object(CodeIgniter\HTTP\Response), Object(CodeIgniter\Log\Logger))
 2 SYSTEMPATH/CodeIgniter.php(500): CodeIgniter\CodeIgniter->createController()
 3 SYSTEMPATH/CodeIgniter.php(355): CodeIgniter\CodeIgniter->handleRequest(null, Object(Config\Cache), false)
 4 SYSTEMPATH/Boot.php(325): CodeIgniter\CodeIgniter->run()
 5 SYSTEMPATH/Boot.php(67): CodeIgniter\Boot::runCodeIgniter(Object(CodeIgniter\CodeIgniter))
 6 FCPATH/index.php(56): CodeIgniter\Boot::bootWeb(Object(Config\Paths))
INFO - 2025-02-06 20:37:36 --> Session: Class initialized using 'CodeIgniter\Session\Handlers\FileHandler' driver.
WARNING - 2025-02-06 20:37:36 --> [DEPRECATED] Creation of dynamic property App\Controllers\Admin\Course::$session is deprecated in APPPATH/Controllers/Admin/BaseController.php on line 56.
 1 SYSTEMPATH/CodeIgniter.php(904): App\Controllers\Admin\BaseController->initController(Object(CodeIgniter\HTTP\IncomingRequest), Object(CodeIgniter\HTTP\Response), Object(CodeIgniter\Log\Logger))
 2 SYSTEMPATH/CodeIgniter.php(500): CodeIgniter\CodeIgniter->createController()
 3 SYSTEMPATH/CodeIgniter.php(355): CodeIgniter\CodeIgniter->handleRequest(null, Object(Config\Cache), false)
 4 SYSTEMPATH/Boot.php(325): CodeIgniter\CodeIgniter->run()
 5 SYSTEMPATH/Boot.php(67): CodeIgniter\Boot::runCodeIgniter(Object(CodeIgniter\CodeIgniter))
 6 FCPATH/index.php(56): CodeIgniter\Boot::bootWeb(Object(Config\Paths))
INFO - 2025-02-06 20:37:38 --> Session: Class initialized using 'CodeIgniter\Session\Handlers\FileHandler' driver.
WARNING - 2025-02-06 20:37:38 --> [DEPRECATED] Creation of dynamic property App\Controllers\Admin\Course::$session is deprecated in APPPATH/Controllers/Admin/BaseController.php on line 56.
 1 SYSTEMPATH/CodeIgniter.php(904): App\Controllers\Admin\BaseController->initController(Object(CodeIgniter\HTTP\IncomingRequest), Object(CodeIgniter\HTTP\Response), Object(CodeIgniter\Log\Logger))
 2 SYSTEMPATH/CodeIgniter.php(500): CodeIgniter\CodeIgniter->createController()
 3 SYSTEMPATH/CodeIgniter.php(355): CodeIgniter\CodeIgniter->handleRequest(null, Object(Config\Cache), false)
 4 SYSTEMPATH/Boot.php(325): CodeIgniter\CodeIgniter->run()
 5 SYSTEMPATH/Boot.php(67): CodeIgniter\Boot::runCodeIgniter(Object(CodeIgniter\CodeIgniter))
 6 FCPATH/index.php(56): CodeIgniter\Boot::bootWeb(Object(Config\Paths))
INFO - 2025-02-06 20:37:44 --> Session: Class initialized using 'CodeIgniter\Session\Handlers\FileHandler' driver.
WARNING - 2025-02-06 20:37:44 --> [DEPRECATED] Creation of dynamic property App\Controllers\Admin\TemplateHtml::$session is deprecated in APPPATH/Controllers/Admin/BaseController.php on line 56.
 1 SYSTEMPATH/CodeIgniter.php(904): App\Controllers\Admin\BaseController->initController(Object(CodeIgniter\HTTP\IncomingRequest), Object(CodeIgniter\HTTP\Response), Object(CodeIgniter\Log\Logger))
 2 SYSTEMPATH/CodeIgniter.php(500): CodeIgniter\CodeIgniter->createController()
 3 SYSTEMPATH/CodeIgniter.php(355): CodeIgniter\CodeIgniter->handleRequest(null, Object(Config\Cache), false)
 4 SYSTEMPATH/Boot.php(325): CodeIgniter\CodeIgniter->run()
 5 SYSTEMPATH/Boot.php(67): CodeIgniter\Boot::runCodeIgniter(Object(CodeIgniter\CodeIgniter))
 6 FCPATH/index.php(56): CodeIgniter\Boot::bootWeb(Object(Config\Paths))
INFO - 2025-02-06 20:42:34 --> Session: Class initialized using 'CodeIgniter\Session\Handlers\FileHandler' driver.
WARNING - 2025-02-06 20:42:34 --> [DEPRECATED] Creation of dynamic property App\Controllers\Admin\Course::$session is deprecated in APPPATH/Controllers/Admin/BaseController.php on line 56.
 1 SYSTEMPATH/CodeIgniter.php(904): App\Controllers\Admin\BaseController->initController(Object(CodeIgniter\HTTP\IncomingRequest), Object(CodeIgniter\HTTP\Response), Object(CodeIgniter\Log\Logger))
 2 SYSTEMPATH/CodeIgniter.php(500): CodeIgniter\CodeIgniter->createController()
 3 SYSTEMPATH/CodeIgniter.php(355): CodeIgniter\CodeIgniter->handleRequest(null, Object(Config\Cache), false)
 4 SYSTEMPATH/Boot.php(325): CodeIgniter\CodeIgniter->run()
 5 SYSTEMPATH/Boot.php(67): CodeIgniter\Boot::runCodeIgniter(Object(CodeIgniter\CodeIgniter))
 6 FCPATH/index.php(56): CodeIgniter\Boot::bootWeb(Object(Config\Paths))
INFO - 2025-02-06 20:42:35 --> Session: Class initialized using 'CodeIgniter\Session\Handlers\FileHandler' driver.
WARNING - 2025-02-06 20:42:35 --> [DEPRECATED] Creation of dynamic property App\Controllers\Admin\Course::$session is deprecated in APPPATH/Controllers/Admin/BaseController.php on line 56.
 1 SYSTEMPATH/CodeIgniter.php(904): App\Controllers\Admin\BaseController->initController(Object(CodeIgniter\HTTP\IncomingRequest), Object(CodeIgniter\HTTP\Response), Object(CodeIgniter\Log\Logger))
 2 SYSTEMPATH/CodeIgniter.php(500): CodeIgniter\CodeIgniter->createController()
 3 SYSTEMPATH/CodeIgniter.php(355): CodeIgniter\CodeIgniter->handleRequest(null, Object(Config\Cache), false)
 4 SYSTEMPATH/Boot.php(325): CodeIgniter\CodeIgniter->run()
 5 SYSTEMPATH/Boot.php(67): CodeIgniter\Boot::runCodeIgniter(Object(CodeIgniter\CodeIgniter))
 6 FCPATH/index.php(56): CodeIgniter\Boot::bootWeb(Object(Config\Paths))
INFO - 2025-02-06 20:42:37 --> Session: Class initialized using 'CodeIgniter\Session\Handlers\FileHandler' driver.
INFO - 2025-02-06 20:42:39 --> Session: Class initialized using 'CodeIgniter\Session\Handlers\FileHandler' driver.
INFO - 2025-02-06 20:42:45 --> Session: Class initialized using 'CodeIgniter\Session\Handlers\FileHandler' driver.
WARNING - 2025-02-06 20:42:45 --> [DEPRECATED] Creation of dynamic property App\Controllers\Admin\Course::$session is deprecated in APPPATH/Controllers/Admin/BaseController.php on line 56.
 1 SYSTEMPATH/CodeIgniter.php(904): App\Controllers\Admin\BaseController->initController(Object(CodeIgniter\HTTP\IncomingRequest), Object(CodeIgniter\HTTP\Response), Object(CodeIgniter\Log\Logger))
 2 SYSTEMPATH/CodeIgniter.php(500): CodeIgniter\CodeIgniter->createController()
 3 SYSTEMPATH/CodeIgniter.php(355): CodeIgniter\CodeIgniter->handleRequest(null, Object(Config\Cache), false)
 4 SYSTEMPATH/Boot.php(325): CodeIgniter\CodeIgniter->run()
 5 SYSTEMPATH/Boot.php(67): CodeIgniter\Boot::runCodeIgniter(Object(CodeIgniter\CodeIgniter))
 6 FCPATH/index.php(56): CodeIgniter\Boot::bootWeb(Object(Config\Paths))
INFO - 2025-02-06 20:42:45 --> Session: Class initialized using 'CodeIgniter\Session\Handlers\FileHandler' driver.
WARNING - 2025-02-06 20:42:46 --> [DEPRECATED] Creation of dynamic property App\Controllers\Admin\Category::$session is deprecated in APPPATH/Controllers/Admin/BaseController.php on line 56.
 1 SYSTEMPATH/CodeIgniter.php(904): App\Controllers\Admin\BaseController->initController(Object(CodeIgniter\HTTP\IncomingRequest), Object(CodeIgniter\HTTP\Response), Object(CodeIgniter\Log\Logger))
 2 SYSTEMPATH/CodeIgniter.php(500): CodeIgniter\CodeIgniter->createController()
 3 SYSTEMPATH/CodeIgniter.php(355): CodeIgniter\CodeIgniter->handleRequest(null, Object(Config\Cache), false)
 4 SYSTEMPATH/Boot.php(325): CodeIgniter\CodeIgniter->run()
 5 SYSTEMPATH/Boot.php(67): CodeIgniter\Boot::runCodeIgniter(Object(CodeIgniter\CodeIgniter))
 6 FCPATH/index.php(56): CodeIgniter\Boot::bootWeb(Object(Config\Paths))
INFO - 2025-02-06 20:42:46 --> Session: Class initialized using 'CodeIgniter\Session\Handlers\FileHandler' driver.
WARNING - 2025-02-06 20:42:46 --> [DEPRECATED] Creation of dynamic property App\Controllers\Admin\Course::$session is deprecated in APPPATH/Controllers/Admin/BaseController.php on line 56.
 1 SYSTEMPATH/CodeIgniter.php(904): App\Controllers\Admin\BaseController->initController(Object(CodeIgniter\HTTP\IncomingRequest), Object(CodeIgniter\HTTP\Response), Object(CodeIgniter\Log\Logger))
 2 SYSTEMPATH/CodeIgniter.php(500): CodeIgniter\CodeIgniter->createController()
 3 SYSTEMPATH/CodeIgniter.php(355): CodeIgniter\CodeIgniter->handleRequest(null, Object(Config\Cache), false)
 4 SYSTEMPATH/Boot.php(325): CodeIgniter\CodeIgniter->run()
 5 SYSTEMPATH/Boot.php(67): CodeIgniter\Boot::runCodeIgniter(Object(CodeIgniter\CodeIgniter))
 6 FCPATH/index.php(56): CodeIgniter\Boot::bootWeb(Object(Config\Paths))
INFO - 2025-02-06 20:42:48 --> Session: Class initialized using 'CodeIgniter\Session\Handlers\FileHandler' driver.
WARNING - 2025-02-06 20:42:48 --> [DEPRECATED] Creation of dynamic property App\Controllers\Admin\Course::$session is deprecated in APPPATH/Controllers/Admin/BaseController.php on line 56.
 1 SYSTEMPATH/CodeIgniter.php(904): App\Controllers\Admin\BaseController->initController(Object(CodeIgniter\HTTP\IncomingRequest), Object(CodeIgniter\HTTP\Response), Object(CodeIgniter\Log\Logger))
 2 SYSTEMPATH/CodeIgniter.php(500): CodeIgniter\CodeIgniter->createController()
 3 SYSTEMPATH/CodeIgniter.php(355): CodeIgniter\CodeIgniter->handleRequest(null, Object(Config\Cache), false)
 4 SYSTEMPATH/Boot.php(325): CodeIgniter\CodeIgniter->run()
 5 SYSTEMPATH/Boot.php(67): CodeIgniter\Boot::runCodeIgniter(Object(CodeIgniter\CodeIgniter))
 6 FCPATH/index.php(56): CodeIgniter\Boot::bootWeb(Object(Config\Paths))
INFO - 2025-02-06 20:43:44 --> Session: Class initialized using 'CodeIgniter\Session\Handlers\FileHandler' driver.
WARNING - 2025-02-06 20:43:44 --> [DEPRECATED] Creation of dynamic property App\Controllers\Admin\Course::$session is deprecated in APPPATH/Controllers/Admin/BaseController.php on line 56.
 1 SYSTEMPATH/CodeIgniter.php(904): App\Controllers\Admin\BaseController->initController(Object(CodeIgniter\HTTP\IncomingRequest), Object(CodeIgniter\HTTP\Response), Object(CodeIgniter\Log\Logger))
 2 SYSTEMPATH/CodeIgniter.php(500): CodeIgniter\CodeIgniter->createController()
 3 SYSTEMPATH/CodeIgniter.php(355): CodeIgniter\CodeIgniter->handleRequest(null, Object(Config\Cache), false)
 4 SYSTEMPATH/Boot.php(325): CodeIgniter\CodeIgniter->run()
 5 SYSTEMPATH/Boot.php(67): CodeIgniter\Boot::runCodeIgniter(Object(CodeIgniter\CodeIgniter))
 6 FCPATH/index.php(56): CodeIgniter\Boot::bootWeb(Object(Config\Paths))
INFO - 2025-02-06 20:43:45 --> Session: Class initialized using 'CodeIgniter\Session\Handlers\FileHandler' driver.
WARNING - 2025-02-06 20:43:45 --> [DEPRECATED] Creation of dynamic property App\Controllers\Admin\Course::$session is deprecated in APPPATH/Controllers/Admin/BaseController.php on line 56.
 1 SYSTEMPATH/CodeIgniter.php(904): App\Controllers\Admin\BaseController->initController(Object(CodeIgniter\HTTP\IncomingRequest), Object(CodeIgniter\HTTP\Response), Object(CodeIgniter\Log\Logger))
 2 SYSTEMPATH/CodeIgniter.php(500): CodeIgniter\CodeIgniter->createController()
 3 SYSTEMPATH/CodeIgniter.php(355): CodeIgniter\CodeIgniter->handleRequest(null, Object(Config\Cache), false)
 4 SYSTEMPATH/Boot.php(325): CodeIgniter\CodeIgniter->run()
 5 SYSTEMPATH/Boot.php(67): CodeIgniter\Boot::runCodeIgniter(Object(CodeIgniter\CodeIgniter))
 6 FCPATH/index.php(56): CodeIgniter\Boot::bootWeb(Object(Config\Paths))
INFO - 2025-02-06 20:43:46 --> Session: Class initialized using 'CodeIgniter\Session\Handlers\FileHandler' driver.
INFO - 2025-02-06 20:43:48 --> Session: Class initialized using 'CodeIgniter\Session\Handlers\FileHandler' driver.
INFO - 2025-02-06 20:44:17 --> Session: Class initialized using 'CodeIgniter\Session\Handlers\FileHandler' driver.
WARNING - 2025-02-06 20:44:17 --> [DEPRECATED] Creation of dynamic property App\Controllers\Admin\Course::$session is deprecated in APPPATH/Controllers/Admin/BaseController.php on line 56.
 1 SYSTEMPATH/CodeIgniter.php(904): App\Controllers\Admin\BaseController->initController(Object(CodeIgniter\HTTP\IncomingRequest), Object(CodeIgniter\HTTP\Response), Object(CodeIgniter\Log\Logger))
 2 SYSTEMPATH/CodeIgniter.php(500): CodeIgniter\CodeIgniter->createController()
 3 SYSTEMPATH/CodeIgniter.php(355): CodeIgniter\CodeIgniter->handleRequest(null, Object(Config\Cache), false)
 4 SYSTEMPATH/Boot.php(325): CodeIgniter\CodeIgniter->run()
 5 SYSTEMPATH/Boot.php(67): CodeIgniter\Boot::runCodeIgniter(Object(CodeIgniter\CodeIgniter))
 6 FCPATH/index.php(56): CodeIgniter\Boot::bootWeb(Object(Config\Paths))
INFO - 2025-02-06 20:44:17 --> Session: Class initialized using 'CodeIgniter\Session\Handlers\FileHandler' driver.
WARNING - 2025-02-06 20:44:17 --> [DEPRECATED] Creation of dynamic property App\Controllers\Admin\Category::$session is deprecated in APPPATH/Controllers/Admin/BaseController.php on line 56.
 1 SYSTEMPATH/CodeIgniter.php(904): App\Controllers\Admin\BaseController->initController(Object(CodeIgniter\HTTP\IncomingRequest), Object(CodeIgniter\HTTP\Response), Object(CodeIgniter\Log\Logger))
 2 SYSTEMPATH/CodeIgniter.php(500): CodeIgniter\CodeIgniter->createController()
 3 SYSTEMPATH/CodeIgniter.php(355): CodeIgniter\CodeIgniter->handleRequest(null, Object(Config\Cache), false)
 4 SYSTEMPATH/Boot.php(325): CodeIgniter\CodeIgniter->run()
 5 SYSTEMPATH/Boot.php(67): CodeIgniter\Boot::runCodeIgniter(Object(CodeIgniter\CodeIgniter))
 6 FCPATH/index.php(56): CodeIgniter\Boot::bootWeb(Object(Config\Paths))
INFO - 2025-02-06 20:44:18 --> Session: Class initialized using 'CodeIgniter\Session\Handlers\FileHandler' driver.
WARNING - 2025-02-06 20:44:18 --> [DEPRECATED] Creation of dynamic property App\Controllers\Admin\Course::$session is deprecated in APPPATH/Controllers/Admin/BaseController.php on line 56.
 1 SYSTEMPATH/CodeIgniter.php(904): App\Controllers\Admin\BaseController->initController(Object(CodeIgniter\HTTP\IncomingRequest), Object(CodeIgniter\HTTP\Response), Object(CodeIgniter\Log\Logger))
 2 SYSTEMPATH/CodeIgniter.php(500): CodeIgniter\CodeIgniter->createController()
 3 SYSTEMPATH/CodeIgniter.php(355): CodeIgniter\CodeIgniter->handleRequest(null, Object(Config\Cache), false)
 4 SYSTEMPATH/Boot.php(325): CodeIgniter\CodeIgniter->run()
 5 SYSTEMPATH/Boot.php(67): CodeIgniter\Boot::runCodeIgniter(Object(CodeIgniter\CodeIgniter))
 6 FCPATH/index.php(56): CodeIgniter\Boot::bootWeb(Object(Config\Paths))
INFO - 2025-02-06 20:44:21 --> Session: Class initialized using 'CodeIgniter\Session\Handlers\FileHandler' driver.
WARNING - 2025-02-06 20:44:21 --> [DEPRECATED] Creation of dynamic property App\Controllers\Admin\Course::$session is deprecated in APPPATH/Controllers/Admin/BaseController.php on line 56.
 1 SYSTEMPATH/CodeIgniter.php(904): App\Controllers\Admin\BaseController->initController(Object(CodeIgniter\HTTP\IncomingRequest), Object(CodeIgniter\HTTP\Response), Object(CodeIgniter\Log\Logger))
 2 SYSTEMPATH/CodeIgniter.php(500): CodeIgniter\CodeIgniter->createController()
 3 SYSTEMPATH/CodeIgniter.php(355): CodeIgniter\CodeIgniter->handleRequest(null, Object(Config\Cache), false)
 4 SYSTEMPATH/Boot.php(325): CodeIgniter\CodeIgniter->run()
 5 SYSTEMPATH/Boot.php(67): CodeIgniter\Boot::runCodeIgniter(Object(CodeIgniter\CodeIgniter))
 6 FCPATH/index.php(56): CodeIgniter\Boot::bootWeb(Object(Config\Paths))
INFO - 2025-02-06 20:48:06 --> Session: Class initialized using 'CodeIgniter\Session\Handlers\FileHandler' driver.
WARNING - 2025-02-06 20:48:06 --> [DEPRECATED] Creation of dynamic property App\Controllers\Admin\Course::$session is deprecated in APPPATH/Controllers/Admin/BaseController.php on line 56.
 1 SYSTEMPATH/CodeIgniter.php(904): App\Controllers\Admin\BaseController->initController(Object(CodeIgniter\HTTP\IncomingRequest), Object(CodeIgniter\HTTP\Response), Object(CodeIgniter\Log\Logger))
 2 SYSTEMPATH/CodeIgniter.php(500): CodeIgniter\CodeIgniter->createController()
 3 SYSTEMPATH/CodeIgniter.php(355): CodeIgniter\CodeIgniter->handleRequest(null, Object(Config\Cache), false)
 4 SYSTEMPATH/Boot.php(325): CodeIgniter\CodeIgniter->run()
 5 SYSTEMPATH/Boot.php(67): CodeIgniter\Boot::runCodeIgniter(Object(CodeIgniter\CodeIgniter))
 6 FCPATH/index.php(56): CodeIgniter\Boot::bootWeb(Object(Config\Paths))
INFO - 2025-02-06 20:48:06 --> Session: Class initialized using 'CodeIgniter\Session\Handlers\FileHandler' driver.
WARNING - 2025-02-06 20:48:06 --> [DEPRECATED] Creation of dynamic property App\Controllers\Admin\Course::$session is deprecated in APPPATH/Controllers/Admin/BaseController.php on line 56.
 1 SYSTEMPATH/CodeIgniter.php(904): App\Controllers\Admin\BaseController->initController(Object(CodeIgniter\HTTP\IncomingRequest), Object(CodeIgniter\HTTP\Response), Object(CodeIgniter\Log\Logger))
 2 SYSTEMPATH/CodeIgniter.php(500): CodeIgniter\CodeIgniter->createController()
 3 SYSTEMPATH/CodeIgniter.php(355): CodeIgniter\CodeIgniter->handleRequest(null, Object(Config\Cache), false)
 4 SYSTEMPATH/Boot.php(325): CodeIgniter\CodeIgniter->run()
 5 SYSTEMPATH/Boot.php(67): CodeIgniter\Boot::runCodeIgniter(Object(CodeIgniter\CodeIgniter))
 6 FCPATH/index.php(56): CodeIgniter\Boot::bootWeb(Object(Config\Paths))
INFO - 2025-02-06 20:48:08 --> Session: Class initialized using 'CodeIgniter\Session\Handlers\FileHandler' driver.
INFO - 2025-02-06 20:48:10 --> Session: Class initialized using 'CodeIgniter\Session\Handlers\FileHandler' driver.
INFO - 2025-02-06 20:48:21 --> Session: Class initialized using 'CodeIgniter\Session\Handlers\FileHandler' driver.
WARNING - 2025-02-06 20:48:21 --> [DEPRECATED] Creation of dynamic property App\Controllers\Admin\Course::$session is deprecated in APPPATH/Controllers/Admin/BaseController.php on line 56.
 1 SYSTEMPATH/CodeIgniter.php(904): App\Controllers\Admin\BaseController->initController(Object(CodeIgniter\HTTP\IncomingRequest), Object(CodeIgniter\HTTP\Response), Object(CodeIgniter\Log\Logger))
 2 SYSTEMPATH/CodeIgniter.php(500): CodeIgniter\CodeIgniter->createController()
 3 SYSTEMPATH/CodeIgniter.php(355): CodeIgniter\CodeIgniter->handleRequest(null, Object(Config\Cache), false)
 4 SYSTEMPATH/Boot.php(325): CodeIgniter\CodeIgniter->run()
 5 SYSTEMPATH/Boot.php(67): CodeIgniter\Boot::runCodeIgniter(Object(CodeIgniter\CodeIgniter))
 6 FCPATH/index.php(56): CodeIgniter\Boot::bootWeb(Object(Config\Paths))
INFO - 2025-02-06 20:48:22 --> Session: Class initialized using 'CodeIgniter\Session\Handlers\FileHandler' driver.
WARNING - 2025-02-06 20:48:22 --> [DEPRECATED] Creation of dynamic property App\Controllers\Admin\Category::$session is deprecated in APPPATH/Controllers/Admin/BaseController.php on line 56.
 1 SYSTEMPATH/CodeIgniter.php(904): App\Controllers\Admin\BaseController->initController(Object(CodeIgniter\HTTP\IncomingRequest), Object(CodeIgniter\HTTP\Response), Object(CodeIgniter\Log\Logger))
 2 SYSTEMPATH/CodeIgniter.php(500): CodeIgniter\CodeIgniter->createController()
 3 SYSTEMPATH/CodeIgniter.php(355): CodeIgniter\CodeIgniter->handleRequest(null, Object(Config\Cache), false)
 4 SYSTEMPATH/Boot.php(325): CodeIgniter\CodeIgniter->run()
 5 SYSTEMPATH/Boot.php(67): CodeIgniter\Boot::runCodeIgniter(Object(CodeIgniter\CodeIgniter))
 6 FCPATH/index.php(56): CodeIgniter\Boot::bootWeb(Object(Config\Paths))
INFO - 2025-02-06 20:48:23 --> Session: Class initialized using 'CodeIgniter\Session\Handlers\FileHandler' driver.
WARNING - 2025-02-06 20:48:23 --> [DEPRECATED] Creation of dynamic property App\Controllers\Admin\Course::$session is deprecated in APPPATH/Controllers/Admin/BaseController.php on line 56.
 1 SYSTEMPATH/CodeIgniter.php(904): App\Controllers\Admin\BaseController->initController(Object(CodeIgniter\HTTP\IncomingRequest), Object(CodeIgniter\HTTP\Response), Object(CodeIgniter\Log\Logger))
 2 SYSTEMPATH/CodeIgniter.php(500): CodeIgniter\CodeIgniter->createController()
 3 SYSTEMPATH/CodeIgniter.php(355): CodeIgniter\CodeIgniter->handleRequest(null, Object(Config\Cache), false)
 4 SYSTEMPATH/Boot.php(325): CodeIgniter\CodeIgniter->run()
 5 SYSTEMPATH/Boot.php(67): CodeIgniter\Boot::runCodeIgniter(Object(CodeIgniter\CodeIgniter))
 6 FCPATH/index.php(56): CodeIgniter\Boot::bootWeb(Object(Config\Paths))
INFO - 2025-02-06 20:48:24 --> Session: Class initialized using 'CodeIgniter\Session\Handlers\FileHandler' driver.
WARNING - 2025-02-06 20:48:24 --> [DEPRECATED] Creation of dynamic property App\Controllers\Admin\Course::$session is deprecated in APPPATH/Controllers/Admin/BaseController.php on line 56.
 1 SYSTEMPATH/CodeIgniter.php(904): App\Controllers\Admin\BaseController->initController(Object(CodeIgniter\HTTP\IncomingRequest), Object(CodeIgniter\HTTP\Response), Object(CodeIgniter\Log\Logger))
 2 SYSTEMPATH/CodeIgniter.php(500): CodeIgniter\CodeIgniter->createController()
 3 SYSTEMPATH/CodeIgniter.php(355): CodeIgniter\CodeIgniter->handleRequest(null, Object(Config\Cache), false)
 4 SYSTEMPATH/Boot.php(325): CodeIgniter\CodeIgniter->run()
 5 SYSTEMPATH/Boot.php(67): CodeIgniter\Boot::runCodeIgniter(Object(CodeIgniter\CodeIgniter))
 6 FCPATH/index.php(56): CodeIgniter\Boot::bootWeb(Object(Config\Paths))
INFO - 2025-02-06 20:48:44 --> Session: Class initialized using 'CodeIgniter\Session\Handlers\FileHandler' driver.
WARNING - 2025-02-06 20:48:44 --> [DEPRECATED] Creation of dynamic property App\Controllers\Admin\Course::$session is deprecated in APPPATH/Controllers/Admin/BaseController.php on line 56.
 1 SYSTEMPATH/CodeIgniter.php(904): App\Controllers\Admin\BaseController->initController(Object(CodeIgniter\HTTP\IncomingRequest), Object(CodeIgniter\HTTP\Response), Object(CodeIgniter\Log\Logger))
 2 SYSTEMPATH/CodeIgniter.php(500): CodeIgniter\CodeIgniter->createController()
 3 SYSTEMPATH/CodeIgniter.php(355): CodeIgniter\CodeIgniter->handleRequest(null, Object(Config\Cache), false)
 4 SYSTEMPATH/Boot.php(325): CodeIgniter\CodeIgniter->run()
 5 SYSTEMPATH/Boot.php(67): CodeIgniter\Boot::runCodeIgniter(Object(CodeIgniter\CodeIgniter))
 6 FCPATH/index.php(56): CodeIgniter\Boot::bootWeb(Object(Config\Paths))
INFO - 2025-02-06 20:48:45 --> Session: Class initialized using 'CodeIgniter\Session\Handlers\FileHandler' driver.
WARNING - 2025-02-06 20:48:45 --> [DEPRECATED] Creation of dynamic property App\Controllers\Admin\Course::$session is deprecated in APPPATH/Controllers/Admin/BaseController.php on line 56.
 1 SYSTEMPATH/CodeIgniter.php(904): App\Controllers\Admin\BaseController->initController(Object(CodeIgniter\HTTP\IncomingRequest), Object(CodeIgniter\HTTP\Response), Object(CodeIgniter\Log\Logger))
 2 SYSTEMPATH/CodeIgniter.php(500): CodeIgniter\CodeIgniter->createController()
 3 SYSTEMPATH/CodeIgniter.php(355): CodeIgniter\CodeIgniter->handleRequest(null, Object(Config\Cache), false)
 4 SYSTEMPATH/Boot.php(325): CodeIgniter\CodeIgniter->run()
 5 SYSTEMPATH/Boot.php(67): CodeIgniter\Boot::runCodeIgniter(Object(CodeIgniter\CodeIgniter))
 6 FCPATH/index.php(56): CodeIgniter\Boot::bootWeb(Object(Config\Paths))
INFO - 2025-02-06 20:48:47 --> Session: Class initialized using 'CodeIgniter\Session\Handlers\FileHandler' driver.
INFO - 2025-02-06 20:48:49 --> Session: Class initialized using 'CodeIgniter\Session\Handlers\FileHandler' driver.
INFO - 2025-02-06 20:49:37 --> Session: Class initialized using 'CodeIgniter\Session\Handlers\FileHandler' driver.
WARNING - 2025-02-06 20:49:37 --> [DEPRECATED] Creation of dynamic property App\Controllers\Admin\Course::$session is deprecated in APPPATH/Controllers/Admin/BaseController.php on line 56.
 1 SYSTEMPATH/CodeIgniter.php(904): App\Controllers\Admin\BaseController->initController(Object(CodeIgniter\HTTP\IncomingRequest), Object(CodeIgniter\HTTP\Response), Object(CodeIgniter\Log\Logger))
 2 SYSTEMPATH/CodeIgniter.php(500): CodeIgniter\CodeIgniter->createController()
 3 SYSTEMPATH/CodeIgniter.php(355): CodeIgniter\CodeIgniter->handleRequest(null, Object(Config\Cache), false)
 4 SYSTEMPATH/Boot.php(325): CodeIgniter\CodeIgniter->run()
 5 SYSTEMPATH/Boot.php(67): CodeIgniter\Boot::runCodeIgniter(Object(CodeIgniter\CodeIgniter))
 6 FCPATH/index.php(56): CodeIgniter\Boot::bootWeb(Object(Config\Paths))
INFO - 2025-02-06 20:49:37 --> Session: Class initialized using 'CodeIgniter\Session\Handlers\FileHandler' driver.
WARNING - 2025-02-06 20:49:37 --> [DEPRECATED] Creation of dynamic property App\Controllers\Admin\Category::$session is deprecated in APPPATH/Controllers/Admin/BaseController.php on line 56.
 1 SYSTEMPATH/CodeIgniter.php(904): App\Controllers\Admin\BaseController->initController(Object(CodeIgniter\HTTP\IncomingRequest), Object(CodeIgniter\HTTP\Response), Object(CodeIgniter\Log\Logger))
 2 SYSTEMPATH/CodeIgniter.php(500): CodeIgniter\CodeIgniter->createController()
 3 SYSTEMPATH/CodeIgniter.php(355): CodeIgniter\CodeIgniter->handleRequest(null, Object(Config\Cache), false)
 4 SYSTEMPATH/Boot.php(325): CodeIgniter\CodeIgniter->run()
 5 SYSTEMPATH/Boot.php(67): CodeIgniter\Boot::runCodeIgniter(Object(CodeIgniter\CodeIgniter))
 6 FCPATH/index.php(56): CodeIgniter\Boot::bootWeb(Object(Config\Paths))
INFO - 2025-02-06 20:49:38 --> Session: Class initialized using 'CodeIgniter\Session\Handlers\FileHandler' driver.
WARNING - 2025-02-06 20:49:38 --> [DEPRECATED] Creation of dynamic property App\Controllers\Admin\Course::$session is deprecated in APPPATH/Controllers/Admin/BaseController.php on line 56.
 1 SYSTEMPATH/CodeIgniter.php(904): App\Controllers\Admin\BaseController->initController(Object(CodeIgniter\HTTP\IncomingRequest), Object(CodeIgniter\HTTP\Response), Object(CodeIgniter\Log\Logger))
 2 SYSTEMPATH/CodeIgniter.php(500): CodeIgniter\CodeIgniter->createController()
 3 SYSTEMPATH/CodeIgniter.php(355): CodeIgniter\CodeIgniter->handleRequest(null, Object(Config\Cache), false)
 4 SYSTEMPATH/Boot.php(325): CodeIgniter\CodeIgniter->run()
 5 SYSTEMPATH/Boot.php(67): CodeIgniter\Boot::runCodeIgniter(Object(CodeIgniter\CodeIgniter))
 6 FCPATH/index.php(56): CodeIgniter\Boot::bootWeb(Object(Config\Paths))
INFO - 2025-02-06 20:49:40 --> Session: Class initialized using 'CodeIgniter\Session\Handlers\FileHandler' driver.
WARNING - 2025-02-06 20:49:40 --> [DEPRECATED] Creation of dynamic property App\Controllers\Admin\Course::$session is deprecated in APPPATH/Controllers/Admin/BaseController.php on line 56.
 1 SYSTEMPATH/CodeIgniter.php(904): App\Controllers\Admin\BaseController->initController(Object(CodeIgniter\HTTP\IncomingRequest), Object(CodeIgniter\HTTP\Response), Object(CodeIgniter\Log\Logger))
 2 SYSTEMPATH/CodeIgniter.php(500): CodeIgniter\CodeIgniter->createController()
 3 SYSTEMPATH/CodeIgniter.php(355): CodeIgniter\CodeIgniter->handleRequest(null, Object(Config\Cache), false)
 4 SYSTEMPATH/Boot.php(325): CodeIgniter\CodeIgniter->run()
 5 SYSTEMPATH/Boot.php(67): CodeIgniter\Boot::runCodeIgniter(Object(CodeIgniter\CodeIgniter))
 6 FCPATH/index.php(56): CodeIgniter\Boot::bootWeb(Object(Config\Paths))
INFO - 2025-02-06 20:49:56 --> Session: Class initialized using 'CodeIgniter\Session\Handlers\FileHandler' driver.
WARNING - 2025-02-06 20:49:56 --> [DEPRECATED] Creation of dynamic property App\Controllers\Admin\TemplateHtml::$session is deprecated in APPPATH/Controllers/Admin/BaseController.php on line 56.
 1 SYSTEMPATH/CodeIgniter.php(904): App\Controllers\Admin\BaseController->initController(Object(CodeIgniter\HTTP\IncomingRequest), Object(CodeIgniter\HTTP\Response), Object(CodeIgniter\Log\Logger))
 2 SYSTEMPATH/CodeIgniter.php(500): CodeIgniter\CodeIgniter->createController()
 3 SYSTEMPATH/CodeIgniter.php(355): CodeIgniter\CodeIgniter->handleRequest(null, Object(Config\Cache), false)
 4 SYSTEMPATH/Boot.php(325): CodeIgniter\CodeIgniter->run()
 5 SYSTEMPATH/Boot.php(67): CodeIgniter\Boot::runCodeIgniter(Object(CodeIgniter\CodeIgniter))
 6 FCPATH/index.php(56): CodeIgniter\Boot::bootWeb(Object(Config\Paths))
INFO - 2025-02-06 20:50:12 --> Session: Class initialized using 'CodeIgniter\Session\Handlers\FileHandler' driver.
WARNING - 2025-02-06 20:50:12 --> [DEPRECATED] Creation of dynamic property App\Controllers\Admin\Course::$session is deprecated in APPPATH/Controllers/Admin/BaseController.php on line 56.
 1 SYSTEMPATH/CodeIgniter.php(904): App\Controllers\Admin\BaseController->initController(Object(CodeIgniter\HTTP\IncomingRequest), Object(CodeIgniter\HTTP\Response), Object(CodeIgniter\Log\Logger))
 2 SYSTEMPATH/CodeIgniter.php(500): CodeIgniter\CodeIgniter->createController()
 3 SYSTEMPATH/CodeIgniter.php(355): CodeIgniter\CodeIgniter->handleRequest(null, Object(Config\Cache), false)
 4 SYSTEMPATH/Boot.php(325): CodeIgniter\CodeIgniter->run()
 5 SYSTEMPATH/Boot.php(67): CodeIgniter\Boot::runCodeIgniter(Object(CodeIgniter\CodeIgniter))
 6 FCPATH/index.php(56): CodeIgniter\Boot::bootWeb(Object(Config\Paths))
INFO - 2025-02-06 20:50:33 --> Session: Class initialized using 'CodeIgniter\Session\Handlers\FileHandler' driver.
WARNING - 2025-02-06 20:50:33 --> [DEPRECATED] Creation of dynamic property App\Controllers\Admin\Course::$session is deprecated in APPPATH/Controllers/Admin/BaseController.php on line 56.
 1 SYSTEMPATH/CodeIgniter.php(904): App\Controllers\Admin\BaseController->initController(Object(CodeIgniter\HTTP\IncomingRequest), Object(CodeIgniter\HTTP\Response), Object(CodeIgniter\Log\Logger))
 2 SYSTEMPATH/CodeIgniter.php(500): CodeIgniter\CodeIgniter->createController()
 3 SYSTEMPATH/CodeIgniter.php(355): CodeIgniter\CodeIgniter->handleRequest(null, Object(Config\Cache), false)
 4 SYSTEMPATH/Boot.php(325): CodeIgniter\CodeIgniter->run()
 5 SYSTEMPATH/Boot.php(67): CodeIgniter\Boot::runCodeIgniter(Object(CodeIgniter\CodeIgniter))
 6 FCPATH/index.php(56): CodeIgniter\Boot::bootWeb(Object(Config\Paths))
INFO - 2025-02-06 20:50:34 --> Session: Class initialized using 'CodeIgniter\Session\Handlers\FileHandler' driver.
WARNING - 2025-02-06 20:50:34 --> [DEPRECATED] Creation of dynamic property App\Controllers\Admin\Course::$session is deprecated in APPPATH/Controllers/Admin/BaseController.php on line 56.
 1 SYSTEMPATH/CodeIgniter.php(904): App\Controllers\Admin\BaseController->initController(Object(CodeIgniter\HTTP\IncomingRequest), Object(CodeIgniter\HTTP\Response), Object(CodeIgniter\Log\Logger))
 2 SYSTEMPATH/CodeIgniter.php(500): CodeIgniter\CodeIgniter->createController()
 3 SYSTEMPATH/CodeIgniter.php(355): CodeIgniter\CodeIgniter->handleRequest(null, Object(Config\Cache), false)
 4 SYSTEMPATH/Boot.php(325): CodeIgniter\CodeIgniter->run()
 5 SYSTEMPATH/Boot.php(67): CodeIgniter\Boot::runCodeIgniter(Object(CodeIgniter\CodeIgniter))
 6 FCPATH/index.php(56): CodeIgniter\Boot::bootWeb(Object(Config\Paths))
INFO - 2025-02-06 20:50:36 --> Session: Class initialized using 'CodeIgniter\Session\Handlers\FileHandler' driver.
INFO - 2025-02-06 20:50:38 --> Session: Class initialized using 'CodeIgniter\Session\Handlers\FileHandler' driver.
INFO - 2025-02-06 20:51:47 --> Session: Class initialized using 'CodeIgniter\Session\Handlers\FileHandler' driver.
INFO - 2025-02-06 20:51:49 --> Session: Class initialized using 'CodeIgniter\Session\Handlers\FileHandler' driver.
INFO - 2025-02-06 20:51:51 --> Session: Class initialized using 'CodeIgniter\Session\Handlers\FileHandler' driver.
INFO - 2025-02-06 20:52:19 --> Session: Class initialized using 'CodeIgniter\Session\Handlers\FileHandler' driver.
INFO - 2025-02-06 20:52:42 --> Session: Class initialized using 'CodeIgniter\Session\Handlers\FileHandler' driver.
INFO - 2025-02-06 20:54:10 --> Session: Class initialized using 'CodeIgniter\Session\Handlers\FileHandler' driver.
INFO - 2025-02-06 20:54:16 --> Session: Class initialized using 'CodeIgniter\Session\Handlers\FileHandler' driver.
INFO - 2025-02-06 20:54:22 --> Session: Class initialized using 'CodeIgniter\Session\Handlers\FileHandler' driver.
INFO - 2025-02-06 20:54:24 --> Session: Class initialized using 'CodeIgniter\Session\Handlers\FileHandler' driver.
INFO - 2025-02-06 20:57:06 --> Session: Class initialized using 'CodeIgniter\Session\Handlers\FileHandler' driver.
INFO - 2025-02-06 20:57:09 --> Session: Class initialized using 'CodeIgniter\Session\Handlers\FileHandler' driver.
INFO - 2025-02-06 20:57:24 --> Session: Class initialized using 'CodeIgniter\Session\Handlers\FileHandler' driver.
INFO - 2025-02-06 20:57:29 --> Session: Class initialized using 'CodeIgniter\Session\Handlers\FileHandler' driver.
INFO - 2025-02-06 20:59:04 --> Session: Class initialized using 'CodeIgniter\Session\Handlers\FileHandler' driver.
INFO - 2025-02-06 20:59:26 --> Session: Class initialized using 'CodeIgniter\Session\Handlers\FileHandler' driver.
INFO - 2025-02-06 20:59:30 --> Session: Class initialized using 'CodeIgniter\Session\Handlers\FileHandler' driver.
INFO - 2025-02-06 20:59:33 --> Session: Class initialized using 'CodeIgniter\Session\Handlers\FileHandler' driver.
INFO - 2025-02-06 21:00:37 --> Session: Class initialized using 'CodeIgniter\Session\Handlers\FileHandler' driver.
INFO - 2025-02-06 21:00:39 --> Session: Class initialized using 'CodeIgniter\Session\Handlers\FileHandler' driver.
INFO - 2025-02-06 21:01:11 --> Session: Class initialized using 'CodeIgniter\Session\Handlers\FileHandler' driver.
INFO - 2025-02-06 21:01:12 --> Session: Class initialized using 'CodeIgniter\Session\Handlers\FileHandler' driver.
INFO - 2025-02-06 21:01:15 --> Session: Class initialized using 'CodeIgniter\Session\Handlers\FileHandler' driver.
INFO - 2025-02-06 21:03:24 --> Session: Class initialized using 'CodeIgniter\Session\Handlers\FileHandler' driver.
WARNING - 2025-02-06 21:03:24 --> [DEPRECATED] Creation of dynamic property App\Controllers\Admin\Course::$session is deprecated in APPPATH/Controllers/Admin/BaseController.php on line 56.
 1 SYSTEMPATH/CodeIgniter.php(904): App\Controllers\Admin\BaseController->initController(Object(CodeIgniter\HTTP\IncomingRequest), Object(CodeIgniter\HTTP\Response), Object(CodeIgniter\Log\Logger))
 2 SYSTEMPATH/CodeIgniter.php(500): CodeIgniter\CodeIgniter->createController()
 3 SYSTEMPATH/CodeIgniter.php(355): CodeIgniter\CodeIgniter->handleRequest(null, Object(Config\Cache), false)
 4 SYSTEMPATH/Boot.php(325): CodeIgniter\CodeIgniter->run()
 5 SYSTEMPATH/Boot.php(67): CodeIgniter\Boot::runCodeIgniter(Object(CodeIgniter\CodeIgniter))
 6 FCPATH/index.php(56): CodeIgniter\Boot::bootWeb(Object(Config\Paths))
INFO - 2025-02-06 21:03:24 --> Session: Class initialized using 'CodeIgniter\Session\Handlers\FileHandler' driver.
WARNING - 2025-02-06 21:03:24 --> [DEPRECATED] Creation of dynamic property App\Controllers\Admin\Category::$session is deprecated in APPPATH/Controllers/Admin/BaseController.php on line 56.
 1 SYSTEMPATH/CodeIgniter.php(904): App\Controllers\Admin\BaseController->initController(Object(CodeIgniter\HTTP\IncomingRequest), Object(CodeIgniter\HTTP\Response), Object(CodeIgniter\Log\Logger))
 2 SYSTEMPATH/CodeIgniter.php(500): CodeIgniter\CodeIgniter->createController()
 3 SYSTEMPATH/CodeIgniter.php(355): CodeIgniter\CodeIgniter->handleRequest(null, Object(Config\Cache), false)
 4 SYSTEMPATH/Boot.php(325): CodeIgniter\CodeIgniter->run()
 5 SYSTEMPATH/Boot.php(67): CodeIgniter\Boot::runCodeIgniter(Object(CodeIgniter\CodeIgniter))
 6 FCPATH/index.php(56): CodeIgniter\Boot::bootWeb(Object(Config\Paths))
INFO - 2025-02-06 21:03:25 --> Session: Class initialized using 'CodeIgniter\Session\Handlers\FileHandler' driver.
WARNING - 2025-02-06 21:03:25 --> [DEPRECATED] Creation of dynamic property App\Controllers\Admin\Course::$session is deprecated in APPPATH/Controllers/Admin/BaseController.php on line 56.
 1 SYSTEMPATH/CodeIgniter.php(904): App\Controllers\Admin\BaseController->initController(Object(CodeIgniter\HTTP\IncomingRequest), Object(CodeIgniter\HTTP\Response), Object(CodeIgniter\Log\Logger))
 2 SYSTEMPATH/CodeIgniter.php(500): CodeIgniter\CodeIgniter->createController()
 3 SYSTEMPATH/CodeIgniter.php(355): CodeIgniter\CodeIgniter->handleRequest(null, Object(Config\Cache), false)
 4 SYSTEMPATH/Boot.php(325): CodeIgniter\CodeIgniter->run()
 5 SYSTEMPATH/Boot.php(67): CodeIgniter\Boot::runCodeIgniter(Object(CodeIgniter\CodeIgniter))
 6 FCPATH/index.php(56): CodeIgniter\Boot::bootWeb(Object(Config\Paths))
INFO - 2025-02-06 21:04:04 --> Session: Class initialized using 'CodeIgniter\Session\Handlers\FileHandler' driver.
WARNING - 2025-02-06 21:04:04 --> [DEPRECATED] Creation of dynamic property App\Controllers\Admin\Course::$session is deprecated in APPPATH/Controllers/Admin/BaseController.php on line 56.
 1 SYSTEMPATH/CodeIgniter.php(904): App\Controllers\Admin\BaseController->initController(Object(CodeIgniter\HTTP\IncomingRequest), Object(CodeIgniter\HTTP\Response), Object(CodeIgniter\Log\Logger))
 2 SYSTEMPATH/CodeIgniter.php(500): CodeIgniter\CodeIgniter->createController()
 3 SYSTEMPATH/CodeIgniter.php(355): CodeIgniter\CodeIgniter->handleRequest(null, Object(Config\Cache), false)
 4 SYSTEMPATH/Boot.php(325): CodeIgniter\CodeIgniter->run()
 5 SYSTEMPATH/Boot.php(67): CodeIgniter\Boot::runCodeIgniter(Object(CodeIgniter\CodeIgniter))
 6 FCPATH/index.php(56): CodeIgniter\Boot::bootWeb(Object(Config\Paths))
INFO - 2025-02-06 21:04:04 --> Session: Class initialized using 'CodeIgniter\Session\Handlers\FileHandler' driver.
WARNING - 2025-02-06 21:04:05 --> [DEPRECATED] Creation of dynamic property App\Controllers\Admin\Course::$session is deprecated in APPPATH/Controllers/Admin/BaseController.php on line 56.
 1 SYSTEMPATH/CodeIgniter.php(904): App\Controllers\Admin\BaseController->initController(Object(CodeIgniter\HTTP\IncomingRequest), Object(CodeIgniter\HTTP\Response), Object(CodeIgniter\Log\Logger))
 2 SYSTEMPATH/CodeIgniter.php(500): CodeIgniter\CodeIgniter->createController()
 3 SYSTEMPATH/CodeIgniter.php(355): CodeIgniter\CodeIgniter->handleRequest(null, Object(Config\Cache), false)
 4 SYSTEMPATH/Boot.php(325): CodeIgniter\CodeIgniter->run()
 5 SYSTEMPATH/Boot.php(67): CodeIgniter\Boot::runCodeIgniter(Object(CodeIgniter\CodeIgniter))
 6 FCPATH/index.php(56): CodeIgniter\Boot::bootWeb(Object(Config\Paths))
INFO - 2025-02-06 21:04:09 --> Session: Class initialized using 'CodeIgniter\Session\Handlers\FileHandler' driver.
INFO - 2025-02-06 21:04:12 --> Session: Class initialized using 'CodeIgniter\Session\Handlers\FileHandler' driver.
INFO - 2025-02-06 21:07:00 --> Session: Class initialized using 'CodeIgniter\Session\Handlers\FileHandler' driver.
INFO - 2025-02-06 21:07:29 --> Session: Class initialized using 'CodeIgniter\Session\Handlers\FileHandler' driver.
INFO - 2025-02-06 21:07:32 --> Session: Class initialized using 'CodeIgniter\Session\Handlers\FileHandler' driver.
WARNING - 2025-02-06 21:07:32 --> [DEPRECATED] Creation of dynamic property App\Controllers\Admin\MySQLQueryExecute::$session is deprecated in APPPATH/Controllers/Admin/BaseController.php on line 56.
 1 SYSTEMPATH/CodeIgniter.php(904): App\Controllers\Admin\BaseController->initController(Object(CodeIgniter\HTTP\IncomingRequest), Object(CodeIgniter\HTTP\Response), Object(CodeIgniter\Log\Logger))
 2 SYSTEMPATH/CodeIgniter.php(500): CodeIgniter\CodeIgniter->createController()
 3 SYSTEMPATH/CodeIgniter.php(355): CodeIgniter\CodeIgniter->handleRequest(null, Object(Config\Cache), false)
 4 SYSTEMPATH/Boot.php(325): CodeIgniter\CodeIgniter->run()
 5 SYSTEMPATH/Boot.php(67): CodeIgniter\Boot::runCodeIgniter(Object(CodeIgniter\CodeIgniter))
 6 FCPATH/index.php(56): CodeIgniter\Boot::bootWeb(Object(Config\Paths))
INFO - 2025-02-06 21:07:35 --> Session: Class initialized using 'CodeIgniter\Session\Handlers\FileHandler' driver.
WARNING - 2025-02-06 21:07:35 --> [DEPRECATED] Creation of dynamic property App\Controllers\Admin\Course::$session is deprecated in APPPATH/Controllers/Admin/BaseController.php on line 56.
 1 SYSTEMPATH/CodeIgniter.php(904): App\Controllers\Admin\BaseController->initController(Object(CodeIgniter\HTTP\IncomingRequest), Object(CodeIgniter\HTTP\Response), Object(CodeIgniter\Log\Logger))
 2 SYSTEMPATH/CodeIgniter.php(500): CodeIgniter\CodeIgniter->createController()
 3 SYSTEMPATH/CodeIgniter.php(355): CodeIgniter\CodeIgniter->handleRequest(null, Object(Config\Cache), false)
 4 SYSTEMPATH/Boot.php(325): CodeIgniter\CodeIgniter->run()
 5 SYSTEMPATH/Boot.php(67): CodeIgniter\Boot::runCodeIgniter(Object(CodeIgniter\CodeIgniter))
 6 FCPATH/index.php(56): CodeIgniter\Boot::bootWeb(Object(Config\Paths))
INFO - 2025-02-06 21:07:36 --> Session: Class initialized using 'CodeIgniter\Session\Handlers\FileHandler' driver.
WARNING - 2025-02-06 21:07:36 --> [DEPRECATED] Creation of dynamic property App\Controllers\Admin\Category::$session is deprecated in APPPATH/Controllers/Admin/BaseController.php on line 56.
 1 SYSTEMPATH/CodeIgniter.php(904): App\Controllers\Admin\BaseController->initController(Object(CodeIgniter\HTTP\IncomingRequest), Object(CodeIgniter\HTTP\Response), Object(CodeIgniter\Log\Logger))
 2 SYSTEMPATH/CodeIgniter.php(500): CodeIgniter\CodeIgniter->createController()
 3 SYSTEMPATH/CodeIgniter.php(355): CodeIgniter\CodeIgniter->handleRequest(null, Object(Config\Cache), false)
 4 SYSTEMPATH/Boot.php(325): CodeIgniter\CodeIgniter->run()
 5 SYSTEMPATH/Boot.php(67): CodeIgniter\Boot::runCodeIgniter(Object(CodeIgniter\CodeIgniter))
 6 FCPATH/index.php(56): CodeIgniter\Boot::bootWeb(Object(Config\Paths))
INFO - 2025-02-06 21:07:37 --> Session: Class initialized using 'CodeIgniter\Session\Handlers\FileHandler' driver.
WARNING - 2025-02-06 21:07:37 --> [DEPRECATED] Creation of dynamic property App\Controllers\Admin\Course::$session is deprecated in APPPATH/Controllers/Admin/BaseController.php on line 56.
 1 SYSTEMPATH/CodeIgniter.php(904): App\Controllers\Admin\BaseController->initController(Object(CodeIgniter\HTTP\IncomingRequest), Object(CodeIgniter\HTTP\Response), Object(CodeIgniter\Log\Logger))
 2 SYSTEMPATH/CodeIgniter.php(500): CodeIgniter\CodeIgniter->createController()
 3 SYSTEMPATH/CodeIgniter.php(355): CodeIgniter\CodeIgniter->handleRequest(null, Object(Config\Cache), false)
 4 SYSTEMPATH/Boot.php(325): CodeIgniter\CodeIgniter->run()
 5 SYSTEMPATH/Boot.php(67): CodeIgniter\Boot::runCodeIgniter(Object(CodeIgniter\CodeIgniter))
 6 FCPATH/index.php(56): CodeIgniter\Boot::bootWeb(Object(Config\Paths))
INFO - 2025-02-06 21:07:41 --> Session: Class initialized using 'CodeIgniter\Session\Handlers\FileHandler' driver.
WARNING - 2025-02-06 21:07:41 --> [DEPRECATED] Creation of dynamic property App\Controllers\Admin\Course::$session is deprecated in APPPATH/Controllers/Admin/BaseController.php on line 56.
 1 SYSTEMPATH/CodeIgniter.php(904): App\Controllers\Admin\BaseController->initController(Object(CodeIgniter\HTTP\IncomingRequest), Object(CodeIgniter\HTTP\Response), Object(CodeIgniter\Log\Logger))
 2 SYSTEMPATH/CodeIgniter.php(500): CodeIgniter\CodeIgniter->createController()
 3 SYSTEMPATH/CodeIgniter.php(355): CodeIgniter\CodeIgniter->handleRequest(null, Object(Config\Cache), false)
 4 SYSTEMPATH/Boot.php(325): CodeIgniter\CodeIgniter->run()
 5 SYSTEMPATH/Boot.php(67): CodeIgniter\Boot::runCodeIgniter(Object(CodeIgniter\CodeIgniter))
 6 FCPATH/index.php(56): CodeIgniter\Boot::bootWeb(Object(Config\Paths))
INFO - 2025-02-06 21:07:57 --> Session: Class initialized using 'CodeIgniter\Session\Handlers\FileHandler' driver.
WARNING - 2025-02-06 21:07:57 --> [DEPRECATED] Creation of dynamic property App\Controllers\Admin\TemplateHtml::$session is deprecated in APPPATH/Controllers/Admin/BaseController.php on line 56.
 1 SYSTEMPATH/CodeIgniter.php(904): App\Controllers\Admin\BaseController->initController(Object(CodeIgniter\HTTP\IncomingRequest), Object(CodeIgniter\HTTP\Response), Object(CodeIgniter\Log\Logger))
 2 SYSTEMPATH/CodeIgniter.php(500): CodeIgniter\CodeIgniter->createController()
 3 SYSTEMPATH/CodeIgniter.php(355): CodeIgniter\CodeIgniter->handleRequest(null, Object(Config\Cache), false)
 4 SYSTEMPATH/Boot.php(325): CodeIgniter\CodeIgniter->run()
 5 SYSTEMPATH/Boot.php(67): CodeIgniter\Boot::runCodeIgniter(Object(CodeIgniter\CodeIgniter))
 6 FCPATH/index.php(56): CodeIgniter\Boot::bootWeb(Object(Config\Paths))
INFO - 2025-02-06 21:09:45 --> Session: Class initialized using 'CodeIgniter\Session\Handlers\FileHandler' driver.
WARNING - 2025-02-06 21:09:45 --> [DEPRECATED] Creation of dynamic property App\Controllers\Admin\Course::$session is deprecated in APPPATH/Controllers/Admin/BaseController.php on line 56.
 1 SYSTEMPATH/CodeIgniter.php(904): App\Controllers\Admin\BaseController->initController(Object(CodeIgniter\HTTP\IncomingRequest), Object(CodeIgniter\HTTP\Response), Object(CodeIgniter\Log\Logger))
 2 SYSTEMPATH/CodeIgniter.php(500): CodeIgniter\CodeIgniter->createController()
 3 SYSTEMPATH/CodeIgniter.php(355): CodeIgniter\CodeIgniter->handleRequest(null, Object(Config\Cache), false)
 4 SYSTEMPATH/Boot.php(325): CodeIgniter\CodeIgniter->run()
 5 SYSTEMPATH/Boot.php(67): CodeIgniter\Boot::runCodeIgniter(Object(CodeIgniter\CodeIgniter))
 6 FCPATH/index.php(56): CodeIgniter\Boot::bootWeb(Object(Config\Paths))
INFO - 2025-02-06 21:09:45 --> Session: Class initialized using 'CodeIgniter\Session\Handlers\FileHandler' driver.
WARNING - 2025-02-06 21:09:45 --> [DEPRECATED] Creation of dynamic property App\Controllers\Admin\Course::$session is deprecated in APPPATH/Controllers/Admin/BaseController.php on line 56.
 1 SYSTEMPATH/CodeIgniter.php(904): App\Controllers\Admin\BaseController->initController(Object(CodeIgniter\HTTP\IncomingRequest), Object(CodeIgniter\HTTP\Response), Object(CodeIgniter\Log\Logger))
 2 SYSTEMPATH/CodeIgniter.php(500): CodeIgniter\CodeIgniter->createController()
 3 SYSTEMPATH/CodeIgniter.php(355): CodeIgniter\CodeIgniter->handleRequest(null, Object(Config\Cache), false)
 4 SYSTEMPATH/Boot.php(325): CodeIgniter\CodeIgniter->run()
 5 SYSTEMPATH/Boot.php(67): CodeIgniter\Boot::runCodeIgniter(Object(CodeIgniter\CodeIgniter))
 6 FCPATH/index.php(56): CodeIgniter\Boot::bootWeb(Object(Config\Paths))
INFO - 2025-02-06 21:09:47 --> Session: Class initialized using 'CodeIgniter\Session\Handlers\FileHandler' driver.
INFO - 2025-02-06 21:09:49 --> Session: Class initialized using 'CodeIgniter\Session\Handlers\FileHandler' driver.
INFO - 2025-02-06 21:10:19 --> Session: Class initialized using 'CodeIgniter\Session\Handlers\FileHandler' driver.
WARNING - 2025-02-06 21:10:19 --> [DEPRECATED] Creation of dynamic property App\Controllers\Admin\Course::$session is deprecated in APPPATH/Controllers/Admin/BaseController.php on line 56.
 1 SYSTEMPATH/CodeIgniter.php(904): App\Controllers\Admin\BaseController->initController(Object(CodeIgniter\HTTP\IncomingRequest), Object(CodeIgniter\HTTP\Response), Object(CodeIgniter\Log\Logger))
 2 SYSTEMPATH/CodeIgniter.php(500): CodeIgniter\CodeIgniter->createController()
 3 SYSTEMPATH/CodeIgniter.php(355): CodeIgniter\CodeIgniter->handleRequest(null, Object(Config\Cache), false)
 4 SYSTEMPATH/Boot.php(325): CodeIgniter\CodeIgniter->run()
 5 SYSTEMPATH/Boot.php(67): CodeIgniter\Boot::runCodeIgniter(Object(CodeIgniter\CodeIgniter))
 6 FCPATH/index.php(56): CodeIgniter\Boot::bootWeb(Object(Config\Paths))
INFO - 2025-02-06 21:10:20 --> Session: Class initialized using 'CodeIgniter\Session\Handlers\FileHandler' driver.
WARNING - 2025-02-06 21:10:20 --> [DEPRECATED] Creation of dynamic property App\Controllers\Admin\Category::$session is deprecated in APPPATH/Controllers/Admin/BaseController.php on line 56.
 1 SYSTEMPATH/CodeIgniter.php(904): App\Controllers\Admin\BaseController->initController(Object(CodeIgniter\HTTP\IncomingRequest), Object(CodeIgniter\HTTP\Response), Object(CodeIgniter\Log\Logger))
 2 SYSTEMPATH/CodeIgniter.php(500): CodeIgniter\CodeIgniter->createController()
 3 SYSTEMPATH/CodeIgniter.php(355): CodeIgniter\CodeIgniter->handleRequest(null, Object(Config\Cache), false)
 4 SYSTEMPATH/Boot.php(325): CodeIgniter\CodeIgniter->run()
 5 SYSTEMPATH/Boot.php(67): CodeIgniter\Boot::runCodeIgniter(Object(CodeIgniter\CodeIgniter))
 6 FCPATH/index.php(56): CodeIgniter\Boot::bootWeb(Object(Config\Paths))
INFO - 2025-02-06 21:10:20 --> Session: Class initialized using 'CodeIgniter\Session\Handlers\FileHandler' driver.
WARNING - 2025-02-06 21:10:20 --> [DEPRECATED] Creation of dynamic property App\Controllers\Admin\Course::$session is deprecated in APPPATH/Controllers/Admin/BaseController.php on line 56.
 1 SYSTEMPATH/CodeIgniter.php(904): App\Controllers\Admin\BaseController->initController(Object(CodeIgniter\HTTP\IncomingRequest), Object(CodeIgniter\HTTP\Response), Object(CodeIgniter\Log\Logger))
 2 SYSTEMPATH/CodeIgniter.php(500): CodeIgniter\CodeIgniter->createController()
 3 SYSTEMPATH/CodeIgniter.php(355): CodeIgniter\CodeIgniter->handleRequest(null, Object(Config\Cache), false)
 4 SYSTEMPATH/Boot.php(325): CodeIgniter\CodeIgniter->run()
 5 SYSTEMPATH/Boot.php(67): CodeIgniter\Boot::runCodeIgniter(Object(CodeIgniter\CodeIgniter))
 6 FCPATH/index.php(56): CodeIgniter\Boot::bootWeb(Object(Config\Paths))
INFO - 2025-02-06 21:10:24 --> Session: Class initialized using 'CodeIgniter\Session\Handlers\FileHandler' driver.
WARNING - 2025-02-06 21:10:24 --> [DEPRECATED] Creation of dynamic property App\Controllers\Admin\Course::$session is deprecated in APPPATH/Controllers/Admin/BaseController.php on line 56.
 1 SYSTEMPATH/CodeIgniter.php(904): App\Controllers\Admin\BaseController->initController(Object(CodeIgniter\HTTP\IncomingRequest), Object(CodeIgniter\HTTP\Response), Object(CodeIgniter\Log\Logger))
 2 SYSTEMPATH/CodeIgniter.php(500): CodeIgniter\CodeIgniter->createController()
 3 SYSTEMPATH/CodeIgniter.php(355): CodeIgniter\CodeIgniter->handleRequest(null, Object(Config\Cache), false)
 4 SYSTEMPATH/Boot.php(325): CodeIgniter\CodeIgniter->run()
 5 SYSTEMPATH/Boot.php(67): CodeIgniter\Boot::runCodeIgniter(Object(CodeIgniter\CodeIgniter))
 6 FCPATH/index.php(56): CodeIgniter\Boot::bootWeb(Object(Config\Paths))
INFO - 2025-02-06 21:10:32 --> Session: Class initialized using 'CodeIgniter\Session\Handlers\FileHandler' driver.
WARNING - 2025-02-06 21:10:32 --> [DEPRECATED] Creation of dynamic property App\Controllers\Admin\Course::$session is deprecated in APPPATH/Controllers/Admin/BaseController.php on line 56.
 1 SYSTEMPATH/CodeIgniter.php(904): App\Controllers\Admin\BaseController->initController(Object(CodeIgniter\HTTP\IncomingRequest), Object(CodeIgniter\HTTP\Response), Object(CodeIgniter\Log\Logger))
 2 SYSTEMPATH/CodeIgniter.php(500): CodeIgniter\CodeIgniter->createController()
 3 SYSTEMPATH/CodeIgniter.php(355): CodeIgniter\CodeIgniter->handleRequest(null, Object(Config\Cache), false)
 4 SYSTEMPATH/Boot.php(325): CodeIgniter\CodeIgniter->run()
 5 SYSTEMPATH/Boot.php(67): CodeIgniter\Boot::runCodeIgniter(Object(CodeIgniter\CodeIgniter))
 6 FCPATH/index.php(56): CodeIgniter\Boot::bootWeb(Object(Config\Paths))
INFO - 2025-02-06 21:10:32 --> Session: Class initialized using 'CodeIgniter\Session\Handlers\FileHandler' driver.
WARNING - 2025-02-06 21:10:32 --> [DEPRECATED] Creation of dynamic property App\Controllers\Admin\Course::$session is deprecated in APPPATH/Controllers/Admin/BaseController.php on line 56.
 1 SYSTEMPATH/CodeIgniter.php(904): App\Controllers\Admin\BaseController->initController(Object(CodeIgniter\HTTP\IncomingRequest), Object(CodeIgniter\HTTP\Response), Object(CodeIgniter\Log\Logger))
 2 SYSTEMPATH/CodeIgniter.php(500): CodeIgniter\CodeIgniter->createController()
 3 SYSTEMPATH/CodeIgniter.php(355): CodeIgniter\CodeIgniter->handleRequest(null, Object(Config\Cache), false)
 4 SYSTEMPATH/Boot.php(325): CodeIgniter\CodeIgniter->run()
 5 SYSTEMPATH/Boot.php(67): CodeIgniter\Boot::runCodeIgniter(Object(CodeIgniter\CodeIgniter))
 6 FCPATH/index.php(56): CodeIgniter\Boot::bootWeb(Object(Config\Paths))
INFO - 2025-02-06 21:10:34 --> Session: Class initialized using 'CodeIgniter\Session\Handlers\FileHandler' driver.
INFO - 2025-02-06 21:10:35 --> Session: Class initialized using 'CodeIgniter\Session\Handlers\FileHandler' driver.
INFO - 2025-02-06 21:11:01 --> Session: Class initialized using 'CodeIgniter\Session\Handlers\FileHandler' driver.
WARNING - 2025-02-06 21:11:01 --> [DEPRECATED] Creation of dynamic property App\Controllers\Admin\Course::$session is deprecated in APPPATH/Controllers/Admin/BaseController.php on line 56.
 1 SYSTEMPATH/CodeIgniter.php(904): App\Controllers\Admin\BaseController->initController(Object(CodeIgniter\HTTP\IncomingRequest), Object(CodeIgniter\HTTP\Response), Object(CodeIgniter\Log\Logger))
 2 SYSTEMPATH/CodeIgniter.php(500): CodeIgniter\CodeIgniter->createController()
 3 SYSTEMPATH/CodeIgniter.php(355): CodeIgniter\CodeIgniter->handleRequest(null, Object(Config\Cache), false)
 4 SYSTEMPATH/Boot.php(325): CodeIgniter\CodeIgniter->run()
 5 SYSTEMPATH/Boot.php(67): CodeIgniter\Boot::runCodeIgniter(Object(CodeIgniter\CodeIgniter))
 6 FCPATH/index.php(56): CodeIgniter\Boot::bootWeb(Object(Config\Paths))
INFO - 2025-02-06 21:11:01 --> Session: Class initialized using 'CodeIgniter\Session\Handlers\FileHandler' driver.
WARNING - 2025-02-06 21:11:01 --> [DEPRECATED] Creation of dynamic property App\Controllers\Admin\Category::$session is deprecated in APPPATH/Controllers/Admin/BaseController.php on line 56.
 1 SYSTEMPATH/CodeIgniter.php(904): App\Controllers\Admin\BaseController->initController(Object(CodeIgniter\HTTP\IncomingRequest), Object(CodeIgniter\HTTP\Response), Object(CodeIgniter\Log\Logger))
 2 SYSTEMPATH/CodeIgniter.php(500): CodeIgniter\CodeIgniter->createController()
 3 SYSTEMPATH/CodeIgniter.php(355): CodeIgniter\CodeIgniter->handleRequest(null, Object(Config\Cache), false)
 4 SYSTEMPATH/Boot.php(325): CodeIgniter\CodeIgniter->run()
 5 SYSTEMPATH/Boot.php(67): CodeIgniter\Boot::runCodeIgniter(Object(CodeIgniter\CodeIgniter))
 6 FCPATH/index.php(56): CodeIgniter\Boot::bootWeb(Object(Config\Paths))
INFO - 2025-02-06 21:11:02 --> Session: Class initialized using 'CodeIgniter\Session\Handlers\FileHandler' driver.
WARNING - 2025-02-06 21:11:02 --> [DEPRECATED] Creation of dynamic property App\Controllers\Admin\Course::$session is deprecated in APPPATH/Controllers/Admin/BaseController.php on line 56.
 1 SYSTEMPATH/CodeIgniter.php(904): App\Controllers\Admin\BaseController->initController(Object(CodeIgniter\HTTP\IncomingRequest), Object(CodeIgniter\HTTP\Response), Object(CodeIgniter\Log\Logger))
 2 SYSTEMPATH/CodeIgniter.php(500): CodeIgniter\CodeIgniter->createController()
 3 SYSTEMPATH/CodeIgniter.php(355): CodeIgniter\CodeIgniter->handleRequest(null, Object(Config\Cache), false)
 4 SYSTEMPATH/Boot.php(325): CodeIgniter\CodeIgniter->run()
 5 SYSTEMPATH/Boot.php(67): CodeIgniter\Boot::runCodeIgniter(Object(CodeIgniter\CodeIgniter))
 6 FCPATH/index.php(56): CodeIgniter\Boot::bootWeb(Object(Config\Paths))
INFO - 2025-02-06 21:11:05 --> Session: Class initialized using 'CodeIgniter\Session\Handlers\FileHandler' driver.
WARNING - 2025-02-06 21:11:05 --> [DEPRECATED] Creation of dynamic property App\Controllers\Admin\Course::$session is deprecated in APPPATH/Controllers/Admin/BaseController.php on line 56.
 1 SYSTEMPATH/CodeIgniter.php(904): App\Controllers\Admin\BaseController->initController(Object(CodeIgniter\HTTP\IncomingRequest), Object(CodeIgniter\HTTP\Response), Object(CodeIgniter\Log\Logger))
 2 SYSTEMPATH/CodeIgniter.php(500): CodeIgniter\CodeIgniter->createController()
 3 SYSTEMPATH/CodeIgniter.php(355): CodeIgniter\CodeIgniter->handleRequest(null, Object(Config\Cache), false)
 4 SYSTEMPATH/Boot.php(325): CodeIgniter\CodeIgniter->run()
 5 SYSTEMPATH/Boot.php(67): CodeIgniter\Boot::runCodeIgniter(Object(CodeIgniter\CodeIgniter))
 6 FCPATH/index.php(56): CodeIgniter\Boot::bootWeb(Object(Config\Paths))
INFO - 2025-02-06 21:11:39 --> Session: Class initialized using 'CodeIgniter\Session\Handlers\FileHandler' driver.
WARNING - 2025-02-06 21:11:39 --> [DEPRECATED] Creation of dynamic property App\Controllers\Admin\Course::$session is deprecated in APPPATH/Controllers/Admin/BaseController.php on line 56.
 1 SYSTEMPATH/CodeIgniter.php(904): App\Controllers\Admin\BaseController->initController(Object(CodeIgniter\HTTP\IncomingRequest), Object(CodeIgniter\HTTP\Response), Object(CodeIgniter\Log\Logger))
 2 SYSTEMPATH/CodeIgniter.php(500): CodeIgniter\CodeIgniter->createController()
 3 SYSTEMPATH/CodeIgniter.php(355): CodeIgniter\CodeIgniter->handleRequest(null, Object(Config\Cache), false)
 4 SYSTEMPATH/Boot.php(325): CodeIgniter\CodeIgniter->run()
 5 SYSTEMPATH/Boot.php(67): CodeIgniter\Boot::runCodeIgniter(Object(CodeIgniter\CodeIgniter))
 6 FCPATH/index.php(56): CodeIgniter\Boot::bootWeb(Object(Config\Paths))
INFO - 2025-02-06 21:11:39 --> Session: Class initialized using 'CodeIgniter\Session\Handlers\FileHandler' driver.
WARNING - 2025-02-06 21:11:39 --> [DEPRECATED] Creation of dynamic property App\Controllers\Admin\Course::$session is deprecated in APPPATH/Controllers/Admin/BaseController.php on line 56.
 1 SYSTEMPATH/CodeIgniter.php(904): App\Controllers\Admin\BaseController->initController(Object(CodeIgniter\HTTP\IncomingRequest), Object(CodeIgniter\HTTP\Response), Object(CodeIgniter\Log\Logger))
 2 SYSTEMPATH/CodeIgniter.php(500): CodeIgniter\CodeIgniter->createController()
 3 SYSTEMPATH/CodeIgniter.php(355): CodeIgniter\CodeIgniter->handleRequest(null, Object(Config\Cache), false)
 4 SYSTEMPATH/Boot.php(325): CodeIgniter\CodeIgniter->run()
 5 SYSTEMPATH/Boot.php(67): CodeIgniter\Boot::runCodeIgniter(Object(CodeIgniter\CodeIgniter))
 6 FCPATH/index.php(56): CodeIgniter\Boot::bootWeb(Object(Config\Paths))
INFO - 2025-02-06 21:11:41 --> Session: Class initialized using 'CodeIgniter\Session\Handlers\FileHandler' driver.
INFO - 2025-02-06 21:11:42 --> Session: Class initialized using 'CodeIgniter\Session\Handlers\FileHandler' driver.
INFO - 2025-02-06 21:11:56 --> Session: Class initialized using 'CodeIgniter\Session\Handlers\FileHandler' driver.
WARNING - 2025-02-06 21:11:56 --> [DEPRECATED] Creation of dynamic property App\Controllers\Admin\Category::$session is deprecated in APPPATH/Controllers/Admin/BaseController.php on line 56.
 1 SYSTEMPATH/CodeIgniter.php(904): App\Controllers\Admin\BaseController->initController(Object(CodeIgniter\HTTP\IncomingRequest), Object(CodeIgniter\HTTP\Response), Object(CodeIgniter\Log\Logger))
 2 SYSTEMPATH/CodeIgniter.php(500): CodeIgniter\CodeIgniter->createController()
 3 SYSTEMPATH/CodeIgniter.php(355): CodeIgniter\CodeIgniter->handleRequest(null, Object(Config\Cache), false)
 4 SYSTEMPATH/Boot.php(325): CodeIgniter\CodeIgniter->run()
 5 SYSTEMPATH/Boot.php(67): CodeIgniter\Boot::runCodeIgniter(Object(CodeIgniter\CodeIgniter))
 6 FCPATH/index.php(56): CodeIgniter\Boot::bootWeb(Object(Config\Paths))
INFO - 2025-02-06 21:11:58 --> Session: Class initialized using 'CodeIgniter\Session\Handlers\FileHandler' driver.
WARNING - 2025-02-06 21:11:58 --> [DEPRECATED] Creation of dynamic property App\Controllers\Admin\Category::$session is deprecated in APPPATH/Controllers/Admin/BaseController.php on line 56.
 1 SYSTEMPATH/CodeIgniter.php(904): App\Controllers\Admin\BaseController->initController(Object(CodeIgniter\HTTP\IncomingRequest), Object(CodeIgniter\HTTP\Response), Object(CodeIgniter\Log\Logger))
 2 SYSTEMPATH/CodeIgniter.php(500): CodeIgniter\CodeIgniter->createController()
 3 SYSTEMPATH/CodeIgniter.php(355): CodeIgniter\CodeIgniter->handleRequest(null, Object(Config\Cache), false)
 4 SYSTEMPATH/Boot.php(325): CodeIgniter\CodeIgniter->run()
 5 SYSTEMPATH/Boot.php(67): CodeIgniter\Boot::runCodeIgniter(Object(CodeIgniter\CodeIgniter))
 6 FCPATH/index.php(56): CodeIgniter\Boot::bootWeb(Object(Config\Paths))
INFO - 2025-02-06 21:12:25 --> Session: Class initialized using 'CodeIgniter\Session\Handlers\FileHandler' driver.
WARNING - 2025-02-06 21:12:25 --> [DEPRECATED] Creation of dynamic property App\Controllers\Admin\Category::$session is deprecated in APPPATH/Controllers/Admin/BaseController.php on line 56.
 1 SYSTEMPATH/CodeIgniter.php(904): App\Controllers\Admin\BaseController->initController(Object(CodeIgniter\HTTP\IncomingRequest), Object(CodeIgniter\HTTP\Response), Object(CodeIgniter\Log\Logger))
 2 SYSTEMPATH/CodeIgniter.php(500): CodeIgniter\CodeIgniter->createController()
 3 SYSTEMPATH/CodeIgniter.php(355): CodeIgniter\CodeIgniter->handleRequest(null, Object(Config\Cache), false)
 4 SYSTEMPATH/Boot.php(325): CodeIgniter\CodeIgniter->run()
 5 SYSTEMPATH/Boot.php(67): CodeIgniter\Boot::runCodeIgniter(Object(CodeIgniter\CodeIgniter))
 6 FCPATH/index.php(56): CodeIgniter\Boot::bootWeb(Object(Config\Paths))
INFO - 2025-02-06 21:12:25 --> Session: Class initialized using 'CodeIgniter\Session\Handlers\FileHandler' driver.
WARNING - 2025-02-06 21:12:25 --> [DEPRECATED] Creation of dynamic property App\Controllers\Admin\Category::$session is deprecated in APPPATH/Controllers/Admin/BaseController.php on line 56.
 1 SYSTEMPATH/CodeIgniter.php(904): App\Controllers\Admin\BaseController->initController(Object(CodeIgniter\HTTP\IncomingRequest), Object(CodeIgniter\HTTP\Response), Object(CodeIgniter\Log\Logger))
 2 SYSTEMPATH/CodeIgniter.php(500): CodeIgniter\CodeIgniter->createController()
 3 SYSTEMPATH/CodeIgniter.php(355): CodeIgniter\CodeIgniter->handleRequest(null, Object(Config\Cache), false)
 4 SYSTEMPATH/Boot.php(325): CodeIgniter\CodeIgniter->run()
 5 SYSTEMPATH/Boot.php(67): CodeIgniter\Boot::runCodeIgniter(Object(CodeIgniter\CodeIgniter))
 6 FCPATH/index.php(56): CodeIgniter\Boot::bootWeb(Object(Config\Paths))
INFO - 2025-02-06 21:12:31 --> Session: Class initialized using 'CodeIgniter\Session\Handlers\FileHandler' driver.
WARNING - 2025-02-06 21:12:31 --> [DEPRECATED] Creation of dynamic property App\Controllers\Admin\Category::$session is deprecated in APPPATH/Controllers/Admin/BaseController.php on line 56.
 1 SYSTEMPATH/CodeIgniter.php(904): App\Controllers\Admin\BaseController->initController(Object(CodeIgniter\HTTP\IncomingRequest), Object(CodeIgniter\HTTP\Response), Object(CodeIgniter\Log\Logger))
 2 SYSTEMPATH/CodeIgniter.php(500): CodeIgniter\CodeIgniter->createController()
 3 SYSTEMPATH/CodeIgniter.php(355): CodeIgniter\CodeIgniter->handleRequest(null, Object(Config\Cache), false)
 4 SYSTEMPATH/Boot.php(325): CodeIgniter\CodeIgniter->run()
 5 SYSTEMPATH/Boot.php(67): CodeIgniter\Boot::runCodeIgniter(Object(CodeIgniter\CodeIgniter))
 6 FCPATH/index.php(56): CodeIgniter\Boot::bootWeb(Object(Config\Paths))
INFO - 2025-02-06 21:12:34 --> Session: Class initialized using 'CodeIgniter\Session\Handlers\FileHandler' driver.
WARNING - 2025-02-06 21:12:34 --> [DEPRECATED] Creation of dynamic property App\Controllers\Admin\Category::$session is deprecated in APPPATH/Controllers/Admin/BaseController.php on line 56.
 1 SYSTEMPATH/CodeIgniter.php(904): App\Controllers\Admin\BaseController->initController(Object(CodeIgniter\HTTP\IncomingRequest), Object(CodeIgniter\HTTP\Response), Object(CodeIgniter\Log\Logger))
 2 SYSTEMPATH/CodeIgniter.php(500): CodeIgniter\CodeIgniter->createController()
 3 SYSTEMPATH/CodeIgniter.php(355): CodeIgniter\CodeIgniter->handleRequest(null, Object(Config\Cache), false)
 4 SYSTEMPATH/Boot.php(325): CodeIgniter\CodeIgniter->run()
 5 SYSTEMPATH/Boot.php(67): CodeIgniter\Boot::runCodeIgniter(Object(CodeIgniter\CodeIgniter))
 6 FCPATH/index.php(56): CodeIgniter\Boot::bootWeb(Object(Config\Paths))
INFO - 2025-02-06 21:12:38 --> Session: Class initialized using 'CodeIgniter\Session\Handlers\FileHandler' driver.
WARNING - 2025-02-06 21:12:38 --> [DEPRECATED] Creation of dynamic property App\Controllers\Admin\Category::$session is deprecated in APPPATH/Controllers/Admin/BaseController.php on line 56.
 1 SYSTEMPATH/CodeIgniter.php(904): App\Controllers\Admin\BaseController->initController(Object(CodeIgniter\HTTP\IncomingRequest), Object(CodeIgniter\HTTP\Response), Object(CodeIgniter\Log\Logger))
 2 SYSTEMPATH/CodeIgniter.php(500): CodeIgniter\CodeIgniter->createController()
 3 SYSTEMPATH/CodeIgniter.php(355): CodeIgniter\CodeIgniter->handleRequest(null, Object(Config\Cache), false)
 4 SYSTEMPATH/Boot.php(325): CodeIgniter\CodeIgniter->run()
 5 SYSTEMPATH/Boot.php(67): CodeIgniter\Boot::runCodeIgniter(Object(CodeIgniter\CodeIgniter))
 6 FCPATH/index.php(56): CodeIgniter\Boot::bootWeb(Object(Config\Paths))
INFO - 2025-02-06 21:12:38 --> Session: Class initialized using 'CodeIgniter\Session\Handlers\FileHandler' driver.
WARNING - 2025-02-06 21:12:38 --> [DEPRECATED] Creation of dynamic property App\Controllers\Admin\Category::$session is deprecated in APPPATH/Controllers/Admin/BaseController.php on line 56.
 1 SYSTEMPATH/CodeIgniter.php(904): App\Controllers\Admin\BaseController->initController(Object(CodeIgniter\HTTP\IncomingRequest), Object(CodeIgniter\HTTP\Response), Object(CodeIgniter\Log\Logger))
 2 SYSTEMPATH/CodeIgniter.php(500): CodeIgniter\CodeIgniter->createController()
 3 SYSTEMPATH/CodeIgniter.php(355): CodeIgniter\CodeIgniter->handleRequest(null, Object(Config\Cache), false)
 4 SYSTEMPATH/Boot.php(325): CodeIgniter\CodeIgniter->run()
 5 SYSTEMPATH/Boot.php(67): CodeIgniter\Boot::runCodeIgniter(Object(CodeIgniter\CodeIgniter))
 6 FCPATH/index.php(56): CodeIgniter\Boot::bootWeb(Object(Config\Paths))
INFO - 2025-02-06 21:12:43 --> Session: Class initialized using 'CodeIgniter\Session\Handlers\FileHandler' driver.
INFO - 2025-02-06 21:12:45 --> Session: Class initialized using 'CodeIgniter\Session\Handlers\FileHandler' driver.
INFO - 2025-02-06 21:14:21 --> Session: Class initialized using 'CodeIgniter\Session\Handlers\FileHandler' driver.
WARNING - 2025-02-06 21:14:21 --> [DEPRECATED] Creation of dynamic property App\Controllers\Admin\Course::$session is deprecated in APPPATH/Controllers/Admin/BaseController.php on line 56.
 1 SYSTEMPATH/CodeIgniter.php(904): App\Controllers\Admin\BaseController->initController(Object(CodeIgniter\HTTP\IncomingRequest), Object(CodeIgniter\HTTP\Response), Object(CodeIgniter\Log\Logger))
 2 SYSTEMPATH/CodeIgniter.php(500): CodeIgniter\CodeIgniter->createController()
 3 SYSTEMPATH/CodeIgniter.php(355): CodeIgniter\CodeIgniter->handleRequest(null, Object(Config\Cache), false)
 4 SYSTEMPATH/Boot.php(325): CodeIgniter\CodeIgniter->run()
 5 SYSTEMPATH/Boot.php(67): CodeIgniter\Boot::runCodeIgniter(Object(CodeIgniter\CodeIgniter))
 6 FCPATH/index.php(56): CodeIgniter\Boot::bootWeb(Object(Config\Paths))
INFO - 2025-02-06 21:14:22 --> Session: Class initialized using 'CodeIgniter\Session\Handlers\FileHandler' driver.
WARNING - 2025-02-06 21:14:22 --> [DEPRECATED] Creation of dynamic property App\Controllers\Admin\Category::$session is deprecated in APPPATH/Controllers/Admin/BaseController.php on line 56.
 1 SYSTEMPATH/CodeIgniter.php(904): App\Controllers\Admin\BaseController->initController(Object(CodeIgniter\HTTP\IncomingRequest), Object(CodeIgniter\HTTP\Response), Object(CodeIgniter\Log\Logger))
 2 SYSTEMPATH/CodeIgniter.php(500): CodeIgniter\CodeIgniter->createController()
 3 SYSTEMPATH/CodeIgniter.php(355): CodeIgniter\CodeIgniter->handleRequest(null, Object(Config\Cache), false)
 4 SYSTEMPATH/Boot.php(325): CodeIgniter\CodeIgniter->run()
 5 SYSTEMPATH/Boot.php(67): CodeIgniter\Boot::runCodeIgniter(Object(CodeIgniter\CodeIgniter))
 6 FCPATH/index.php(56): CodeIgniter\Boot::bootWeb(Object(Config\Paths))
INFO - 2025-02-06 21:14:22 --> Session: Class initialized using 'CodeIgniter\Session\Handlers\FileHandler' driver.
WARNING - 2025-02-06 21:14:22 --> [DEPRECATED] Creation of dynamic property App\Controllers\Admin\Course::$session is deprecated in APPPATH/Controllers/Admin/BaseController.php on line 56.
 1 SYSTEMPATH/CodeIgniter.php(904): App\Controllers\Admin\BaseController->initController(Object(CodeIgniter\HTTP\IncomingRequest), Object(CodeIgniter\HTTP\Response), Object(CodeIgniter\Log\Logger))
 2 SYSTEMPATH/CodeIgniter.php(500): CodeIgniter\CodeIgniter->createController()
 3 SYSTEMPATH/CodeIgniter.php(355): CodeIgniter\CodeIgniter->handleRequest(null, Object(Config\Cache), false)
 4 SYSTEMPATH/Boot.php(325): CodeIgniter\CodeIgniter->run()
 5 SYSTEMPATH/Boot.php(67): CodeIgniter\Boot::runCodeIgniter(Object(CodeIgniter\CodeIgniter))
 6 FCPATH/index.php(56): CodeIgniter\Boot::bootWeb(Object(Config\Paths))
INFO - 2025-02-06 21:14:45 --> Session: Class initialized using 'CodeIgniter\Session\Handlers\FileHandler' driver.
WARNING - 2025-02-06 21:14:45 --> [DEPRECATED] Creation of dynamic property App\Controllers\Admin\Course::$session is deprecated in APPPATH/Controllers/Admin/BaseController.php on line 56.
 1 SYSTEMPATH/CodeIgniter.php(904): App\Controllers\Admin\BaseController->initController(Object(CodeIgniter\HTTP\IncomingRequest), Object(CodeIgniter\HTTP\Response), Object(CodeIgniter\Log\Logger))
 2 SYSTEMPATH/CodeIgniter.php(500): CodeIgniter\CodeIgniter->createController()
 3 SYSTEMPATH/CodeIgniter.php(355): CodeIgniter\CodeIgniter->handleRequest(null, Object(Config\Cache), false)
 4 SYSTEMPATH/Boot.php(325): CodeIgniter\CodeIgniter->run()
 5 SYSTEMPATH/Boot.php(67): CodeIgniter\Boot::runCodeIgniter(Object(CodeIgniter\CodeIgniter))
 6 FCPATH/index.php(56): CodeIgniter\Boot::bootWeb(Object(Config\Paths))
INFO - 2025-02-06 21:14:45 --> Session: Class initialized using 'CodeIgniter\Session\Handlers\FileHandler' driver.
WARNING - 2025-02-06 21:14:45 --> [DEPRECATED] Creation of dynamic property App\Controllers\Admin\Course::$session is deprecated in APPPATH/Controllers/Admin/BaseController.php on line 56.
 1 SYSTEMPATH/CodeIgniter.php(904): App\Controllers\Admin\BaseController->initController(Object(CodeIgniter\HTTP\IncomingRequest), Object(CodeIgniter\HTTP\Response), Object(CodeIgniter\Log\Logger))
 2 SYSTEMPATH/CodeIgniter.php(500): CodeIgniter\CodeIgniter->createController()
 3 SYSTEMPATH/CodeIgniter.php(355): CodeIgniter\CodeIgniter->handleRequest(null, Object(Config\Cache), false)
 4 SYSTEMPATH/Boot.php(325): CodeIgniter\CodeIgniter->run()
 5 SYSTEMPATH/Boot.php(67): CodeIgniter\Boot::runCodeIgniter(Object(CodeIgniter\CodeIgniter))
 6 FCPATH/index.php(56): CodeIgniter\Boot::bootWeb(Object(Config\Paths))
INFO - 2025-02-06 21:14:47 --> Session: Class initialized using 'CodeIgniter\Session\Handlers\FileHandler' driver.
INFO - 2025-02-06 21:14:49 --> Session: Class initialized using 'CodeIgniter\Session\Handlers\FileHandler' driver.
INFO - 2025-02-06 21:14:53 --> Session: Class initialized using 'CodeIgniter\Session\Handlers\FileHandler' driver.
WARNING - 2025-02-06 21:14:53 --> [DEPRECATED] Creation of dynamic property App\Controllers\Admin\Course::$session is deprecated in APPPATH/Controllers/Admin/BaseController.php on line 56.
 1 SYSTEMPATH/CodeIgniter.php(904): App\Controllers\Admin\BaseController->initController(Object(CodeIgniter\HTTP\IncomingRequest), Object(CodeIgniter\HTTP\Response), Object(CodeIgniter\Log\Logger))
 2 SYSTEMPATH/CodeIgniter.php(500): CodeIgniter\CodeIgniter->createController()
 3 SYSTEMPATH/CodeIgniter.php(355): CodeIgniter\CodeIgniter->handleRequest(null, Object(Config\Cache), false)
 4 SYSTEMPATH/Boot.php(325): CodeIgniter\CodeIgniter->run()
 5 SYSTEMPATH/Boot.php(67): CodeIgniter\Boot::runCodeIgniter(Object(CodeIgniter\CodeIgniter))
 6 FCPATH/index.php(56): CodeIgniter\Boot::bootWeb(Object(Config\Paths))
INFO - 2025-02-06 21:14:54 --> Session: Class initialized using 'CodeIgniter\Session\Handlers\FileHandler' driver.
WARNING - 2025-02-06 21:14:54 --> [DEPRECATED] Creation of dynamic property App\Controllers\Admin\Category::$session is deprecated in APPPATH/Controllers/Admin/BaseController.php on line 56.
 1 SYSTEMPATH/CodeIgniter.php(904): App\Controllers\Admin\BaseController->initController(Object(CodeIgniter\HTTP\IncomingRequest), Object(CodeIgniter\HTTP\Response), Object(CodeIgniter\Log\Logger))
 2 SYSTEMPATH/CodeIgniter.php(500): CodeIgniter\CodeIgniter->createController()
 3 SYSTEMPATH/CodeIgniter.php(355): CodeIgniter\CodeIgniter->handleRequest(null, Object(Config\Cache), false)
 4 SYSTEMPATH/Boot.php(325): CodeIgniter\CodeIgniter->run()
 5 SYSTEMPATH/Boot.php(67): CodeIgniter\Boot::runCodeIgniter(Object(CodeIgniter\CodeIgniter))
 6 FCPATH/index.php(56): CodeIgniter\Boot::bootWeb(Object(Config\Paths))
INFO - 2025-02-06 21:14:55 --> Session: Class initialized using 'CodeIgniter\Session\Handlers\FileHandler' driver.
WARNING - 2025-02-06 21:14:55 --> [DEPRECATED] Creation of dynamic property App\Controllers\Admin\Course::$session is deprecated in APPPATH/Controllers/Admin/BaseController.php on line 56.
 1 SYSTEMPATH/CodeIgniter.php(904): App\Controllers\Admin\BaseController->initController(Object(CodeIgniter\HTTP\IncomingRequest), Object(CodeIgniter\HTTP\Response), Object(CodeIgniter\Log\Logger))
 2 SYSTEMPATH/CodeIgniter.php(500): CodeIgniter\CodeIgniter->createController()
 3 SYSTEMPATH/CodeIgniter.php(355): CodeIgniter\CodeIgniter->handleRequest(null, Object(Config\Cache), false)
 4 SYSTEMPATH/Boot.php(325): CodeIgniter\CodeIgniter->run()
 5 SYSTEMPATH/Boot.php(67): CodeIgniter\Boot::runCodeIgniter(Object(CodeIgniter\CodeIgniter))
 6 FCPATH/index.php(56): CodeIgniter\Boot::bootWeb(Object(Config\Paths))
INFO - 2025-02-06 21:14:59 --> Session: Class initialized using 'CodeIgniter\Session\Handlers\FileHandler' driver.
WARNING - 2025-02-06 21:14:59 --> [DEPRECATED] Creation of dynamic property App\Controllers\Admin\Course::$session is deprecated in APPPATH/Controllers/Admin/BaseController.php on line 56.
 1 SYSTEMPATH/CodeIgniter.php(904): App\Controllers\Admin\BaseController->initController(Object(CodeIgniter\HTTP\IncomingRequest), Object(CodeIgniter\HTTP\Response), Object(CodeIgniter\Log\Logger))
 2 SYSTEMPATH/CodeIgniter.php(500): CodeIgniter\CodeIgniter->createController()
 3 SYSTEMPATH/CodeIgniter.php(355): CodeIgniter\CodeIgniter->handleRequest(null, Object(Config\Cache), false)
 4 SYSTEMPATH/Boot.php(325): CodeIgniter\CodeIgniter->run()
 5 SYSTEMPATH/Boot.php(67): CodeIgniter\Boot::runCodeIgniter(Object(CodeIgniter\CodeIgniter))
 6 FCPATH/index.php(56): CodeIgniter\Boot::bootWeb(Object(Config\Paths))
INFO - 2025-02-06 21:15:03 --> Session: Class initialized using 'CodeIgniter\Session\Handlers\FileHandler' driver.
WARNING - 2025-02-06 21:15:03 --> [DEPRECATED] Creation of dynamic property App\Controllers\Admin\TemplateHtml::$session is deprecated in APPPATH/Controllers/Admin/BaseController.php on line 56.
 1 SYSTEMPATH/CodeIgniter.php(904): App\Controllers\Admin\BaseController->initController(Object(CodeIgniter\HTTP\IncomingRequest), Object(CodeIgniter\HTTP\Response), Object(CodeIgniter\Log\Logger))
 2 SYSTEMPATH/CodeIgniter.php(500): CodeIgniter\CodeIgniter->createController()
 3 SYSTEMPATH/CodeIgniter.php(355): CodeIgniter\CodeIgniter->handleRequest(null, Object(Config\Cache), false)
 4 SYSTEMPATH/Boot.php(325): CodeIgniter\CodeIgniter->run()
 5 SYSTEMPATH/Boot.php(67): CodeIgniter\Boot::runCodeIgniter(Object(CodeIgniter\CodeIgniter))
 6 FCPATH/index.php(56): CodeIgniter\Boot::bootWeb(Object(Config\Paths))
INFO - 2025-02-06 21:22:26 --> Session: Class initialized using 'CodeIgniter\Session\Handlers\FileHandler' driver.
WARNING - 2025-02-06 21:22:26 --> [DEPRECATED] Creation of dynamic property App\Controllers\Admin\Course::$session is deprecated in APPPATH/Controllers/Admin/BaseController.php on line 56.
 1 SYSTEMPATH/CodeIgniter.php(904): App\Controllers\Admin\BaseController->initController(Object(CodeIgniter\HTTP\IncomingRequest), Object(CodeIgniter\HTTP\Response), Object(CodeIgniter\Log\Logger))
 2 SYSTEMPATH/CodeIgniter.php(500): CodeIgniter\CodeIgniter->createController()
 3 SYSTEMPATH/CodeIgniter.php(355): CodeIgniter\CodeIgniter->handleRequest(null, Object(Config\Cache), false)
 4 SYSTEMPATH/Boot.php(325): CodeIgniter\CodeIgniter->run()
 5 SYSTEMPATH/Boot.php(67): CodeIgniter\Boot::runCodeIgniter(Object(CodeIgniter\CodeIgniter))
 6 FCPATH/index.php(56): CodeIgniter\Boot::bootWeb(Object(Config\Paths))
INFO - 2025-02-06 21:22:26 --> Session: Class initialized using 'CodeIgniter\Session\Handlers\FileHandler' driver.
WARNING - 2025-02-06 21:22:26 --> [DEPRECATED] Creation of dynamic property App\Controllers\Admin\Course::$session is deprecated in APPPATH/Controllers/Admin/BaseController.php on line 56.
 1 SYSTEMPATH/CodeIgniter.php(904): App\Controllers\Admin\BaseController->initController(Object(CodeIgniter\HTTP\IncomingRequest), Object(CodeIgniter\HTTP\Response), Object(CodeIgniter\Log\Logger))
 2 SYSTEMPATH/CodeIgniter.php(500): CodeIgniter\CodeIgniter->createController()
 3 SYSTEMPATH/CodeIgniter.php(355): CodeIgniter\CodeIgniter->handleRequest(null, Object(Config\Cache), false)
 4 SYSTEMPATH/Boot.php(325): CodeIgniter\CodeIgniter->run()
 5 SYSTEMPATH/Boot.php(67): CodeIgniter\Boot::runCodeIgniter(Object(CodeIgniter\CodeIgniter))
 6 FCPATH/index.php(56): CodeIgniter\Boot::bootWeb(Object(Config\Paths))
INFO - 2025-02-06 21:22:28 --> Session: Class initialized using 'CodeIgniter\Session\Handlers\FileHandler' driver.
INFO - 2025-02-06 21:22:30 --> Session: Class initialized using 'CodeIgniter\Session\Handlers\FileHandler' driver.
INFO - 2025-02-06 21:22:44 --> Session: Class initialized using 'CodeIgniter\Session\Handlers\FileHandler' driver.
WARNING - 2025-02-06 21:22:44 --> [DEPRECATED] Creation of dynamic property App\Controllers\Admin\Course::$session is deprecated in APPPATH/Controllers/Admin/BaseController.php on line 56.
 1 SYSTEMPATH/CodeIgniter.php(904): App\Controllers\Admin\BaseController->initController(Object(CodeIgniter\HTTP\IncomingRequest), Object(CodeIgniter\HTTP\Response), Object(CodeIgniter\Log\Logger))
 2 SYSTEMPATH/CodeIgniter.php(500): CodeIgniter\CodeIgniter->createController()
 3 SYSTEMPATH/CodeIgniter.php(355): CodeIgniter\CodeIgniter->handleRequest(null, Object(Config\Cache), false)
 4 SYSTEMPATH/Boot.php(325): CodeIgniter\CodeIgniter->run()
 5 SYSTEMPATH/Boot.php(67): CodeIgniter\Boot::runCodeIgniter(Object(CodeIgniter\CodeIgniter))
 6 FCPATH/index.php(56): CodeIgniter\Boot::bootWeb(Object(Config\Paths))
INFO - 2025-02-06 21:22:44 --> Session: Class initialized using 'CodeIgniter\Session\Handlers\FileHandler' driver.
WARNING - 2025-02-06 21:22:44 --> [DEPRECATED] Creation of dynamic property App\Controllers\Admin\Category::$session is deprecated in APPPATH/Controllers/Admin/BaseController.php on line 56.
 1 SYSTEMPATH/CodeIgniter.php(904): App\Controllers\Admin\BaseController->initController(Object(CodeIgniter\HTTP\IncomingRequest), Object(CodeIgniter\HTTP\Response), Object(CodeIgniter\Log\Logger))
 2 SYSTEMPATH/CodeIgniter.php(500): CodeIgniter\CodeIgniter->createController()
 3 SYSTEMPATH/CodeIgniter.php(355): CodeIgniter\CodeIgniter->handleRequest(null, Object(Config\Cache), false)
 4 SYSTEMPATH/Boot.php(325): CodeIgniter\CodeIgniter->run()
 5 SYSTEMPATH/Boot.php(67): CodeIgniter\Boot::runCodeIgniter(Object(CodeIgniter\CodeIgniter))
 6 FCPATH/index.php(56): CodeIgniter\Boot::bootWeb(Object(Config\Paths))
INFO - 2025-02-06 21:23:18 --> Session: Class initialized using 'CodeIgniter\Session\Handlers\FileHandler' driver.
WARNING - 2025-02-06 21:23:18 --> [DEPRECATED] Creation of dynamic property App\Controllers\Admin\TemplateHtml::$session is deprecated in APPPATH/Controllers/Admin/BaseController.php on line 56.
 1 SYSTEMPATH/CodeIgniter.php(904): App\Controllers\Admin\BaseController->initController(Object(CodeIgniter\HTTP\IncomingRequest), Object(CodeIgniter\HTTP\Response), Object(CodeIgniter\Log\Logger))
 2 SYSTEMPATH/CodeIgniter.php(500): CodeIgniter\CodeIgniter->createController()
 3 SYSTEMPATH/CodeIgniter.php(355): CodeIgniter\CodeIgniter->handleRequest(null, Object(Config\Cache), false)
 4 SYSTEMPATH/Boot.php(325): CodeIgniter\CodeIgniter->run()
 5 SYSTEMPATH/Boot.php(67): CodeIgniter\Boot::runCodeIgniter(Object(CodeIgniter\CodeIgniter))
 6 FCPATH/index.php(56): CodeIgniter\Boot::bootWeb(Object(Config\Paths))
INFO - 2025-02-06 21:26:19 --> Session: Class initialized using 'CodeIgniter\Session\Handlers\FileHandler' driver.
WARNING - 2025-02-06 21:26:19 --> [DEPRECATED] Creation of dynamic property App\Controllers\Admin\Course::$session is deprecated in APPPATH/Controllers/Admin/BaseController.php on line 56.
 1 SYSTEMPATH/CodeIgniter.php(904): App\Controllers\Admin\BaseController->initController(Object(CodeIgniter\HTTP\IncomingRequest), Object(CodeIgniter\HTTP\Response), Object(CodeIgniter\Log\Logger))
 2 SYSTEMPATH/CodeIgniter.php(500): CodeIgniter\CodeIgniter->createController()
 3 SYSTEMPATH/CodeIgniter.php(355): CodeIgniter\CodeIgniter->handleRequest(null, Object(Config\Cache), false)
 4 SYSTEMPATH/Boot.php(325): CodeIgniter\CodeIgniter->run()
 5 SYSTEMPATH/Boot.php(67): CodeIgniter\Boot::runCodeIgniter(Object(CodeIgniter\CodeIgniter))
 6 FCPATH/index.php(56): CodeIgniter\Boot::bootWeb(Object(Config\Paths))
INFO - 2025-02-06 21:26:20 --> Session: Class initialized using 'CodeIgniter\Session\Handlers\FileHandler' driver.
WARNING - 2025-02-06 21:26:20 --> [DEPRECATED] Creation of dynamic property App\Controllers\Admin\Course::$session is deprecated in APPPATH/Controllers/Admin/BaseController.php on line 56.
 1 SYSTEMPATH/CodeIgniter.php(904): App\Controllers\Admin\BaseController->initController(Object(CodeIgniter\HTTP\IncomingRequest), Object(CodeIgniter\HTTP\Response), Object(CodeIgniter\Log\Logger))
 2 SYSTEMPATH/CodeIgniter.php(500): CodeIgniter\CodeIgniter->createController()
 3 SYSTEMPATH/CodeIgniter.php(355): CodeIgniter\CodeIgniter->handleRequest(null, Object(Config\Cache), false)
 4 SYSTEMPATH/Boot.php(325): CodeIgniter\CodeIgniter->run()
 5 SYSTEMPATH/Boot.php(67): CodeIgniter\Boot::runCodeIgniter(Object(CodeIgniter\CodeIgniter))
 6 FCPATH/index.php(56): CodeIgniter\Boot::bootWeb(Object(Config\Paths))
INFO - 2025-02-06 21:26:23 --> Session: Class initialized using 'CodeIgniter\Session\Handlers\FileHandler' driver.
INFO - 2025-02-06 21:26:27 --> Session: Class initialized using 'CodeIgniter\Session\Handlers\FileHandler' driver.
INFO - 2025-02-06 21:26:41 --> Session: Class initialized using 'CodeIgniter\Session\Handlers\FileHandler' driver.
WARNING - 2025-02-06 21:26:41 --> [DEPRECATED] Creation of dynamic property App\Controllers\Admin\Course::$session is deprecated in APPPATH/Controllers/Admin/BaseController.php on line 56.
 1 SYSTEMPATH/CodeIgniter.php(904): App\Controllers\Admin\BaseController->initController(Object(CodeIgniter\HTTP\IncomingRequest), Object(CodeIgniter\HTTP\Response), Object(CodeIgniter\Log\Logger))
 2 SYSTEMPATH/CodeIgniter.php(500): CodeIgniter\CodeIgniter->createController()
 3 SYSTEMPATH/CodeIgniter.php(355): CodeIgniter\CodeIgniter->handleRequest(null, Object(Config\Cache), false)
 4 SYSTEMPATH/Boot.php(325): CodeIgniter\CodeIgniter->run()
 5 SYSTEMPATH/Boot.php(67): CodeIgniter\Boot::runCodeIgniter(Object(CodeIgniter\CodeIgniter))
 6 FCPATH/index.php(56): CodeIgniter\Boot::bootWeb(Object(Config\Paths))
INFO - 2025-02-06 21:26:41 --> Session: Class initialized using 'CodeIgniter\Session\Handlers\FileHandler' driver.
WARNING - 2025-02-06 21:26:41 --> [DEPRECATED] Creation of dynamic property App\Controllers\Admin\Category::$session is deprecated in APPPATH/Controllers/Admin/BaseController.php on line 56.
 1 SYSTEMPATH/CodeIgniter.php(904): App\Controllers\Admin\BaseController->initController(Object(CodeIgniter\HTTP\IncomingRequest), Object(CodeIgniter\HTTP\Response), Object(CodeIgniter\Log\Logger))
 2 SYSTEMPATH/CodeIgniter.php(500): CodeIgniter\CodeIgniter->createController()
 3 SYSTEMPATH/CodeIgniter.php(355): CodeIgniter\CodeIgniter->handleRequest(null, Object(Config\Cache), false)
 4 SYSTEMPATH/Boot.php(325): CodeIgniter\CodeIgniter->run()
 5 SYSTEMPATH/Boot.php(67): CodeIgniter\Boot::runCodeIgniter(Object(CodeIgniter\CodeIgniter))
 6 FCPATH/index.php(56): CodeIgniter\Boot::bootWeb(Object(Config\Paths))
INFO - 2025-02-06 21:26:42 --> Session: Class initialized using 'CodeIgniter\Session\Handlers\FileHandler' driver.
WARNING - 2025-02-06 21:26:42 --> [DEPRECATED] Creation of dynamic property App\Controllers\Admin\Course::$session is deprecated in APPPATH/Controllers/Admin/BaseController.php on line 56.
 1 SYSTEMPATH/CodeIgniter.php(904): App\Controllers\Admin\BaseController->initController(Object(CodeIgniter\HTTP\IncomingRequest), Object(CodeIgniter\HTTP\Response), Object(CodeIgniter\Log\Logger))
 2 SYSTEMPATH/CodeIgniter.php(500): CodeIgniter\CodeIgniter->createController()
 3 SYSTEMPATH/CodeIgniter.php(355): CodeIgniter\CodeIgniter->handleRequest(null, Object(Config\Cache), false)
 4 SYSTEMPATH/Boot.php(325): CodeIgniter\CodeIgniter->run()
 5 SYSTEMPATH/Boot.php(67): CodeIgniter\Boot::runCodeIgniter(Object(CodeIgniter\CodeIgniter))
 6 FCPATH/index.php(56): CodeIgniter\Boot::bootWeb(Object(Config\Paths))
INFO - 2025-02-06 21:26:45 --> Session: Class initialized using 'CodeIgniter\Session\Handlers\FileHandler' driver.
WARNING - 2025-02-06 21:26:45 --> [DEPRECATED] Creation of dynamic property App\Controllers\Admin\Course::$session is deprecated in APPPATH/Controllers/Admin/BaseController.php on line 56.
 1 SYSTEMPATH/CodeIgniter.php(904): App\Controllers\Admin\BaseController->initController(Object(CodeIgniter\HTTP\IncomingRequest), Object(CodeIgniter\HTTP\Response), Object(CodeIgniter\Log\Logger))
 2 SYSTEMPATH/CodeIgniter.php(500): CodeIgniter\CodeIgniter->createController()
 3 SYSTEMPATH/CodeIgniter.php(355): CodeIgniter\CodeIgniter->handleRequest(null, Object(Config\Cache), false)
 4 SYSTEMPATH/Boot.php(325): CodeIgniter\CodeIgniter->run()
 5 SYSTEMPATH/Boot.php(67): CodeIgniter\Boot::runCodeIgniter(Object(CodeIgniter\CodeIgniter))
 6 FCPATH/index.php(56): CodeIgniter\Boot::bootWeb(Object(Config\Paths))
INFO - 2025-02-06 21:27:05 --> Session: Class initialized using 'CodeIgniter\Session\Handlers\FileHandler' driver.
WARNING - 2025-02-06 21:27:05 --> [DEPRECATED] Creation of dynamic property App\Controllers\Admin\Course::$session is deprecated in APPPATH/Controllers/Admin/BaseController.php on line 56.
 1 SYSTEMPATH/CodeIgniter.php(904): App\Controllers\Admin\BaseController->initController(Object(CodeIgniter\HTTP\IncomingRequest), Object(CodeIgniter\HTTP\Response), Object(CodeIgniter\Log\Logger))
 2 SYSTEMPATH/CodeIgniter.php(500): CodeIgniter\CodeIgniter->createController()
 3 SYSTEMPATH/CodeIgniter.php(355): CodeIgniter\CodeIgniter->handleRequest(null, Object(Config\Cache), false)
 4 SYSTEMPATH/Boot.php(325): CodeIgniter\CodeIgniter->run()
 5 SYSTEMPATH/Boot.php(67): CodeIgniter\Boot::runCodeIgniter(Object(CodeIgniter\CodeIgniter))
 6 FCPATH/index.php(56): CodeIgniter\Boot::bootWeb(Object(Config\Paths))
INFO - 2025-02-06 21:27:05 --> Session: Class initialized using 'CodeIgniter\Session\Handlers\FileHandler' driver.
WARNING - 2025-02-06 21:27:05 --> [DEPRECATED] Creation of dynamic property App\Controllers\Admin\Course::$session is deprecated in APPPATH/Controllers/Admin/BaseController.php on line 56.
 1 SYSTEMPATH/CodeIgniter.php(904): App\Controllers\Admin\BaseController->initController(Object(CodeIgniter\HTTP\IncomingRequest), Object(CodeIgniter\HTTP\Response), Object(CodeIgniter\Log\Logger))
 2 SYSTEMPATH/CodeIgniter.php(500): CodeIgniter\CodeIgniter->createController()
 3 SYSTEMPATH/CodeIgniter.php(355): CodeIgniter\CodeIgniter->handleRequest(null, Object(Config\Cache), false)
 4 SYSTEMPATH/Boot.php(325): CodeIgniter\CodeIgniter->run()
 5 SYSTEMPATH/Boot.php(67): CodeIgniter\Boot::runCodeIgniter(Object(CodeIgniter\CodeIgniter))
 6 FCPATH/index.php(56): CodeIgniter\Boot::bootWeb(Object(Config\Paths))
INFO - 2025-02-06 21:27:07 --> Session: Class initialized using 'CodeIgniter\Session\Handlers\FileHandler' driver.
INFO - 2025-02-06 21:27:11 --> Session: Class initialized using 'CodeIgniter\Session\Handlers\FileHandler' driver.
INFO - 2025-02-06 21:27:13 --> Session: Class initialized using 'CodeIgniter\Session\Handlers\FileHandler' driver.
INFO - 2025-02-06 21:27:20 --> Session: Class initialized using 'CodeIgniter\Session\Handlers\FileHandler' driver.
WARNING - 2025-02-06 21:27:20 --> [DEPRECATED] Creation of dynamic property App\Controllers\Admin\Course::$session is deprecated in APPPATH/Controllers/Admin/BaseController.php on line 56.
 1 SYSTEMPATH/CodeIgniter.php(904): App\Controllers\Admin\BaseController->initController(Object(CodeIgniter\HTTP\IncomingRequest), Object(CodeIgniter\HTTP\Response), Object(CodeIgniter\Log\Logger))
 2 SYSTEMPATH/CodeIgniter.php(500): CodeIgniter\CodeIgniter->createController()
 3 SYSTEMPATH/CodeIgniter.php(355): CodeIgniter\CodeIgniter->handleRequest(null, Object(Config\Cache), false)
 4 SYSTEMPATH/Boot.php(325): CodeIgniter\CodeIgniter->run()
 5 SYSTEMPATH/Boot.php(67): CodeIgniter\Boot::runCodeIgniter(Object(CodeIgniter\CodeIgniter))
 6 FCPATH/index.php(56): CodeIgniter\Boot::bootWeb(Object(Config\Paths))
INFO - 2025-02-06 21:27:20 --> Session: Class initialized using 'CodeIgniter\Session\Handlers\FileHandler' driver.
WARNING - 2025-02-06 21:27:20 --> [DEPRECATED] Creation of dynamic property App\Controllers\Admin\Category::$session is deprecated in APPPATH/Controllers/Admin/BaseController.php on line 56.
 1 SYSTEMPATH/CodeIgniter.php(904): App\Controllers\Admin\BaseController->initController(Object(CodeIgniter\HTTP\IncomingRequest), Object(CodeIgniter\HTTP\Response), Object(CodeIgniter\Log\Logger))
 2 SYSTEMPATH/CodeIgniter.php(500): CodeIgniter\CodeIgniter->createController()
 3 SYSTEMPATH/CodeIgniter.php(355): CodeIgniter\CodeIgniter->handleRequest(null, Object(Config\Cache), false)
 4 SYSTEMPATH/Boot.php(325): CodeIgniter\CodeIgniter->run()
 5 SYSTEMPATH/Boot.php(67): CodeIgniter\Boot::runCodeIgniter(Object(CodeIgniter\CodeIgniter))
 6 FCPATH/index.php(56): CodeIgniter\Boot::bootWeb(Object(Config\Paths))
INFO - 2025-02-06 21:27:21 --> Session: Class initialized using 'CodeIgniter\Session\Handlers\FileHandler' driver.
WARNING - 2025-02-06 21:27:21 --> [DEPRECATED] Creation of dynamic property App\Controllers\Admin\Course::$session is deprecated in APPPATH/Controllers/Admin/BaseController.php on line 56.
 1 SYSTEMPATH/CodeIgniter.php(904): App\Controllers\Admin\BaseController->initController(Object(CodeIgniter\HTTP\IncomingRequest), Object(CodeIgniter\HTTP\Response), Object(CodeIgniter\Log\Logger))
 2 SYSTEMPATH/CodeIgniter.php(500): CodeIgniter\CodeIgniter->createController()
 3 SYSTEMPATH/CodeIgniter.php(355): CodeIgniter\CodeIgniter->handleRequest(null, Object(Config\Cache), false)
 4 SYSTEMPATH/Boot.php(325): CodeIgniter\CodeIgniter->run()
 5 SYSTEMPATH/Boot.php(67): CodeIgniter\Boot::runCodeIgniter(Object(CodeIgniter\CodeIgniter))
 6 FCPATH/index.php(56): CodeIgniter\Boot::bootWeb(Object(Config\Paths))
INFO - 2025-02-06 21:27:26 --> Session: Class initialized using 'CodeIgniter\Session\Handlers\FileHandler' driver.
WARNING - 2025-02-06 21:27:26 --> [DEPRECATED] Creation of dynamic property App\Controllers\Admin\Course::$session is deprecated in APPPATH/Controllers/Admin/BaseController.php on line 56.
 1 SYSTEMPATH/CodeIgniter.php(904): App\Controllers\Admin\BaseController->initController(Object(CodeIgniter\HTTP\IncomingRequest), Object(CodeIgniter\HTTP\Response), Object(CodeIgniter\Log\Logger))
 2 SYSTEMPATH/CodeIgniter.php(500): CodeIgniter\CodeIgniter->createController()
 3 SYSTEMPATH/CodeIgniter.php(355): CodeIgniter\CodeIgniter->handleRequest(null, Object(Config\Cache), false)
 4 SYSTEMPATH/Boot.php(325): CodeIgniter\CodeIgniter->run()
 5 SYSTEMPATH/Boot.php(67): CodeIgniter\Boot::runCodeIgniter(Object(CodeIgniter\CodeIgniter))
 6 FCPATH/index.php(56): CodeIgniter\Boot::bootWeb(Object(Config\Paths))
INFO - 2025-02-06 21:28:02 --> Session: Class initialized using 'CodeIgniter\Session\Handlers\FileHandler' driver.
WARNING - 2025-02-06 21:28:02 --> [DEPRECATED] Creation of dynamic property App\Controllers\Admin\Course::$session is deprecated in APPPATH/Controllers/Admin/BaseController.php on line 56.
 1 SYSTEMPATH/CodeIgniter.php(904): App\Controllers\Admin\BaseController->initController(Object(CodeIgniter\HTTP\IncomingRequest), Object(CodeIgniter\HTTP\Response), Object(CodeIgniter\Log\Logger))
 2 SYSTEMPATH/CodeIgniter.php(500): CodeIgniter\CodeIgniter->createController()
 3 SYSTEMPATH/CodeIgniter.php(355): CodeIgniter\CodeIgniter->handleRequest(null, Object(Config\Cache), false)
 4 SYSTEMPATH/Boot.php(325): CodeIgniter\CodeIgniter->run()
 5 SYSTEMPATH/Boot.php(67): CodeIgniter\Boot::runCodeIgniter(Object(CodeIgniter\CodeIgniter))
 6 FCPATH/index.php(56): CodeIgniter\Boot::bootWeb(Object(Config\Paths))
INFO - 2025-02-06 21:28:03 --> Session: Class initialized using 'CodeIgniter\Session\Handlers\FileHandler' driver.
WARNING - 2025-02-06 21:28:03 --> [DEPRECATED] Creation of dynamic property App\Controllers\Admin\Course::$session is deprecated in APPPATH/Controllers/Admin/BaseController.php on line 56.
 1 SYSTEMPATH/CodeIgniter.php(904): App\Controllers\Admin\BaseController->initController(Object(CodeIgniter\HTTP\IncomingRequest), Object(CodeIgniter\HTTP\Response), Object(CodeIgniter\Log\Logger))
 2 SYSTEMPATH/CodeIgniter.php(500): CodeIgniter\CodeIgniter->createController()
 3 SYSTEMPATH/CodeIgniter.php(355): CodeIgniter\CodeIgniter->handleRequest(null, Object(Config\Cache), false)
 4 SYSTEMPATH/Boot.php(325): CodeIgniter\CodeIgniter->run()
 5 SYSTEMPATH/Boot.php(67): CodeIgniter\Boot::runCodeIgniter(Object(CodeIgniter\CodeIgniter))
 6 FCPATH/index.php(56): CodeIgniter\Boot::bootWeb(Object(Config\Paths))
INFO - 2025-02-06 21:28:04 --> Session: Class initialized using 'CodeIgniter\Session\Handlers\FileHandler' driver.
INFO - 2025-02-06 21:28:07 --> Session: Class initialized using 'CodeIgniter\Session\Handlers\FileHandler' driver.
INFO - 2025-02-06 21:28:16 --> Session: Class initialized using 'CodeIgniter\Session\Handlers\FileHandler' driver.
WARNING - 2025-02-06 21:28:16 --> [DEPRECATED] Creation of dynamic property App\Controllers\Admin\Course::$session is deprecated in APPPATH/Controllers/Admin/BaseController.php on line 56.
 1 SYSTEMPATH/CodeIgniter.php(904): App\Controllers\Admin\BaseController->initController(Object(CodeIgniter\HTTP\IncomingRequest), Object(CodeIgniter\HTTP\Response), Object(CodeIgniter\Log\Logger))
 2 SYSTEMPATH/CodeIgniter.php(500): CodeIgniter\CodeIgniter->createController()
 3 SYSTEMPATH/CodeIgniter.php(355): CodeIgniter\CodeIgniter->handleRequest(null, Object(Config\Cache), false)
 4 SYSTEMPATH/Boot.php(325): CodeIgniter\CodeIgniter->run()
 5 SYSTEMPATH/Boot.php(67): CodeIgniter\Boot::runCodeIgniter(Object(CodeIgniter\CodeIgniter))
 6 FCPATH/index.php(56): CodeIgniter\Boot::bootWeb(Object(Config\Paths))
INFO - 2025-02-06 21:28:17 --> Session: Class initialized using 'CodeIgniter\Session\Handlers\FileHandler' driver.
WARNING - 2025-02-06 21:28:17 --> [DEPRECATED] Creation of dynamic property App\Controllers\Admin\Category::$session is deprecated in APPPATH/Controllers/Admin/BaseController.php on line 56.
 1 SYSTEMPATH/CodeIgniter.php(904): App\Controllers\Admin\BaseController->initController(Object(CodeIgniter\HTTP\IncomingRequest), Object(CodeIgniter\HTTP\Response), Object(CodeIgniter\Log\Logger))
 2 SYSTEMPATH/CodeIgniter.php(500): CodeIgniter\CodeIgniter->createController()
 3 SYSTEMPATH/CodeIgniter.php(355): CodeIgniter\CodeIgniter->handleRequest(null, Object(Config\Cache), false)
 4 SYSTEMPATH/Boot.php(325): CodeIgniter\CodeIgniter->run()
 5 SYSTEMPATH/Boot.php(67): CodeIgniter\Boot::runCodeIgniter(Object(CodeIgniter\CodeIgniter))
 6 FCPATH/index.php(56): CodeIgniter\Boot::bootWeb(Object(Config\Paths))
INFO - 2025-02-06 21:28:17 --> Session: Class initialized using 'CodeIgniter\Session\Handlers\FileHandler' driver.
WARNING - 2025-02-06 21:28:17 --> [DEPRECATED] Creation of dynamic property App\Controllers\Admin\Course::$session is deprecated in APPPATH/Controllers/Admin/BaseController.php on line 56.
 1 SYSTEMPATH/CodeIgniter.php(904): App\Controllers\Admin\BaseController->initController(Object(CodeIgniter\HTTP\IncomingRequest), Object(CodeIgniter\HTTP\Response), Object(CodeIgniter\Log\Logger))
 2 SYSTEMPATH/CodeIgniter.php(500): CodeIgniter\CodeIgniter->createController()
 3 SYSTEMPATH/CodeIgniter.php(355): CodeIgniter\CodeIgniter->handleRequest(null, Object(Config\Cache), false)
 4 SYSTEMPATH/Boot.php(325): CodeIgniter\CodeIgniter->run()
 5 SYSTEMPATH/Boot.php(67): CodeIgniter\Boot::runCodeIgniter(Object(CodeIgniter\CodeIgniter))
 6 FCPATH/index.php(56): CodeIgniter\Boot::bootWeb(Object(Config\Paths))
INFO - 2025-02-06 21:28:20 --> Session: Class initialized using 'CodeIgniter\Session\Handlers\FileHandler' driver.
WARNING - 2025-02-06 21:28:20 --> [DEPRECATED] Creation of dynamic property App\Controllers\Admin\Course::$session is deprecated in APPPATH/Controllers/Admin/BaseController.php on line 56.
 1 SYSTEMPATH/CodeIgniter.php(904): App\Controllers\Admin\BaseController->initController(Object(CodeIgniter\HTTP\IncomingRequest), Object(CodeIgniter\HTTP\Response), Object(CodeIgniter\Log\Logger))
 2 SYSTEMPATH/CodeIgniter.php(500): CodeIgniter\CodeIgniter->createController()
 3 SYSTEMPATH/CodeIgniter.php(355): CodeIgniter\CodeIgniter->handleRequest(null, Object(Config\Cache), false)
 4 SYSTEMPATH/Boot.php(325): CodeIgniter\CodeIgniter->run()
 5 SYSTEMPATH/Boot.php(67): CodeIgniter\Boot::runCodeIgniter(Object(CodeIgniter\CodeIgniter))
 6 FCPATH/index.php(56): CodeIgniter\Boot::bootWeb(Object(Config\Paths))
INFO - 2025-02-06 21:29:09 --> Session: Class initialized using 'CodeIgniter\Session\Handlers\FileHandler' driver.
WARNING - 2025-02-06 21:29:09 --> [DEPRECATED] Creation of dynamic property App\Controllers\Admin\Course::$session is deprecated in APPPATH/Controllers/Admin/BaseController.php on line 56.
 1 SYSTEMPATH/CodeIgniter.php(904): App\Controllers\Admin\BaseController->initController(Object(CodeIgniter\HTTP\IncomingRequest), Object(CodeIgniter\HTTP\Response), Object(CodeIgniter\Log\Logger))
 2 SYSTEMPATH/CodeIgniter.php(500): CodeIgniter\CodeIgniter->createController()
 3 SYSTEMPATH/CodeIgniter.php(355): CodeIgniter\CodeIgniter->handleRequest(null, Object(Config\Cache), false)
 4 SYSTEMPATH/Boot.php(325): CodeIgniter\CodeIgniter->run()
 5 SYSTEMPATH/Boot.php(67): CodeIgniter\Boot::runCodeIgniter(Object(CodeIgniter\CodeIgniter))
 6 FCPATH/index.php(56): CodeIgniter\Boot::bootWeb(Object(Config\Paths))
INFO - 2025-02-06 21:29:10 --> Session: Class initialized using 'CodeIgniter\Session\Handlers\FileHandler' driver.
WARNING - 2025-02-06 21:29:10 --> [DEPRECATED] Creation of dynamic property App\Controllers\Admin\Course::$session is deprecated in APPPATH/Controllers/Admin/BaseController.php on line 56.
 1 SYSTEMPATH/CodeIgniter.php(904): App\Controllers\Admin\BaseController->initController(Object(CodeIgniter\HTTP\IncomingRequest), Object(CodeIgniter\HTTP\Response), Object(CodeIgniter\Log\Logger))
 2 SYSTEMPATH/CodeIgniter.php(500): CodeIgniter\CodeIgniter->createController()
 3 SYSTEMPATH/CodeIgniter.php(355): CodeIgniter\CodeIgniter->handleRequest(null, Object(Config\Cache), false)
 4 SYSTEMPATH/Boot.php(325): CodeIgniter\CodeIgniter->run()
 5 SYSTEMPATH/Boot.php(67): CodeIgniter\Boot::runCodeIgniter(Object(CodeIgniter\CodeIgniter))
 6 FCPATH/index.php(56): CodeIgniter\Boot::bootWeb(Object(Config\Paths))
INFO - 2025-02-06 21:29:11 --> Session: Class initialized using 'CodeIgniter\Session\Handlers\FileHandler' driver.
INFO - 2025-02-06 21:29:14 --> Session: Class initialized using 'CodeIgniter\Session\Handlers\FileHandler' driver.
INFO - 2025-02-06 21:29:32 --> Session: Class initialized using 'CodeIgniter\Session\Handlers\FileHandler' driver.
WARNING - 2025-02-06 21:29:32 --> [DEPRECATED] Creation of dynamic property App\Controllers\Admin\Course::$session is deprecated in APPPATH/Controllers/Admin/BaseController.php on line 56.
 1 SYSTEMPATH/CodeIgniter.php(904): App\Controllers\Admin\BaseController->initController(Object(CodeIgniter\HTTP\IncomingRequest), Object(CodeIgniter\HTTP\Response), Object(CodeIgniter\Log\Logger))
 2 SYSTEMPATH/CodeIgniter.php(500): CodeIgniter\CodeIgniter->createController()
 3 SYSTEMPATH/CodeIgniter.php(355): CodeIgniter\CodeIgniter->handleRequest(null, Object(Config\Cache), false)
 4 SYSTEMPATH/Boot.php(325): CodeIgniter\CodeIgniter->run()
 5 SYSTEMPATH/Boot.php(67): CodeIgniter\Boot::runCodeIgniter(Object(CodeIgniter\CodeIgniter))
 6 FCPATH/index.php(56): CodeIgniter\Boot::bootWeb(Object(Config\Paths))
INFO - 2025-02-06 21:29:33 --> Session: Class initialized using 'CodeIgniter\Session\Handlers\FileHandler' driver.
WARNING - 2025-02-06 21:29:33 --> [DEPRECATED] Creation of dynamic property App\Controllers\Admin\Category::$session is deprecated in APPPATH/Controllers/Admin/BaseController.php on line 56.
 1 SYSTEMPATH/CodeIgniter.php(904): App\Controllers\Admin\BaseController->initController(Object(CodeIgniter\HTTP\IncomingRequest), Object(CodeIgniter\HTTP\Response), Object(CodeIgniter\Log\Logger))
 2 SYSTEMPATH/CodeIgniter.php(500): CodeIgniter\CodeIgniter->createController()
 3 SYSTEMPATH/CodeIgniter.php(355): CodeIgniter\CodeIgniter->handleRequest(null, Object(Config\Cache), false)
 4 SYSTEMPATH/Boot.php(325): CodeIgniter\CodeIgniter->run()
 5 SYSTEMPATH/Boot.php(67): CodeIgniter\Boot::runCodeIgniter(Object(CodeIgniter\CodeIgniter))
 6 FCPATH/index.php(56): CodeIgniter\Boot::bootWeb(Object(Config\Paths))
INFO - 2025-02-06 21:29:35 --> Session: Class initialized using 'CodeIgniter\Session\Handlers\FileHandler' driver.
WARNING - 2025-02-06 21:29:35 --> [DEPRECATED] Creation of dynamic property App\Controllers\Admin\Course::$session is deprecated in APPPATH/Controllers/Admin/BaseController.php on line 56.
 1 SYSTEMPATH/CodeIgniter.php(904): App\Controllers\Admin\BaseController->initController(Object(CodeIgniter\HTTP\IncomingRequest), Object(CodeIgniter\HTTP\Response), Object(CodeIgniter\Log\Logger))
 2 SYSTEMPATH/CodeIgniter.php(500): CodeIgniter\CodeIgniter->createController()
 3 SYSTEMPATH/CodeIgniter.php(355): CodeIgniter\CodeIgniter->handleRequest(null, Object(Config\Cache), false)
 4 SYSTEMPATH/Boot.php(325): CodeIgniter\CodeIgniter->run()
 5 SYSTEMPATH/Boot.php(67): CodeIgniter\Boot::runCodeIgniter(Object(CodeIgniter\CodeIgniter))
 6 FCPATH/index.php(56): CodeIgniter\Boot::bootWeb(Object(Config\Paths))
INFO - 2025-02-06 21:29:39 --> Session: Class initialized using 'CodeIgniter\Session\Handlers\FileHandler' driver.
WARNING - 2025-02-06 21:29:39 --> [DEPRECATED] Creation of dynamic property App\Controllers\Admin\Course::$session is deprecated in APPPATH/Controllers/Admin/BaseController.php on line 56.
 1 SYSTEMPATH/CodeIgniter.php(904): App\Controllers\Admin\BaseController->initController(Object(CodeIgniter\HTTP\IncomingRequest), Object(CodeIgniter\HTTP\Response), Object(CodeIgniter\Log\Logger))
 2 SYSTEMPATH/CodeIgniter.php(500): CodeIgniter\CodeIgniter->createController()
 3 SYSTEMPATH/CodeIgniter.php(355): CodeIgniter\CodeIgniter->handleRequest(null, Object(Config\Cache), false)
 4 SYSTEMPATH/Boot.php(325): CodeIgniter\CodeIgniter->run()
 5 SYSTEMPATH/Boot.php(67): CodeIgniter\Boot::runCodeIgniter(Object(CodeIgniter\CodeIgniter))
 6 FCPATH/index.php(56): CodeIgniter\Boot::bootWeb(Object(Config\Paths))
INFO - 2025-02-06 21:29:59 --> Session: Class initialized using 'CodeIgniter\Session\Handlers\FileHandler' driver.
WARNING - 2025-02-06 21:29:59 --> [DEPRECATED] Creation of dynamic property App\Controllers\Admin\Course::$session is deprecated in APPPATH/Controllers/Admin/BaseController.php on line 56.
 1 SYSTEMPATH/CodeIgniter.php(904): App\Controllers\Admin\BaseController->initController(Object(CodeIgniter\HTTP\IncomingRequest), Object(CodeIgniter\HTTP\Response), Object(CodeIgniter\Log\Logger))
 2 SYSTEMPATH/CodeIgniter.php(500): CodeIgniter\CodeIgniter->createController()
 3 SYSTEMPATH/CodeIgniter.php(355): CodeIgniter\CodeIgniter->handleRequest(null, Object(Config\Cache), false)
 4 SYSTEMPATH/Boot.php(325): CodeIgniter\CodeIgniter->run()
 5 SYSTEMPATH/Boot.php(67): CodeIgniter\Boot::runCodeIgniter(Object(CodeIgniter\CodeIgniter))
 6 FCPATH/index.php(56): CodeIgniter\Boot::bootWeb(Object(Config\Paths))
INFO - 2025-02-06 21:29:59 --> Session: Class initialized using 'CodeIgniter\Session\Handlers\FileHandler' driver.
WARNING - 2025-02-06 21:29:59 --> [DEPRECATED] Creation of dynamic property App\Controllers\Admin\Course::$session is deprecated in APPPATH/Controllers/Admin/BaseController.php on line 56.
 1 SYSTEMPATH/CodeIgniter.php(904): App\Controllers\Admin\BaseController->initController(Object(CodeIgniter\HTTP\IncomingRequest), Object(CodeIgniter\HTTP\Response), Object(CodeIgniter\Log\Logger))
 2 SYSTEMPATH/CodeIgniter.php(500): CodeIgniter\CodeIgniter->createController()
 3 SYSTEMPATH/CodeIgniter.php(355): CodeIgniter\CodeIgniter->handleRequest(null, Object(Config\Cache), false)
 4 SYSTEMPATH/Boot.php(325): CodeIgniter\CodeIgniter->run()
 5 SYSTEMPATH/Boot.php(67): CodeIgniter\Boot::runCodeIgniter(Object(CodeIgniter\CodeIgniter))
 6 FCPATH/index.php(56): CodeIgniter\Boot::bootWeb(Object(Config\Paths))
INFO - 2025-02-06 21:30:01 --> Session: Class initialized using 'CodeIgniter\Session\Handlers\FileHandler' driver.
INFO - 2025-02-06 21:30:04 --> Session: Class initialized using 'CodeIgniter\Session\Handlers\FileHandler' driver.
INFO - 2025-02-06 21:30:12 --> Session: Class initialized using 'CodeIgniter\Session\Handlers\FileHandler' driver.
WARNING - 2025-02-06 21:30:12 --> [DEPRECATED] Creation of dynamic property App\Controllers\Admin\Course::$session is deprecated in APPPATH/Controllers/Admin/BaseController.php on line 56.
 1 SYSTEMPATH/CodeIgniter.php(904): App\Controllers\Admin\BaseController->initController(Object(CodeIgniter\HTTP\IncomingRequest), Object(CodeIgniter\HTTP\Response), Object(CodeIgniter\Log\Logger))
 2 SYSTEMPATH/CodeIgniter.php(500): CodeIgniter\CodeIgniter->createController()
 3 SYSTEMPATH/CodeIgniter.php(355): CodeIgniter\CodeIgniter->handleRequest(null, Object(Config\Cache), false)
 4 SYSTEMPATH/Boot.php(325): CodeIgniter\CodeIgniter->run()
 5 SYSTEMPATH/Boot.php(67): CodeIgniter\Boot::runCodeIgniter(Object(CodeIgniter\CodeIgniter))
 6 FCPATH/index.php(56): CodeIgniter\Boot::bootWeb(Object(Config\Paths))
INFO - 2025-02-06 21:30:12 --> Session: Class initialized using 'CodeIgniter\Session\Handlers\FileHandler' driver.
WARNING - 2025-02-06 21:30:12 --> [DEPRECATED] Creation of dynamic property App\Controllers\Admin\Category::$session is deprecated in APPPATH/Controllers/Admin/BaseController.php on line 56.
 1 SYSTEMPATH/CodeIgniter.php(904): App\Controllers\Admin\BaseController->initController(Object(CodeIgniter\HTTP\IncomingRequest), Object(CodeIgniter\HTTP\Response), Object(CodeIgniter\Log\Logger))
 2 SYSTEMPATH/CodeIgniter.php(500): CodeIgniter\CodeIgniter->createController()
 3 SYSTEMPATH/CodeIgniter.php(355): CodeIgniter\CodeIgniter->handleRequest(null, Object(Config\Cache), false)
 4 SYSTEMPATH/Boot.php(325): CodeIgniter\CodeIgniter->run()
 5 SYSTEMPATH/Boot.php(67): CodeIgniter\Boot::runCodeIgniter(Object(CodeIgniter\CodeIgniter))
 6 FCPATH/index.php(56): CodeIgniter\Boot::bootWeb(Object(Config\Paths))
INFO - 2025-02-06 21:30:13 --> Session: Class initialized using 'CodeIgniter\Session\Handlers\FileHandler' driver.
WARNING - 2025-02-06 21:30:13 --> [DEPRECATED] Creation of dynamic property App\Controllers\Admin\Course::$session is deprecated in APPPATH/Controllers/Admin/BaseController.php on line 56.
 1 SYSTEMPATH/CodeIgniter.php(904): App\Controllers\Admin\BaseController->initController(Object(CodeIgniter\HTTP\IncomingRequest), Object(CodeIgniter\HTTP\Response), Object(CodeIgniter\Log\Logger))
 2 SYSTEMPATH/CodeIgniter.php(500): CodeIgniter\CodeIgniter->createController()
 3 SYSTEMPATH/CodeIgniter.php(355): CodeIgniter\CodeIgniter->handleRequest(null, Object(Config\Cache), false)
 4 SYSTEMPATH/Boot.php(325): CodeIgniter\CodeIgniter->run()
 5 SYSTEMPATH/Boot.php(67): CodeIgniter\Boot::runCodeIgniter(Object(CodeIgniter\CodeIgniter))
 6 FCPATH/index.php(56): CodeIgniter\Boot::bootWeb(Object(Config\Paths))
INFO - 2025-02-06 21:30:16 --> Session: Class initialized using 'CodeIgniter\Session\Handlers\FileHandler' driver.
WARNING - 2025-02-06 21:30:16 --> [DEPRECATED] Creation of dynamic property App\Controllers\Admin\Course::$session is deprecated in APPPATH/Controllers/Admin/BaseController.php on line 56.
 1 SYSTEMPATH/CodeIgniter.php(904): App\Controllers\Admin\BaseController->initController(Object(CodeIgniter\HTTP\IncomingRequest), Object(CodeIgniter\HTTP\Response), Object(CodeIgniter\Log\Logger))
 2 SYSTEMPATH/CodeIgniter.php(500): CodeIgniter\CodeIgniter->createController()
 3 SYSTEMPATH/CodeIgniter.php(355): CodeIgniter\CodeIgniter->handleRequest(null, Object(Config\Cache), false)
 4 SYSTEMPATH/Boot.php(325): CodeIgniter\CodeIgniter->run()
 5 SYSTEMPATH/Boot.php(67): CodeIgniter\Boot::runCodeIgniter(Object(CodeIgniter\CodeIgniter))
 6 FCPATH/index.php(56): CodeIgniter\Boot::bootWeb(Object(Config\Paths))
INFO - 2025-02-06 21:30:32 --> Session: Class initialized using 'CodeIgniter\Session\Handlers\FileHandler' driver.
INFO - 2025-02-06 21:30:35 --> Session: Class initialized using 'CodeIgniter\Session\Handlers\FileHandler' driver.
INFO - 2025-02-06 21:30:37 --> Session: Class initialized using 'CodeIgniter\Session\Handlers\FileHandler' driver.
INFO - 2025-02-06 21:30:39 --> Session: Class initialized using 'CodeIgniter\Session\Handlers\FileHandler' driver.
INFO - 2025-02-06 21:30:40 --> Session: Class initialized using 'CodeIgniter\Session\Handlers\FileHandler' driver.
INFO - 2025-02-06 21:30:42 --> Session: Class initialized using 'CodeIgniter\Session\Handlers\FileHandler' driver.
INFO - 2025-02-06 21:31:28 --> Session: Class initialized using 'CodeIgniter\Session\Handlers\FileHandler' driver.
WARNING - 2025-02-06 21:31:28 --> [DEPRECATED] Creation of dynamic property App\Controllers\Admin\Course::$session is deprecated in APPPATH/Controllers/Admin/BaseController.php on line 56.
 1 SYSTEMPATH/CodeIgniter.php(904): App\Controllers\Admin\BaseController->initController(Object(CodeIgniter\HTTP\IncomingRequest), Object(CodeIgniter\HTTP\Response), Object(CodeIgniter\Log\Logger))
 2 SYSTEMPATH/CodeIgniter.php(500): CodeIgniter\CodeIgniter->createController()
 3 SYSTEMPATH/CodeIgniter.php(355): CodeIgniter\CodeIgniter->handleRequest(null, Object(Config\Cache), false)
 4 SYSTEMPATH/Boot.php(325): CodeIgniter\CodeIgniter->run()
 5 SYSTEMPATH/Boot.php(67): CodeIgniter\Boot::runCodeIgniter(Object(CodeIgniter\CodeIgniter))
 6 FCPATH/index.php(56): CodeIgniter\Boot::bootWeb(Object(Config\Paths))
INFO - 2025-02-06 21:31:29 --> Session: Class initialized using 'CodeIgniter\Session\Handlers\FileHandler' driver.
WARNING - 2025-02-06 21:31:29 --> [DEPRECATED] Creation of dynamic property App\Controllers\Admin\Course::$session is deprecated in APPPATH/Controllers/Admin/BaseController.php on line 56.
 1 SYSTEMPATH/CodeIgniter.php(904): App\Controllers\Admin\BaseController->initController(Object(CodeIgniter\HTTP\IncomingRequest), Object(CodeIgniter\HTTP\Response), Object(CodeIgniter\Log\Logger))
 2 SYSTEMPATH/CodeIgniter.php(500): CodeIgniter\CodeIgniter->createController()
 3 SYSTEMPATH/CodeIgniter.php(355): CodeIgniter\CodeIgniter->handleRequest(null, Object(Config\Cache), false)
 4 SYSTEMPATH/Boot.php(325): CodeIgniter\CodeIgniter->run()
 5 SYSTEMPATH/Boot.php(67): CodeIgniter\Boot::runCodeIgniter(Object(CodeIgniter\CodeIgniter))
 6 FCPATH/index.php(56): CodeIgniter\Boot::bootWeb(Object(Config\Paths))
INFO - 2025-02-06 21:31:30 --> Session: Class initialized using 'CodeIgniter\Session\Handlers\FileHandler' driver.
INFO - 2025-02-06 21:31:33 --> Session: Class initialized using 'CodeIgniter\Session\Handlers\FileHandler' driver.
INFO - 2025-02-06 21:31:40 --> Session: Class initialized using 'CodeIgniter\Session\Handlers\FileHandler' driver.
INFO - 2025-02-06 21:31:44 --> Session: Class initialized using 'CodeIgniter\Session\Handlers\FileHandler' driver.
INFO - 2025-02-06 21:31:48 --> Session: Class initialized using 'CodeIgniter\Session\Handlers\FileHandler' driver.
INFO - 2025-02-06 21:31:50 --> Session: Class initialized using 'CodeIgniter\Session\Handlers\FileHandler' driver.
INFO - 2025-02-06 21:31:52 --> Session: Class initialized using 'CodeIgniter\Session\Handlers\FileHandler' driver.
WARNING - 2025-02-06 21:31:52 --> [DEPRECATED] Creation of dynamic property App\Controllers\Admin\Course::$session is deprecated in APPPATH/Controllers/Admin/BaseController.php on line 56.
 1 SYSTEMPATH/CodeIgniter.php(904): App\Controllers\Admin\BaseController->initController(Object(CodeIgniter\HTTP\IncomingRequest), Object(CodeIgniter\HTTP\Response), Object(CodeIgniter\Log\Logger))
 2 SYSTEMPATH/CodeIgniter.php(500): CodeIgniter\CodeIgniter->createController()
 3 SYSTEMPATH/CodeIgniter.php(355): CodeIgniter\CodeIgniter->handleRequest(null, Object(Config\Cache), false)
 4 SYSTEMPATH/Boot.php(325): CodeIgniter\CodeIgniter->run()
 5 SYSTEMPATH/Boot.php(67): CodeIgniter\Boot::runCodeIgniter(Object(CodeIgniter\CodeIgniter))
 6 FCPATH/index.php(56): CodeIgniter\Boot::bootWeb(Object(Config\Paths))
INFO - 2025-02-06 21:31:53 --> Session: Class initialized using 'CodeIgniter\Session\Handlers\FileHandler' driver.
WARNING - 2025-02-06 21:31:53 --> [DEPRECATED] Creation of dynamic property App\Controllers\Admin\Category::$session is deprecated in APPPATH/Controllers/Admin/BaseController.php on line 56.
 1 SYSTEMPATH/CodeIgniter.php(904): App\Controllers\Admin\BaseController->initController(Object(CodeIgniter\HTTP\IncomingRequest), Object(CodeIgniter\HTTP\Response), Object(CodeIgniter\Log\Logger))
 2 SYSTEMPATH/CodeIgniter.php(500): CodeIgniter\CodeIgniter->createController()
 3 SYSTEMPATH/CodeIgniter.php(355): CodeIgniter\CodeIgniter->handleRequest(null, Object(Config\Cache), false)
 4 SYSTEMPATH/Boot.php(325): CodeIgniter\CodeIgniter->run()
 5 SYSTEMPATH/Boot.php(67): CodeIgniter\Boot::runCodeIgniter(Object(CodeIgniter\CodeIgniter))
 6 FCPATH/index.php(56): CodeIgniter\Boot::bootWeb(Object(Config\Paths))
INFO - 2025-02-06 21:31:53 --> Session: Class initialized using 'CodeIgniter\Session\Handlers\FileHandler' driver.
WARNING - 2025-02-06 21:31:53 --> [DEPRECATED] Creation of dynamic property App\Controllers\Admin\Course::$session is deprecated in APPPATH/Controllers/Admin/BaseController.php on line 56.
 1 SYSTEMPATH/CodeIgniter.php(904): App\Controllers\Admin\BaseController->initController(Object(CodeIgniter\HTTP\IncomingRequest), Object(CodeIgniter\HTTP\Response), Object(CodeIgniter\Log\Logger))
 2 SYSTEMPATH/CodeIgniter.php(500): CodeIgniter\CodeIgniter->createController()
 3 SYSTEMPATH/CodeIgniter.php(355): CodeIgniter\CodeIgniter->handleRequest(null, Object(Config\Cache), false)
 4 SYSTEMPATH/Boot.php(325): CodeIgniter\CodeIgniter->run()
 5 SYSTEMPATH/Boot.php(67): CodeIgniter\Boot::runCodeIgniter(Object(CodeIgniter\CodeIgniter))
 6 FCPATH/index.php(56): CodeIgniter\Boot::bootWeb(Object(Config\Paths))
INFO - 2025-02-06 21:31:57 --> Session: Class initialized using 'CodeIgniter\Session\Handlers\FileHandler' driver.
WARNING - 2025-02-06 21:31:57 --> [DEPRECATED] Creation of dynamic property App\Controllers\Admin\Course::$session is deprecated in APPPATH/Controllers/Admin/BaseController.php on line 56.
 1 SYSTEMPATH/CodeIgniter.php(904): App\Controllers\Admin\BaseController->initController(Object(CodeIgniter\HTTP\IncomingRequest), Object(CodeIgniter\HTTP\Response), Object(CodeIgniter\Log\Logger))
 2 SYSTEMPATH/CodeIgniter.php(500): CodeIgniter\CodeIgniter->createController()
 3 SYSTEMPATH/CodeIgniter.php(355): CodeIgniter\CodeIgniter->handleRequest(null, Object(Config\Cache), false)
 4 SYSTEMPATH/Boot.php(325): CodeIgniter\CodeIgniter->run()
 5 SYSTEMPATH/Boot.php(67): CodeIgniter\Boot::runCodeIgniter(Object(CodeIgniter\CodeIgniter))
 6 FCPATH/index.php(56): CodeIgniter\Boot::bootWeb(Object(Config\Paths))
INFO - 2025-02-06 21:32:47 --> Session: Class initialized using 'CodeIgniter\Session\Handlers\FileHandler' driver.
WARNING - 2025-02-06 21:32:47 --> [DEPRECATED] Creation of dynamic property App\Controllers\Admin\Course::$session is deprecated in APPPATH/Controllers/Admin/BaseController.php on line 56.
 1 SYSTEMPATH/CodeIgniter.php(904): App\Controllers\Admin\BaseController->initController(Object(CodeIgniter\HTTP\IncomingRequest), Object(CodeIgniter\HTTP\Response), Object(CodeIgniter\Log\Logger))
 2 SYSTEMPATH/CodeIgniter.php(500): CodeIgniter\CodeIgniter->createController()
 3 SYSTEMPATH/CodeIgniter.php(355): CodeIgniter\CodeIgniter->handleRequest(null, Object(Config\Cache), false)
 4 SYSTEMPATH/Boot.php(325): CodeIgniter\CodeIgniter->run()
 5 SYSTEMPATH/Boot.php(67): CodeIgniter\Boot::runCodeIgniter(Object(CodeIgniter\CodeIgniter))
 6 FCPATH/index.php(56): CodeIgniter\Boot::bootWeb(Object(Config\Paths))
INFO - 2025-02-06 21:32:47 --> Session: Class initialized using 'CodeIgniter\Session\Handlers\FileHandler' driver.
WARNING - 2025-02-06 21:32:47 --> [DEPRECATED] Creation of dynamic property App\Controllers\Admin\Course::$session is deprecated in APPPATH/Controllers/Admin/BaseController.php on line 56.
 1 SYSTEMPATH/CodeIgniter.php(904): App\Controllers\Admin\BaseController->initController(Object(CodeIgniter\HTTP\IncomingRequest), Object(CodeIgniter\HTTP\Response), Object(CodeIgniter\Log\Logger))
 2 SYSTEMPATH/CodeIgniter.php(500): CodeIgniter\CodeIgniter->createController()
 3 SYSTEMPATH/CodeIgniter.php(355): CodeIgniter\CodeIgniter->handleRequest(null, Object(Config\Cache), false)
 4 SYSTEMPATH/Boot.php(325): CodeIgniter\CodeIgniter->run()
 5 SYSTEMPATH/Boot.php(67): CodeIgniter\Boot::runCodeIgniter(Object(CodeIgniter\CodeIgniter))
 6 FCPATH/index.php(56): CodeIgniter\Boot::bootWeb(Object(Config\Paths))
INFO - 2025-02-06 21:32:49 --> Session: Class initialized using 'CodeIgniter\Session\Handlers\FileHandler' driver.
INFO - 2025-02-06 21:32:51 --> Session: Class initialized using 'CodeIgniter\Session\Handlers\FileHandler' driver.
INFO - 2025-02-06 21:33:09 --> Session: Class initialized using 'CodeIgniter\Session\Handlers\FileHandler' driver.
WARNING - 2025-02-06 21:33:09 --> [DEPRECATED] Creation of dynamic property App\Controllers\Admin\Course::$session is deprecated in APPPATH/Controllers/Admin/BaseController.php on line 56.
 1 SYSTEMPATH/CodeIgniter.php(904): App\Controllers\Admin\BaseController->initController(Object(CodeIgniter\HTTP\IncomingRequest), Object(CodeIgniter\HTTP\Response), Object(CodeIgniter\Log\Logger))
 2 SYSTEMPATH/CodeIgniter.php(500): CodeIgniter\CodeIgniter->createController()
 3 SYSTEMPATH/CodeIgniter.php(355): CodeIgniter\CodeIgniter->handleRequest(null, Object(Config\Cache), false)
 4 SYSTEMPATH/Boot.php(325): CodeIgniter\CodeIgniter->run()
 5 SYSTEMPATH/Boot.php(67): CodeIgniter\Boot::runCodeIgniter(Object(CodeIgniter\CodeIgniter))
 6 FCPATH/index.php(56): CodeIgniter\Boot::bootWeb(Object(Config\Paths))
INFO - 2025-02-06 21:33:10 --> Session: Class initialized using 'CodeIgniter\Session\Handlers\FileHandler' driver.
WARNING - 2025-02-06 21:33:10 --> [DEPRECATED] Creation of dynamic property App\Controllers\Admin\Category::$session is deprecated in APPPATH/Controllers/Admin/BaseController.php on line 56.
 1 SYSTEMPATH/CodeIgniter.php(904): App\Controllers\Admin\BaseController->initController(Object(CodeIgniter\HTTP\IncomingRequest), Object(CodeIgniter\HTTP\Response), Object(CodeIgniter\Log\Logger))
 2 SYSTEMPATH/CodeIgniter.php(500): CodeIgniter\CodeIgniter->createController()
 3 SYSTEMPATH/CodeIgniter.php(355): CodeIgniter\CodeIgniter->handleRequest(null, Object(Config\Cache), false)
 4 SYSTEMPATH/Boot.php(325): CodeIgniter\CodeIgniter->run()
 5 SYSTEMPATH/Boot.php(67): CodeIgniter\Boot::runCodeIgniter(Object(CodeIgniter\CodeIgniter))
 6 FCPATH/index.php(56): CodeIgniter\Boot::bootWeb(Object(Config\Paths))
INFO - 2025-02-06 21:33:11 --> Session: Class initialized using 'CodeIgniter\Session\Handlers\FileHandler' driver.
WARNING - 2025-02-06 21:33:11 --> [DEPRECATED] Creation of dynamic property App\Controllers\Admin\Course::$session is deprecated in APPPATH/Controllers/Admin/BaseController.php on line 56.
 1 SYSTEMPATH/CodeIgniter.php(904): App\Controllers\Admin\BaseController->initController(Object(CodeIgniter\HTTP\IncomingRequest), Object(CodeIgniter\HTTP\Response), Object(CodeIgniter\Log\Logger))
 2 SYSTEMPATH/CodeIgniter.php(500): CodeIgniter\CodeIgniter->createController()
 3 SYSTEMPATH/CodeIgniter.php(355): CodeIgniter\CodeIgniter->handleRequest(null, Object(Config\Cache), false)
 4 SYSTEMPATH/Boot.php(325): CodeIgniter\CodeIgniter->run()
 5 SYSTEMPATH/Boot.php(67): CodeIgniter\Boot::runCodeIgniter(Object(CodeIgniter\CodeIgniter))
 6 FCPATH/index.php(56): CodeIgniter\Boot::bootWeb(Object(Config\Paths))
INFO - 2025-02-06 21:33:13 --> Session: Class initialized using 'CodeIgniter\Session\Handlers\FileHandler' driver.
WARNING - 2025-02-06 21:33:13 --> [DEPRECATED] Creation of dynamic property App\Controllers\Admin\Course::$session is deprecated in APPPATH/Controllers/Admin/BaseController.php on line 56.
 1 SYSTEMPATH/CodeIgniter.php(904): App\Controllers\Admin\BaseController->initController(Object(CodeIgniter\HTTP\IncomingRequest), Object(CodeIgniter\HTTP\Response), Object(CodeIgniter\Log\Logger))
 2 SYSTEMPATH/CodeIgniter.php(500): CodeIgniter\CodeIgniter->createController()
 3 SYSTEMPATH/CodeIgniter.php(355): CodeIgniter\CodeIgniter->handleRequest(null, Object(Config\Cache), false)
 4 SYSTEMPATH/Boot.php(325): CodeIgniter\CodeIgniter->run()
 5 SYSTEMPATH/Boot.php(67): CodeIgniter\Boot::runCodeIgniter(Object(CodeIgniter\CodeIgniter))
 6 FCPATH/index.php(56): CodeIgniter\Boot::bootWeb(Object(Config\Paths))
INFO - 2025-02-06 21:33:56 --> Session: Class initialized using 'CodeIgniter\Session\Handlers\FileHandler' driver.
WARNING - 2025-02-06 21:33:56 --> [DEPRECATED] Creation of dynamic property App\Controllers\Admin\Course::$session is deprecated in APPPATH/Controllers/Admin/BaseController.php on line 56.
 1 SYSTEMPATH/CodeIgniter.php(904): App\Controllers\Admin\BaseController->initController(Object(CodeIgniter\HTTP\IncomingRequest), Object(CodeIgniter\HTTP\Response), Object(CodeIgniter\Log\Logger))
 2 SYSTEMPATH/CodeIgniter.php(500): CodeIgniter\CodeIgniter->createController()
 3 SYSTEMPATH/CodeIgniter.php(355): CodeIgniter\CodeIgniter->handleRequest(null, Object(Config\Cache), false)
 4 SYSTEMPATH/Boot.php(325): CodeIgniter\CodeIgniter->run()
 5 SYSTEMPATH/Boot.php(67): CodeIgniter\Boot::runCodeIgniter(Object(CodeIgniter\CodeIgniter))
 6 FCPATH/index.php(56): CodeIgniter\Boot::bootWeb(Object(Config\Paths))
INFO - 2025-02-06 21:33:56 --> Session: Class initialized using 'CodeIgniter\Session\Handlers\FileHandler' driver.
WARNING - 2025-02-06 21:33:56 --> [DEPRECATED] Creation of dynamic property App\Controllers\Admin\Course::$session is deprecated in APPPATH/Controllers/Admin/BaseController.php on line 56.
 1 SYSTEMPATH/CodeIgniter.php(904): App\Controllers\Admin\BaseController->initController(Object(CodeIgniter\HTTP\IncomingRequest), Object(CodeIgniter\HTTP\Response), Object(CodeIgniter\Log\Logger))
 2 SYSTEMPATH/CodeIgniter.php(500): CodeIgniter\CodeIgniter->createController()
 3 SYSTEMPATH/CodeIgniter.php(355): CodeIgniter\CodeIgniter->handleRequest(null, Object(Config\Cache), false)
 4 SYSTEMPATH/Boot.php(325): CodeIgniter\CodeIgniter->run()
 5 SYSTEMPATH/Boot.php(67): CodeIgniter\Boot::runCodeIgniter(Object(CodeIgniter\CodeIgniter))
 6 FCPATH/index.php(56): CodeIgniter\Boot::bootWeb(Object(Config\Paths))
INFO - 2025-02-06 21:33:58 --> Session: Class initialized using 'CodeIgniter\Session\Handlers\FileHandler' driver.
INFO - 2025-02-06 21:33:59 --> Session: Class initialized using 'CodeIgniter\Session\Handlers\FileHandler' driver.
INFO - 2025-02-06 21:34:01 --> Session: Class initialized using 'CodeIgniter\Session\Handlers\FileHandler' driver.
INFO - 2025-02-06 21:34:02 --> Session: Class initialized using 'CodeIgniter\Session\Handlers\FileHandler' driver.
INFO - 2025-02-06 21:34:38 --> Session: Class initialized using 'CodeIgniter\Session\Handlers\FileHandler' driver.
INFO - 2025-02-06 21:35:03 --> Session: Class initialized using 'CodeIgniter\Session\Handlers\FileHandler' driver.
INFO - 2025-02-06 21:35:51 --> Session: Class initialized using 'CodeIgniter\Session\Handlers\FileHandler' driver.
INFO - 2025-02-06 21:35:53 --> Session: Class initialized using 'CodeIgniter\Session\Handlers\FileHandler' driver.
INFO - 2025-02-06 21:35:56 --> Session: Class initialized using 'CodeIgniter\Session\Handlers\FileHandler' driver.
INFO - 2025-02-06 21:36:21 --> Session: Class initialized using 'CodeIgniter\Session\Handlers\FileHandler' driver.
WARNING - 2025-02-06 21:36:21 --> [DEPRECATED] Creation of dynamic property App\Controllers\Admin\Course::$session is deprecated in APPPATH/Controllers/Admin/BaseController.php on line 56.
 1 SYSTEMPATH/CodeIgniter.php(904): App\Controllers\Admin\BaseController->initController(Object(CodeIgniter\HTTP\IncomingRequest), Object(CodeIgniter\HTTP\Response), Object(CodeIgniter\Log\Logger))
 2 SYSTEMPATH/CodeIgniter.php(500): CodeIgniter\CodeIgniter->createController()
 3 SYSTEMPATH/CodeIgniter.php(355): CodeIgniter\CodeIgniter->handleRequest(null, Object(Config\Cache), false)
 4 SYSTEMPATH/Boot.php(325): CodeIgniter\CodeIgniter->run()
 5 SYSTEMPATH/Boot.php(67): CodeIgniter\Boot::runCodeIgniter(Object(CodeIgniter\CodeIgniter))
 6 FCPATH/index.php(56): CodeIgniter\Boot::bootWeb(Object(Config\Paths))
INFO - 2025-02-06 21:36:21 --> Session: Class initialized using 'CodeIgniter\Session\Handlers\FileHandler' driver.
WARNING - 2025-02-06 21:36:21 --> [DEPRECATED] Creation of dynamic property App\Controllers\Admin\Category::$session is deprecated in APPPATH/Controllers/Admin/BaseController.php on line 56.
 1 SYSTEMPATH/CodeIgniter.php(904): App\Controllers\Admin\BaseController->initController(Object(CodeIgniter\HTTP\IncomingRequest), Object(CodeIgniter\HTTP\Response), Object(CodeIgniter\Log\Logger))
 2 SYSTEMPATH/CodeIgniter.php(500): CodeIgniter\CodeIgniter->createController()
 3 SYSTEMPATH/CodeIgniter.php(355): CodeIgniter\CodeIgniter->handleRequest(null, Object(Config\Cache), false)
 4 SYSTEMPATH/Boot.php(325): CodeIgniter\CodeIgniter->run()
 5 SYSTEMPATH/Boot.php(67): CodeIgniter\Boot::runCodeIgniter(Object(CodeIgniter\CodeIgniter))
 6 FCPATH/index.php(56): CodeIgniter\Boot::bootWeb(Object(Config\Paths))
INFO - 2025-02-06 21:36:22 --> Session: Class initialized using 'CodeIgniter\Session\Handlers\FileHandler' driver.
WARNING - 2025-02-06 21:36:22 --> [DEPRECATED] Creation of dynamic property App\Controllers\Admin\Course::$session is deprecated in APPPATH/Controllers/Admin/BaseController.php on line 56.
 1 SYSTEMPATH/CodeIgniter.php(904): App\Controllers\Admin\BaseController->initController(Object(CodeIgniter\HTTP\IncomingRequest), Object(CodeIgniter\HTTP\Response), Object(CodeIgniter\Log\Logger))
 2 SYSTEMPATH/CodeIgniter.php(500): CodeIgniter\CodeIgniter->createController()
 3 SYSTEMPATH/CodeIgniter.php(355): CodeIgniter\CodeIgniter->handleRequest(null, Object(Config\Cache), false)
 4 SYSTEMPATH/Boot.php(325): CodeIgniter\CodeIgniter->run()
 5 SYSTEMPATH/Boot.php(67): CodeIgniter\Boot::runCodeIgniter(Object(CodeIgniter\CodeIgniter))
 6 FCPATH/index.php(56): CodeIgniter\Boot::bootWeb(Object(Config\Paths))
INFO - 2025-02-06 21:36:28 --> Session: Class initialized using 'CodeIgniter\Session\Handlers\FileHandler' driver.
WARNING - 2025-02-06 21:36:28 --> [DEPRECATED] Creation of dynamic property App\Controllers\Admin\Course::$session is deprecated in APPPATH/Controllers/Admin/BaseController.php on line 56.
 1 SYSTEMPATH/CodeIgniter.php(904): App\Controllers\Admin\BaseController->initController(Object(CodeIgniter\HTTP\IncomingRequest), Object(CodeIgniter\HTTP\Response), Object(CodeIgniter\Log\Logger))
 2 SYSTEMPATH/CodeIgniter.php(500): CodeIgniter\CodeIgniter->createController()
 3 SYSTEMPATH/CodeIgniter.php(355): CodeIgniter\CodeIgniter->handleRequest(null, Object(Config\Cache), false)
 4 SYSTEMPATH/Boot.php(325): CodeIgniter\CodeIgniter->run()
 5 SYSTEMPATH/Boot.php(67): CodeIgniter\Boot::runCodeIgniter(Object(CodeIgniter\CodeIgniter))
 6 FCPATH/index.php(56): CodeIgniter\Boot::bootWeb(Object(Config\Paths))
INFO - 2025-02-06 21:36:52 --> Session: Class initialized using 'CodeIgniter\Session\Handlers\FileHandler' driver.
WARNING - 2025-02-06 21:36:52 --> [DEPRECATED] Creation of dynamic property App\Controllers\Admin\Course::$session is deprecated in APPPATH/Controllers/Admin/BaseController.php on line 56.
 1 SYSTEMPATH/CodeIgniter.php(904): App\Controllers\Admin\BaseController->initController(Object(CodeIgniter\HTTP\IncomingRequest), Object(CodeIgniter\HTTP\Response), Object(CodeIgniter\Log\Logger))
 2 SYSTEMPATH/CodeIgniter.php(500): CodeIgniter\CodeIgniter->createController()
 3 SYSTEMPATH/CodeIgniter.php(355): CodeIgniter\CodeIgniter->handleRequest(null, Object(Config\Cache), false)
 4 SYSTEMPATH/Boot.php(325): CodeIgniter\CodeIgniter->run()
 5 SYSTEMPATH/Boot.php(67): CodeIgniter\Boot::runCodeIgniter(Object(CodeIgniter\CodeIgniter))
 6 FCPATH/index.php(56): CodeIgniter\Boot::bootWeb(Object(Config\Paths))
INFO - 2025-02-06 21:36:53 --> Session: Class initialized using 'CodeIgniter\Session\Handlers\FileHandler' driver.
WARNING - 2025-02-06 21:36:53 --> [DEPRECATED] Creation of dynamic property App\Controllers\Admin\Course::$session is deprecated in APPPATH/Controllers/Admin/BaseController.php on line 56.
 1 SYSTEMPATH/CodeIgniter.php(904): App\Controllers\Admin\BaseController->initController(Object(CodeIgniter\HTTP\IncomingRequest), Object(CodeIgniter\HTTP\Response), Object(CodeIgniter\Log\Logger))
 2 SYSTEMPATH/CodeIgniter.php(500): CodeIgniter\CodeIgniter->createController()
 3 SYSTEMPATH/CodeIgniter.php(355): CodeIgniter\CodeIgniter->handleRequest(null, Object(Config\Cache), false)
 4 SYSTEMPATH/Boot.php(325): CodeIgniter\CodeIgniter->run()
 5 SYSTEMPATH/Boot.php(67): CodeIgniter\Boot::runCodeIgniter(Object(CodeIgniter\CodeIgniter))
 6 FCPATH/index.php(56): CodeIgniter\Boot::bootWeb(Object(Config\Paths))
INFO - 2025-02-06 21:36:55 --> Session: Class initialized using 'CodeIgniter\Session\Handlers\FileHandler' driver.
INFO - 2025-02-06 21:36:59 --> Session: Class initialized using 'CodeIgniter\Session\Handlers\FileHandler' driver.
INFO - 2025-02-06 21:37:16 --> Session: Class initialized using 'CodeIgniter\Session\Handlers\FileHandler' driver.
INFO - 2025-02-06 21:37:28 --> Session: Class initialized using 'CodeIgniter\Session\Handlers\FileHandler' driver.
INFO - 2025-02-06 21:37:30 --> Session: Class initialized using 'CodeIgniter\Session\Handlers\FileHandler' driver.
INFO - 2025-02-06 21:37:55 --> Session: Class initialized using 'CodeIgniter\Session\Handlers\FileHandler' driver.
INFO - 2025-02-06 21:38:05 --> Session: Class initialized using 'CodeIgniter\Session\Handlers\FileHandler' driver.
INFO - 2025-02-06 21:38:17 --> Session: Class initialized using 'CodeIgniter\Session\Handlers\FileHandler' driver.
INFO - 2025-02-06 21:38:22 --> Session: Class initialized using 'CodeIgniter\Session\Handlers\FileHandler' driver.
INFO - 2025-02-06 21:38:23 --> Session: Class initialized using 'CodeIgniter\Session\Handlers\FileHandler' driver.
INFO - 2025-02-06 21:38:27 --> Session: Class initialized using 'CodeIgniter\Session\Handlers\FileHandler' driver.
INFO - 2025-02-06 21:38:30 --> Session: Class initialized using 'CodeIgniter\Session\Handlers\FileHandler' driver.
INFO - 2025-02-06 21:38:33 --> Session: Class initialized using 'CodeIgniter\Session\Handlers\FileHandler' driver.
INFO - 2025-02-06 21:38:35 --> Session: Class initialized using 'CodeIgniter\Session\Handlers\FileHandler' driver.
INFO - 2025-02-06 21:38:37 --> Session: Class initialized using 'CodeIgniter\Session\Handlers\FileHandler' driver.
INFO - 2025-02-06 21:38:39 --> Session: Class initialized using 'CodeIgniter\Session\Handlers\FileHandler' driver.
INFO - 2025-02-06 21:39:06 --> Session: Class initialized using 'CodeIgniter\Session\Handlers\FileHandler' driver.
INFO - 2025-02-06 21:39:44 --> Session: Class initialized using 'CodeIgniter\Session\Handlers\FileHandler' driver.
INFO - 2025-02-06 21:39:50 --> Session: Class initialized using 'CodeIgniter\Session\Handlers\FileHandler' driver.
INFO - 2025-02-06 21:40:10 --> Session: Class initialized using 'CodeIgniter\Session\Handlers\FileHandler' driver.
INFO - 2025-02-06 21:40:12 --> Session: Class initialized using 'CodeIgniter\Session\Handlers\FileHandler' driver.
INFO - 2025-02-06 21:40:59 --> Session: Class initialized using 'CodeIgniter\Session\Handlers\FileHandler' driver.
INFO - 2025-02-06 21:41:32 --> Session: Class initialized using 'CodeIgniter\Session\Handlers\FileHandler' driver.
INFO - 2025-02-06 21:41:46 --> Session: Class initialized using 'CodeIgniter\Session\Handlers\FileHandler' driver.
INFO - 2025-02-06 21:43:04 --> Session: Class initialized using 'CodeIgniter\Session\Handlers\FileHandler' driver.
INFO - 2025-02-06 21:43:29 --> Session: Class initialized using 'CodeIgniter\Session\Handlers\FileHandler' driver.
INFO - 2025-02-06 21:43:42 --> Session: Class initialized using 'CodeIgniter\Session\Handlers\FileHandler' driver.
WARNING - 2025-02-06 21:43:42 --> [DEPRECATED] Creation of dynamic property App\Controllers\Admin\Course::$session is deprecated in APPPATH/Controllers/Admin/BaseController.php on line 56.
 1 SYSTEMPATH/CodeIgniter.php(904): App\Controllers\Admin\BaseController->initController(Object(CodeIgniter\HTTP\IncomingRequest), Object(CodeIgniter\HTTP\Response), Object(CodeIgniter\Log\Logger))
 2 SYSTEMPATH/CodeIgniter.php(500): CodeIgniter\CodeIgniter->createController()
 3 SYSTEMPATH/CodeIgniter.php(355): CodeIgniter\CodeIgniter->handleRequest(null, Object(Config\Cache), false)
 4 SYSTEMPATH/Boot.php(325): CodeIgniter\CodeIgniter->run()
 5 SYSTEMPATH/Boot.php(67): CodeIgniter\Boot::runCodeIgniter(Object(CodeIgniter\CodeIgniter))
 6 FCPATH/index.php(56): CodeIgniter\Boot::bootWeb(Object(Config\Paths))
INFO - 2025-02-06 21:43:42 --> Session: Class initialized using 'CodeIgniter\Session\Handlers\FileHandler' driver.
WARNING - 2025-02-06 21:43:42 --> [DEPRECATED] Creation of dynamic property App\Controllers\Admin\Category::$session is deprecated in APPPATH/Controllers/Admin/BaseController.php on line 56.
 1 SYSTEMPATH/CodeIgniter.php(904): App\Controllers\Admin\BaseController->initController(Object(CodeIgniter\HTTP\IncomingRequest), Object(CodeIgniter\HTTP\Response), Object(CodeIgniter\Log\Logger))
 2 SYSTEMPATH/CodeIgniter.php(500): CodeIgniter\CodeIgniter->createController()
 3 SYSTEMPATH/CodeIgniter.php(355): CodeIgniter\CodeIgniter->handleRequest(null, Object(Config\Cache), false)
 4 SYSTEMPATH/Boot.php(325): CodeIgniter\CodeIgniter->run()
 5 SYSTEMPATH/Boot.php(67): CodeIgniter\Boot::runCodeIgniter(Object(CodeIgniter\CodeIgniter))
 6 FCPATH/index.php(56): CodeIgniter\Boot::bootWeb(Object(Config\Paths))
INFO - 2025-02-06 21:43:43 --> Session: Class initialized using 'CodeIgniter\Session\Handlers\FileHandler' driver.
WARNING - 2025-02-06 21:43:43 --> [DEPRECATED] Creation of dynamic property App\Controllers\Admin\Course::$session is deprecated in APPPATH/Controllers/Admin/BaseController.php on line 56.
 1 SYSTEMPATH/CodeIgniter.php(904): App\Controllers\Admin\BaseController->initController(Object(CodeIgniter\HTTP\IncomingRequest), Object(CodeIgniter\HTTP\Response), Object(CodeIgniter\Log\Logger))
 2 SYSTEMPATH/CodeIgniter.php(500): CodeIgniter\CodeIgniter->createController()
 3 SYSTEMPATH/CodeIgniter.php(355): CodeIgniter\CodeIgniter->handleRequest(null, Object(Config\Cache), false)
 4 SYSTEMPATH/Boot.php(325): CodeIgniter\CodeIgniter->run()
 5 SYSTEMPATH/Boot.php(67): CodeIgniter\Boot::runCodeIgniter(Object(CodeIgniter\CodeIgniter))
 6 FCPATH/index.php(56): CodeIgniter\Boot::bootWeb(Object(Config\Paths))
INFO - 2025-02-06 21:43:50 --> Session: Class initialized using 'CodeIgniter\Session\Handlers\FileHandler' driver.
WARNING - 2025-02-06 21:43:50 --> [DEPRECATED] Creation of dynamic property App\Controllers\Admin\Course::$session is deprecated in APPPATH/Controllers/Admin/BaseController.php on line 56.
 1 SYSTEMPATH/CodeIgniter.php(904): App\Controllers\Admin\BaseController->initController(Object(CodeIgniter\HTTP\IncomingRequest), Object(CodeIgniter\HTTP\Response), Object(CodeIgniter\Log\Logger))
 2 SYSTEMPATH/CodeIgniter.php(500): CodeIgniter\CodeIgniter->createController()
 3 SYSTEMPATH/CodeIgniter.php(355): CodeIgniter\CodeIgniter->handleRequest(null, Object(Config\Cache), false)
 4 SYSTEMPATH/Boot.php(325): CodeIgniter\CodeIgniter->run()
 5 SYSTEMPATH/Boot.php(67): CodeIgniter\Boot::runCodeIgniter(Object(CodeIgniter\CodeIgniter))
 6 FCPATH/index.php(56): CodeIgniter\Boot::bootWeb(Object(Config\Paths))
INFO - 2025-02-06 21:44:12 --> Session: Class initialized using 'CodeIgniter\Session\Handlers\FileHandler' driver.
WARNING - 2025-02-06 21:44:12 --> [DEPRECATED] Creation of dynamic property App\Controllers\Admin\Course::$session is deprecated in APPPATH/Controllers/Admin/BaseController.php on line 56.
 1 SYSTEMPATH/CodeIgniter.php(904): App\Controllers\Admin\BaseController->initController(Object(CodeIgniter\HTTP\IncomingRequest), Object(CodeIgniter\HTTP\Response), Object(CodeIgniter\Log\Logger))
 2 SYSTEMPATH/CodeIgniter.php(500): CodeIgniter\CodeIgniter->createController()
 3 SYSTEMPATH/CodeIgniter.php(355): CodeIgniter\CodeIgniter->handleRequest(null, Object(Config\Cache), false)
 4 SYSTEMPATH/Boot.php(325): CodeIgniter\CodeIgniter->run()
 5 SYSTEMPATH/Boot.php(67): CodeIgniter\Boot::runCodeIgniter(Object(CodeIgniter\CodeIgniter))
 6 FCPATH/index.php(56): CodeIgniter\Boot::bootWeb(Object(Config\Paths))
INFO - 2025-02-06 21:44:12 --> Session: Class initialized using 'CodeIgniter\Session\Handlers\FileHandler' driver.
WARNING - 2025-02-06 21:44:12 --> [DEPRECATED] Creation of dynamic property App\Controllers\Admin\Course::$session is deprecated in APPPATH/Controllers/Admin/BaseController.php on line 56.
 1 SYSTEMPATH/CodeIgniter.php(904): App\Controllers\Admin\BaseController->initController(Object(CodeIgniter\HTTP\IncomingRequest), Object(CodeIgniter\HTTP\Response), Object(CodeIgniter\Log\Logger))
 2 SYSTEMPATH/CodeIgniter.php(500): CodeIgniter\CodeIgniter->createController()
 3 SYSTEMPATH/CodeIgniter.php(355): CodeIgniter\CodeIgniter->handleRequest(null, Object(Config\Cache), false)
 4 SYSTEMPATH/Boot.php(325): CodeIgniter\CodeIgniter->run()
 5 SYSTEMPATH/Boot.php(67): CodeIgniter\Boot::runCodeIgniter(Object(CodeIgniter\CodeIgniter))
 6 FCPATH/index.php(56): CodeIgniter\Boot::bootWeb(Object(Config\Paths))
INFO - 2025-02-06 21:44:14 --> Session: Class initialized using 'CodeIgniter\Session\Handlers\FileHandler' driver.
INFO - 2025-02-06 21:44:17 --> Session: Class initialized using 'CodeIgniter\Session\Handlers\FileHandler' driver.
INFO - 2025-02-06 21:44:56 --> Session: Class initialized using 'CodeIgniter\Session\Handlers\FileHandler' driver.
INFO - 2025-02-06 21:45:00 --> Session: Class initialized using 'CodeIgniter\Session\Handlers\FileHandler' driver.
INFO - 2025-02-06 21:45:11 --> Session: Class initialized using 'CodeIgniter\Session\Handlers\FileHandler' driver.
INFO - 2025-02-06 21:46:55 --> Session: Class initialized using 'CodeIgniter\Session\Handlers\FileHandler' driver.
INFO - 2025-02-06 23:37:42 --> Session: Class initialized using 'CodeIgniter\Session\Handlers\FileHandler' driver.
INFO - 2025-02-06 23:37:46 --> Session: Class initialized using 'CodeIgniter\Session\Handlers\FileHandler' driver.
INFO - 2025-02-06 23:38:02 --> Session: Class initialized using 'CodeIgniter\Session\Handlers\FileHandler' driver.
INFO - 2025-02-06 23:38:04 --> Session: Class initialized using 'CodeIgniter\Session\Handlers\FileHandler' driver.
INFO - 2025-02-06 23:38:05 --> Session: Class initialized using 'CodeIgniter\Session\Handlers\FileHandler' driver.
INFO - 2025-02-06 23:38:06 --> Session: Class initialized using 'CodeIgniter\Session\Handlers\FileHandler' driver.
INFO - 2025-02-06 23:38:14 --> Session: Class initialized using 'CodeIgniter\Session\Handlers\FileHandler' driver.
INFO - 2025-02-06 23:38:15 --> Session: Class initialized using 'CodeIgniter\Session\Handlers\FileHandler' driver.
INFO - 2025-02-06 23:38:33 --> Session: Class initialized using 'CodeIgniter\Session\Handlers\FileHandler' driver.
INFO - 2025-02-06 23:38:35 --> Session: Class initialized using 'CodeIgniter\Session\Handlers\FileHandler' driver.
INFO - 2025-02-06 23:38:36 --> Session: Class initialized using 'CodeIgniter\Session\Handlers\FileHandler' driver.
INFO - 2025-02-06 23:38:37 --> Session: Class initialized using 'CodeIgniter\Session\Handlers\FileHandler' driver.
INFO - 2025-02-06 23:38:39 --> Session: Class initialized using 'CodeIgniter\Session\Handlers\FileHandler' driver.
INFO - 2025-02-06 23:38:41 --> Session: Class initialized using 'CodeIgniter\Session\Handlers\FileHandler' driver.
INFO - 2025-02-06 23:38:44 --> Session: Class initialized using 'CodeIgniter\Session\Handlers\FileHandler' driver.
INFO - 2025-02-06 23:38:46 --> Session: Class initialized using 'CodeIgniter\Session\Handlers\FileHandler' driver.
INFO - 2025-02-06 23:38:52 --> Session: Class initialized using 'CodeIgniter\Session\Handlers\FileHandler' driver.
