INFO - 2025-02-03 06:00:36 --> Session: Class initialized using 'CodeIgniter\Session\Handlers\FileHandler' driver.
INFO - 2025-02-03 06:00:43 --> Session: Class initialized using 'CodeIgniter\Session\Handlers\FileHandler' driver.
INFO - 2025-02-03 06:00:47 --> Session: Class initialized using 'CodeIgniter\Session\Handlers\FileHandler' driver.
INFO - 2025-02-03 06:02:40 --> Session: Class initialized using 'CodeIgniter\Session\Handlers\FileHandler' driver.
INFO - 2025-02-03 07:30:37 --> Session: Class initialized using 'CodeIgniter\Session\Handlers\FileHandler' driver.
INFO - 2025-02-03 07:30:45 --> Session: Class initialized using 'CodeIgniter\Session\Handlers\FileHandler' driver.
INFO - 2025-02-03 07:30:47 --> Session: Class initialized using 'CodeIgniter\Session\Handlers\FileHandler' driver.
INFO - 2025-02-03 07:30:48 --> Session: Class initialized using 'CodeIgniter\Session\Handlers\FileHandler' driver.
WARNING - 2025-02-03 07:30:48 --> [DEPRECATED] Creation of dynamic property App\Controllers\User\User::$data is deprecated in APPPATH/Controllers/User/BaseController.php on line 58.
 1 SYSTEMPATH/CodeIgniter.php(904): App\Controllers\User\BaseController->initController(Object(CodeIgniter\HTTP\IncomingRequest), Object(CodeIgniter\HTTP\Response), Object(CodeIgniter\Log\Logger))
 2 SYSTEMPATH/CodeIgniter.php(500): CodeIgniter\CodeIgniter->createController()
 3 SYSTEMPATH/CodeIgniter.php(355): CodeIgniter\CodeIgniter->handleRequest(null, Object(Config\Cache), false)
 4 SYSTEMPATH/Boot.php(325): CodeIgniter\CodeIgniter->run()
 5 SYSTEMPATH/Boot.php(67): CodeIgniter\Boot::runCodeIgniter(Object(CodeIgniter\CodeIgniter))
 6 FCPATH/index.php(56): CodeIgniter\Boot::bootWeb(Object(Config\Paths))
INFO - 2025-02-03 07:30:52 --> Session: Class initialized using 'CodeIgniter\Session\Handlers\FileHandler' driver.
WARNING - 2025-02-03 07:30:52 --> [DEPRECATED] Creation of dynamic property App\Controllers\Admin\Download::$session is deprecated in APPPATH/Controllers/Admin/BaseController.php on line 56.
 1 SYSTEMPATH/CodeIgniter.php(904): App\Controllers\Admin\BaseController->initController(Object(CodeIgniter\HTTP\IncomingRequest), Object(CodeIgniter\HTTP\Response), Object(CodeIgniter\Log\Logger))
 2 SYSTEMPATH/CodeIgniter.php(500): CodeIgniter\CodeIgniter->createController()
 3 SYSTEMPATH/CodeIgniter.php(355): CodeIgniter\CodeIgniter->handleRequest(null, Object(Config\Cache), false)
 4 SYSTEMPATH/Boot.php(325): CodeIgniter\CodeIgniter->run()
 5 SYSTEMPATH/Boot.php(67): CodeIgniter\Boot::runCodeIgniter(Object(CodeIgniter\CodeIgniter))
 6 FCPATH/index.php(56): CodeIgniter\Boot::bootWeb(Object(Config\Paths))
INFO - 2025-02-03 07:30:53 --> Session: Class initialized using 'CodeIgniter\Session\Handlers\FileHandler' driver.
WARNING - 2025-02-03 07:30:53 --> [DEPRECATED] Creation of dynamic property App\Controllers\Admin\Category::$session is deprecated in APPPATH/Controllers/Admin/BaseController.php on line 56.
 1 SYSTEMPATH/CodeIgniter.php(904): App\Controllers\Admin\BaseController->initController(Object(CodeIgniter\HTTP\IncomingRequest), Object(CodeIgniter\HTTP\Response), Object(CodeIgniter\Log\Logger))
 2 SYSTEMPATH/CodeIgniter.php(500): CodeIgniter\CodeIgniter->createController()
 3 SYSTEMPATH/CodeIgniter.php(355): CodeIgniter\CodeIgniter->handleRequest(null, Object(Config\Cache), false)
 4 SYSTEMPATH/Boot.php(325): CodeIgniter\CodeIgniter->run()
 5 SYSTEMPATH/Boot.php(67): CodeIgniter\Boot::runCodeIgniter(Object(CodeIgniter\CodeIgniter))
 6 FCPATH/index.php(56): CodeIgniter\Boot::bootWeb(Object(Config\Paths))
INFO - 2025-02-03 07:30:58 --> Session: Class initialized using 'CodeIgniter\Session\Handlers\FileHandler' driver.
WARNING - 2025-02-03 07:30:58 --> [DEPRECATED] Creation of dynamic property App\Controllers\User\User::$data is deprecated in APPPATH/Controllers/User/BaseController.php on line 58.
 1 SYSTEMPATH/CodeIgniter.php(904): App\Controllers\User\BaseController->initController(Object(CodeIgniter\HTTP\IncomingRequest), Object(CodeIgniter\HTTP\Response), Object(CodeIgniter\Log\Logger))
 2 SYSTEMPATH/CodeIgniter.php(500): CodeIgniter\CodeIgniter->createController()
 3 SYSTEMPATH/CodeIgniter.php(355): CodeIgniter\CodeIgniter->handleRequest(null, Object(Config\Cache), false)
 4 SYSTEMPATH/Boot.php(325): CodeIgniter\CodeIgniter->run()
 5 SYSTEMPATH/Boot.php(67): CodeIgniter\Boot::runCodeIgniter(Object(CodeIgniter\CodeIgniter))
 6 FCPATH/index.php(56): CodeIgniter\Boot::bootWeb(Object(Config\Paths))
INFO - 2025-02-03 07:31:01 --> Session: Class initialized using 'CodeIgniter\Session\Handlers\FileHandler' driver.
INFO - 2025-02-03 07:31:03 --> Session: Class initialized using 'CodeIgniter\Session\Handlers\FileHandler' driver.
INFO - 2025-02-03 07:31:05 --> Session: Class initialized using 'CodeIgniter\Session\Handlers\FileHandler' driver.
INFO - 2025-02-03 07:31:07 --> Session: Class initialized using 'CodeIgniter\Session\Handlers\FileHandler' driver.
INFO - 2025-02-03 07:31:10 --> Session: Class initialized using 'CodeIgniter\Session\Handlers\FileHandler' driver.
INFO - 2025-02-03 07:31:12 --> Session: Class initialized using 'CodeIgniter\Session\Handlers\FileHandler' driver.
INFO - 2025-02-03 07:31:13 --> Session: Class initialized using 'CodeIgniter\Session\Handlers\FileHandler' driver.
INFO - 2025-02-03 07:31:14 --> Session: Class initialized using 'CodeIgniter\Session\Handlers\FileHandler' driver.
INFO - 2025-02-03 07:31:16 --> Session: Class initialized using 'CodeIgniter\Session\Handlers\FileHandler' driver.
INFO - 2025-02-03 07:31:17 --> Session: Class initialized using 'CodeIgniter\Session\Handlers\FileHandler' driver.
INFO - 2025-02-03 07:31:21 --> Session: Class initialized using 'CodeIgniter\Session\Handlers\FileHandler' driver.
INFO - 2025-02-03 07:31:30 --> Session: Class initialized using 'CodeIgniter\Session\Handlers\FileHandler' driver.
WARNING - 2025-02-03 07:31:30 --> [DEPRECATED] Creation of dynamic property App\Controllers\Admin\Image::$session is deprecated in APPPATH/Controllers/Admin/BaseController.php on line 56.
 1 SYSTEMPATH/CodeIgniter.php(904): App\Controllers\Admin\BaseController->initController(Object(CodeIgniter\HTTP\IncomingRequest), Object(CodeIgniter\HTTP\Response), Object(CodeIgniter\Log\Logger))
 2 SYSTEMPATH/CodeIgniter.php(500): CodeIgniter\CodeIgniter->createController()
 3 SYSTEMPATH/CodeIgniter.php(355): CodeIgniter\CodeIgniter->handleRequest(null, Object(Config\Cache), false)
 4 SYSTEMPATH/Boot.php(325): CodeIgniter\CodeIgniter->run()
 5 SYSTEMPATH/Boot.php(67): CodeIgniter\Boot::runCodeIgniter(Object(CodeIgniter\CodeIgniter))
 6 FCPATH/index.php(56): CodeIgniter\Boot::bootWeb(Object(Config\Paths))
INFO - 2025-02-03 07:31:31 --> Session: Class initialized using 'CodeIgniter\Session\Handlers\FileHandler' driver.
WARNING - 2025-02-03 07:31:31 --> [DEPRECATED] Creation of dynamic property App\Controllers\Admin\Category::$session is deprecated in APPPATH/Controllers/Admin/BaseController.php on line 56.
 1 SYSTEMPATH/CodeIgniter.php(904): App\Controllers\Admin\BaseController->initController(Object(CodeIgniter\HTTP\IncomingRequest), Object(CodeIgniter\HTTP\Response), Object(CodeIgniter\Log\Logger))
 2 SYSTEMPATH/CodeIgniter.php(500): CodeIgniter\CodeIgniter->createController()
 3 SYSTEMPATH/CodeIgniter.php(355): CodeIgniter\CodeIgniter->handleRequest(null, Object(Config\Cache), false)
 4 SYSTEMPATH/Boot.php(325): CodeIgniter\CodeIgniter->run()
 5 SYSTEMPATH/Boot.php(67): CodeIgniter\Boot::runCodeIgniter(Object(CodeIgniter\CodeIgniter))
 6 FCPATH/index.php(56): CodeIgniter\Boot::bootWeb(Object(Config\Paths))
INFO - 2025-02-03 07:31:32 --> Session: Class initialized using 'CodeIgniter\Session\Handlers\FileHandler' driver.
WARNING - 2025-02-03 07:31:32 --> [DEPRECATED] Creation of dynamic property App\Controllers\Admin\Image::$session is deprecated in APPPATH/Controllers/Admin/BaseController.php on line 56.
 1 SYSTEMPATH/CodeIgniter.php(904): App\Controllers\Admin\BaseController->initController(Object(CodeIgniter\HTTP\IncomingRequest), Object(CodeIgniter\HTTP\Response), Object(CodeIgniter\Log\Logger))
 2 SYSTEMPATH/CodeIgniter.php(500): CodeIgniter\CodeIgniter->createController()
 3 SYSTEMPATH/CodeIgniter.php(355): CodeIgniter\CodeIgniter->handleRequest(null, Object(Config\Cache), false)
 4 SYSTEMPATH/Boot.php(325): CodeIgniter\CodeIgniter->run()
 5 SYSTEMPATH/Boot.php(67): CodeIgniter\Boot::runCodeIgniter(Object(CodeIgniter\CodeIgniter))
 6 FCPATH/index.php(56): CodeIgniter\Boot::bootWeb(Object(Config\Paths))
INFO - 2025-02-03 07:31:32 --> Session: Class initialized using 'CodeIgniter\Session\Handlers\FileHandler' driver.
WARNING - 2025-02-03 07:31:32 --> [DEPRECATED] Creation of dynamic property App\Controllers\Admin\Category::$session is deprecated in APPPATH/Controllers/Admin/BaseController.php on line 56.
 1 SYSTEMPATH/CodeIgniter.php(904): App\Controllers\Admin\BaseController->initController(Object(CodeIgniter\HTTP\IncomingRequest), Object(CodeIgniter\HTTP\Response), Object(CodeIgniter\Log\Logger))
 2 SYSTEMPATH/CodeIgniter.php(500): CodeIgniter\CodeIgniter->createController()
 3 SYSTEMPATH/CodeIgniter.php(355): CodeIgniter\CodeIgniter->handleRequest(null, Object(Config\Cache), false)
 4 SYSTEMPATH/Boot.php(325): CodeIgniter\CodeIgniter->run()
 5 SYSTEMPATH/Boot.php(67): CodeIgniter\Boot::runCodeIgniter(Object(CodeIgniter\CodeIgniter))
 6 FCPATH/index.php(56): CodeIgniter\Boot::bootWeb(Object(Config\Paths))
INFO - 2025-02-03 07:31:34 --> Session: Class initialized using 'CodeIgniter\Session\Handlers\FileHandler' driver.
WARNING - 2025-02-03 07:31:34 --> [DEPRECATED] Creation of dynamic property App\Controllers\Admin\Image::$session is deprecated in APPPATH/Controllers/Admin/BaseController.php on line 56.
 1 SYSTEMPATH/CodeIgniter.php(904): App\Controllers\Admin\BaseController->initController(Object(CodeIgniter\HTTP\IncomingRequest), Object(CodeIgniter\HTTP\Response), Object(CodeIgniter\Log\Logger))
 2 SYSTEMPATH/CodeIgniter.php(500): CodeIgniter\CodeIgniter->createController()
 3 SYSTEMPATH/CodeIgniter.php(355): CodeIgniter\CodeIgniter->handleRequest(null, Object(Config\Cache), false)
 4 SYSTEMPATH/Boot.php(325): CodeIgniter\CodeIgniter->run()
 5 SYSTEMPATH/Boot.php(67): CodeIgniter\Boot::runCodeIgniter(Object(CodeIgniter\CodeIgniter))
 6 FCPATH/index.php(56): CodeIgniter\Boot::bootWeb(Object(Config\Paths))
INFO - 2025-02-03 07:31:35 --> Session: Class initialized using 'CodeIgniter\Session\Handlers\FileHandler' driver.
WARNING - 2025-02-03 07:31:35 --> [DEPRECATED] Creation of dynamic property App\Controllers\Admin\Category::$session is deprecated in APPPATH/Controllers/Admin/BaseController.php on line 56.
 1 SYSTEMPATH/CodeIgniter.php(904): App\Controllers\Admin\BaseController->initController(Object(CodeIgniter\HTTP\IncomingRequest), Object(CodeIgniter\HTTP\Response), Object(CodeIgniter\Log\Logger))
 2 SYSTEMPATH/CodeIgniter.php(500): CodeIgniter\CodeIgniter->createController()
 3 SYSTEMPATH/CodeIgniter.php(355): CodeIgniter\CodeIgniter->handleRequest(null, Object(Config\Cache), false)
 4 SYSTEMPATH/Boot.php(325): CodeIgniter\CodeIgniter->run()
 5 SYSTEMPATH/Boot.php(67): CodeIgniter\Boot::runCodeIgniter(Object(CodeIgniter\CodeIgniter))
 6 FCPATH/index.php(56): CodeIgniter\Boot::bootWeb(Object(Config\Paths))
INFO - 2025-02-03 07:31:36 --> Session: Class initialized using 'CodeIgniter\Session\Handlers\FileHandler' driver.
WARNING - 2025-02-03 07:31:36 --> [DEPRECATED] Creation of dynamic property App\Controllers\Admin\Image::$session is deprecated in APPPATH/Controllers/Admin/BaseController.php on line 56.
 1 SYSTEMPATH/CodeIgniter.php(904): App\Controllers\Admin\BaseController->initController(Object(CodeIgniter\HTTP\IncomingRequest), Object(CodeIgniter\HTTP\Response), Object(CodeIgniter\Log\Logger))
 2 SYSTEMPATH/CodeIgniter.php(500): CodeIgniter\CodeIgniter->createController()
 3 SYSTEMPATH/CodeIgniter.php(355): CodeIgniter\CodeIgniter->handleRequest(null, Object(Config\Cache), false)
 4 SYSTEMPATH/Boot.php(325): CodeIgniter\CodeIgniter->run()
 5 SYSTEMPATH/Boot.php(67): CodeIgniter\Boot::runCodeIgniter(Object(CodeIgniter\CodeIgniter))
 6 FCPATH/index.php(56): CodeIgniter\Boot::bootWeb(Object(Config\Paths))
INFO - 2025-02-03 07:31:37 --> Session: Class initialized using 'CodeIgniter\Session\Handlers\FileHandler' driver.
WARNING - 2025-02-03 07:31:37 --> [DEPRECATED] Creation of dynamic property App\Controllers\Admin\Category::$session is deprecated in APPPATH/Controllers/Admin/BaseController.php on line 56.
 1 SYSTEMPATH/CodeIgniter.php(904): App\Controllers\Admin\BaseController->initController(Object(CodeIgniter\HTTP\IncomingRequest), Object(CodeIgniter\HTTP\Response), Object(CodeIgniter\Log\Logger))
 2 SYSTEMPATH/CodeIgniter.php(500): CodeIgniter\CodeIgniter->createController()
 3 SYSTEMPATH/CodeIgniter.php(355): CodeIgniter\CodeIgniter->handleRequest(null, Object(Config\Cache), false)
 4 SYSTEMPATH/Boot.php(325): CodeIgniter\CodeIgniter->run()
 5 SYSTEMPATH/Boot.php(67): CodeIgniter\Boot::runCodeIgniter(Object(CodeIgniter\CodeIgniter))
 6 FCPATH/index.php(56): CodeIgniter\Boot::bootWeb(Object(Config\Paths))
INFO - 2025-02-03 07:31:38 --> Session: Class initialized using 'CodeIgniter\Session\Handlers\FileHandler' driver.
WARNING - 2025-02-03 07:31:38 --> [DEPRECATED] Creation of dynamic property App\Controllers\Admin\Image::$session is deprecated in APPPATH/Controllers/Admin/BaseController.php on line 56.
 1 SYSTEMPATH/CodeIgniter.php(904): App\Controllers\Admin\BaseController->initController(Object(CodeIgniter\HTTP\IncomingRequest), Object(CodeIgniter\HTTP\Response), Object(CodeIgniter\Log\Logger))
 2 SYSTEMPATH/CodeIgniter.php(500): CodeIgniter\CodeIgniter->createController()
 3 SYSTEMPATH/CodeIgniter.php(355): CodeIgniter\CodeIgniter->handleRequest(null, Object(Config\Cache), false)
 4 SYSTEMPATH/Boot.php(325): CodeIgniter\CodeIgniter->run()
 5 SYSTEMPATH/Boot.php(67): CodeIgniter\Boot::runCodeIgniter(Object(CodeIgniter\CodeIgniter))
 6 FCPATH/index.php(56): CodeIgniter\Boot::bootWeb(Object(Config\Paths))
INFO - 2025-02-03 07:31:38 --> Session: Class initialized using 'CodeIgniter\Session\Handlers\FileHandler' driver.
WARNING - 2025-02-03 07:31:38 --> [DEPRECATED] Creation of dynamic property App\Controllers\Admin\Category::$session is deprecated in APPPATH/Controllers/Admin/BaseController.php on line 56.
 1 SYSTEMPATH/CodeIgniter.php(904): App\Controllers\Admin\BaseController->initController(Object(CodeIgniter\HTTP\IncomingRequest), Object(CodeIgniter\HTTP\Response), Object(CodeIgniter\Log\Logger))
 2 SYSTEMPATH/CodeIgniter.php(500): CodeIgniter\CodeIgniter->createController()
 3 SYSTEMPATH/CodeIgniter.php(355): CodeIgniter\CodeIgniter->handleRequest(null, Object(Config\Cache), false)
 4 SYSTEMPATH/Boot.php(325): CodeIgniter\CodeIgniter->run()
 5 SYSTEMPATH/Boot.php(67): CodeIgniter\Boot::runCodeIgniter(Object(CodeIgniter\CodeIgniter))
 6 FCPATH/index.php(56): CodeIgniter\Boot::bootWeb(Object(Config\Paths))
INFO - 2025-02-03 07:31:39 --> Session: Class initialized using 'CodeIgniter\Session\Handlers\FileHandler' driver.
WARNING - 2025-02-03 07:31:39 --> [DEPRECATED] Creation of dynamic property App\Controllers\Admin\Image::$session is deprecated in APPPATH/Controllers/Admin/BaseController.php on line 56.
 1 SYSTEMPATH/CodeIgniter.php(904): App\Controllers\Admin\BaseController->initController(Object(CodeIgniter\HTTP\IncomingRequest), Object(CodeIgniter\HTTP\Response), Object(CodeIgniter\Log\Logger))
 2 SYSTEMPATH/CodeIgniter.php(500): CodeIgniter\CodeIgniter->createController()
 3 SYSTEMPATH/CodeIgniter.php(355): CodeIgniter\CodeIgniter->handleRequest(null, Object(Config\Cache), false)
 4 SYSTEMPATH/Boot.php(325): CodeIgniter\CodeIgniter->run()
 5 SYSTEMPATH/Boot.php(67): CodeIgniter\Boot::runCodeIgniter(Object(CodeIgniter\CodeIgniter))
 6 FCPATH/index.php(56): CodeIgniter\Boot::bootWeb(Object(Config\Paths))
INFO - 2025-02-03 07:31:39 --> Session: Class initialized using 'CodeIgniter\Session\Handlers\FileHandler' driver.
WARNING - 2025-02-03 07:31:39 --> [DEPRECATED] Creation of dynamic property App\Controllers\Admin\Category::$session is deprecated in APPPATH/Controllers/Admin/BaseController.php on line 56.
 1 SYSTEMPATH/CodeIgniter.php(904): App\Controllers\Admin\BaseController->initController(Object(CodeIgniter\HTTP\IncomingRequest), Object(CodeIgniter\HTTP\Response), Object(CodeIgniter\Log\Logger))
 2 SYSTEMPATH/CodeIgniter.php(500): CodeIgniter\CodeIgniter->createController()
 3 SYSTEMPATH/CodeIgniter.php(355): CodeIgniter\CodeIgniter->handleRequest(null, Object(Config\Cache), false)
 4 SYSTEMPATH/Boot.php(325): CodeIgniter\CodeIgniter->run()
 5 SYSTEMPATH/Boot.php(67): CodeIgniter\Boot::runCodeIgniter(Object(CodeIgniter\CodeIgniter))
 6 FCPATH/index.php(56): CodeIgniter\Boot::bootWeb(Object(Config\Paths))
INFO - 2025-02-03 07:31:40 --> Session: Class initialized using 'CodeIgniter\Session\Handlers\FileHandler' driver.
WARNING - 2025-02-03 07:31:40 --> [DEPRECATED] Creation of dynamic property App\Controllers\Admin\Image::$session is deprecated in APPPATH/Controllers/Admin/BaseController.php on line 56.
 1 SYSTEMPATH/CodeIgniter.php(904): App\Controllers\Admin\BaseController->initController(Object(CodeIgniter\HTTP\IncomingRequest), Object(CodeIgniter\HTTP\Response), Object(CodeIgniter\Log\Logger))
 2 SYSTEMPATH/CodeIgniter.php(500): CodeIgniter\CodeIgniter->createController()
 3 SYSTEMPATH/CodeIgniter.php(355): CodeIgniter\CodeIgniter->handleRequest(null, Object(Config\Cache), false)
 4 SYSTEMPATH/Boot.php(325): CodeIgniter\CodeIgniter->run()
 5 SYSTEMPATH/Boot.php(67): CodeIgniter\Boot::runCodeIgniter(Object(CodeIgniter\CodeIgniter))
 6 FCPATH/index.php(56): CodeIgniter\Boot::bootWeb(Object(Config\Paths))
INFO - 2025-02-03 07:31:41 --> Session: Class initialized using 'CodeIgniter\Session\Handlers\FileHandler' driver.
WARNING - 2025-02-03 07:31:41 --> [DEPRECATED] Creation of dynamic property App\Controllers\Admin\Category::$session is deprecated in APPPATH/Controllers/Admin/BaseController.php on line 56.
 1 SYSTEMPATH/CodeIgniter.php(904): App\Controllers\Admin\BaseController->initController(Object(CodeIgniter\HTTP\IncomingRequest), Object(CodeIgniter\HTTP\Response), Object(CodeIgniter\Log\Logger))
 2 SYSTEMPATH/CodeIgniter.php(500): CodeIgniter\CodeIgniter->createController()
 3 SYSTEMPATH/CodeIgniter.php(355): CodeIgniter\CodeIgniter->handleRequest(null, Object(Config\Cache), false)
 4 SYSTEMPATH/Boot.php(325): CodeIgniter\CodeIgniter->run()
 5 SYSTEMPATH/Boot.php(67): CodeIgniter\Boot::runCodeIgniter(Object(CodeIgniter\CodeIgniter))
 6 FCPATH/index.php(56): CodeIgniter\Boot::bootWeb(Object(Config\Paths))
INFO - 2025-02-03 07:31:42 --> Session: Class initialized using 'CodeIgniter\Session\Handlers\FileHandler' driver.
WARNING - 2025-02-03 07:31:42 --> [DEPRECATED] Creation of dynamic property App\Controllers\Admin\Image::$session is deprecated in APPPATH/Controllers/Admin/BaseController.php on line 56.
 1 SYSTEMPATH/CodeIgniter.php(904): App\Controllers\Admin\BaseController->initController(Object(CodeIgniter\HTTP\IncomingRequest), Object(CodeIgniter\HTTP\Response), Object(CodeIgniter\Log\Logger))
 2 SYSTEMPATH/CodeIgniter.php(500): CodeIgniter\CodeIgniter->createController()
 3 SYSTEMPATH/CodeIgniter.php(355): CodeIgniter\CodeIgniter->handleRequest(null, Object(Config\Cache), false)
 4 SYSTEMPATH/Boot.php(325): CodeIgniter\CodeIgniter->run()
 5 SYSTEMPATH/Boot.php(67): CodeIgniter\Boot::runCodeIgniter(Object(CodeIgniter\CodeIgniter))
 6 FCPATH/index.php(56): CodeIgniter\Boot::bootWeb(Object(Config\Paths))
INFO - 2025-02-03 07:31:42 --> Session: Class initialized using 'CodeIgniter\Session\Handlers\FileHandler' driver.
WARNING - 2025-02-03 07:31:42 --> [DEPRECATED] Creation of dynamic property App\Controllers\Admin\Category::$session is deprecated in APPPATH/Controllers/Admin/BaseController.php on line 56.
 1 SYSTEMPATH/CodeIgniter.php(904): App\Controllers\Admin\BaseController->initController(Object(CodeIgniter\HTTP\IncomingRequest), Object(CodeIgniter\HTTP\Response), Object(CodeIgniter\Log\Logger))
 2 SYSTEMPATH/CodeIgniter.php(500): CodeIgniter\CodeIgniter->createController()
 3 SYSTEMPATH/CodeIgniter.php(355): CodeIgniter\CodeIgniter->handleRequest(null, Object(Config\Cache), false)
 4 SYSTEMPATH/Boot.php(325): CodeIgniter\CodeIgniter->run()
 5 SYSTEMPATH/Boot.php(67): CodeIgniter\Boot::runCodeIgniter(Object(CodeIgniter\CodeIgniter))
 6 FCPATH/index.php(56): CodeIgniter\Boot::bootWeb(Object(Config\Paths))
INFO - 2025-02-03 07:31:45 --> Session: Class initialized using 'CodeIgniter\Session\Handlers\FileHandler' driver.
WARNING - 2025-02-03 07:31:45 --> [DEPRECATED] Creation of dynamic property App\Controllers\Admin\Image::$session is deprecated in APPPATH/Controllers/Admin/BaseController.php on line 56.
 1 SYSTEMPATH/CodeIgniter.php(904): App\Controllers\Admin\BaseController->initController(Object(CodeIgniter\HTTP\IncomingRequest), Object(CodeIgniter\HTTP\Response), Object(CodeIgniter\Log\Logger))
 2 SYSTEMPATH/CodeIgniter.php(500): CodeIgniter\CodeIgniter->createController()
 3 SYSTEMPATH/CodeIgniter.php(355): CodeIgniter\CodeIgniter->handleRequest(null, Object(Config\Cache), false)
 4 SYSTEMPATH/Boot.php(325): CodeIgniter\CodeIgniter->run()
 5 SYSTEMPATH/Boot.php(67): CodeIgniter\Boot::runCodeIgniter(Object(CodeIgniter\CodeIgniter))
 6 FCPATH/index.php(56): CodeIgniter\Boot::bootWeb(Object(Config\Paths))
INFO - 2025-02-03 07:31:45 --> Session: Class initialized using 'CodeIgniter\Session\Handlers\FileHandler' driver.
WARNING - 2025-02-03 07:31:45 --> [DEPRECATED] Creation of dynamic property App\Controllers\Admin\Category::$session is deprecated in APPPATH/Controllers/Admin/BaseController.php on line 56.
 1 SYSTEMPATH/CodeIgniter.php(904): App\Controllers\Admin\BaseController->initController(Object(CodeIgniter\HTTP\IncomingRequest), Object(CodeIgniter\HTTP\Response), Object(CodeIgniter\Log\Logger))
 2 SYSTEMPATH/CodeIgniter.php(500): CodeIgniter\CodeIgniter->createController()
 3 SYSTEMPATH/CodeIgniter.php(355): CodeIgniter\CodeIgniter->handleRequest(null, Object(Config\Cache), false)
 4 SYSTEMPATH/Boot.php(325): CodeIgniter\CodeIgniter->run()
 5 SYSTEMPATH/Boot.php(67): CodeIgniter\Boot::runCodeIgniter(Object(CodeIgniter\CodeIgniter))
 6 FCPATH/index.php(56): CodeIgniter\Boot::bootWeb(Object(Config\Paths))
INFO - 2025-02-03 07:31:47 --> Session: Class initialized using 'CodeIgniter\Session\Handlers\FileHandler' driver.
WARNING - 2025-02-03 07:31:47 --> [DEPRECATED] Creation of dynamic property App\Controllers\Admin\Image::$session is deprecated in APPPATH/Controllers/Admin/BaseController.php on line 56.
 1 SYSTEMPATH/CodeIgniter.php(904): App\Controllers\Admin\BaseController->initController(Object(CodeIgniter\HTTP\IncomingRequest), Object(CodeIgniter\HTTP\Response), Object(CodeIgniter\Log\Logger))
 2 SYSTEMPATH/CodeIgniter.php(500): CodeIgniter\CodeIgniter->createController()
 3 SYSTEMPATH/CodeIgniter.php(355): CodeIgniter\CodeIgniter->handleRequest(null, Object(Config\Cache), false)
 4 SYSTEMPATH/Boot.php(325): CodeIgniter\CodeIgniter->run()
 5 SYSTEMPATH/Boot.php(67): CodeIgniter\Boot::runCodeIgniter(Object(CodeIgniter\CodeIgniter))
 6 FCPATH/index.php(56): CodeIgniter\Boot::bootWeb(Object(Config\Paths))
INFO - 2025-02-03 07:31:47 --> Session: Class initialized using 'CodeIgniter\Session\Handlers\FileHandler' driver.
WARNING - 2025-02-03 07:31:47 --> [DEPRECATED] Creation of dynamic property App\Controllers\Admin\Category::$session is deprecated in APPPATH/Controllers/Admin/BaseController.php on line 56.
 1 SYSTEMPATH/CodeIgniter.php(904): App\Controllers\Admin\BaseController->initController(Object(CodeIgniter\HTTP\IncomingRequest), Object(CodeIgniter\HTTP\Response), Object(CodeIgniter\Log\Logger))
 2 SYSTEMPATH/CodeIgniter.php(500): CodeIgniter\CodeIgniter->createController()
 3 SYSTEMPATH/CodeIgniter.php(355): CodeIgniter\CodeIgniter->handleRequest(null, Object(Config\Cache), false)
 4 SYSTEMPATH/Boot.php(325): CodeIgniter\CodeIgniter->run()
 5 SYSTEMPATH/Boot.php(67): CodeIgniter\Boot::runCodeIgniter(Object(CodeIgniter\CodeIgniter))
 6 FCPATH/index.php(56): CodeIgniter\Boot::bootWeb(Object(Config\Paths))
INFO - 2025-02-03 07:40:08 --> Session: Class initialized using 'CodeIgniter\Session\Handlers\FileHandler' driver.
INFO - 2025-02-03 07:40:10 --> Session: Class initialized using 'CodeIgniter\Session\Handlers\FileHandler' driver.
INFO - 2025-02-03 07:40:21 --> Session: Class initialized using 'CodeIgniter\Session\Handlers\FileHandler' driver.
INFO - 2025-02-03 07:40:22 --> Session: Class initialized using 'CodeIgniter\Session\Handlers\FileHandler' driver.
INFO - 2025-02-03 07:40:25 --> Session: Class initialized using 'CodeIgniter\Session\Handlers\FileHandler' driver.
INFO - 2025-02-03 08:10:29 --> Session: Class initialized using 'CodeIgniter\Session\Handlers\FileHandler' driver.
INFO - 2025-02-03 08:10:31 --> Session: Class initialized using 'CodeIgniter\Session\Handlers\FileHandler' driver.
INFO - 2025-02-03 08:11:05 --> Session: Class initialized using 'CodeIgniter\Session\Handlers\FileHandler' driver.
INFO - 2025-02-03 10:04:04 --> Session: Class initialized using 'CodeIgniter\Session\Handlers\FileHandler' driver.
INFO - 2025-02-03 10:04:07 --> Session: Class initialized using 'CodeIgniter\Session\Handlers\FileHandler' driver.
INFO - 2025-02-03 10:04:10 --> Session: Class initialized using 'CodeIgniter\Session\Handlers\FileHandler' driver.
INFO - 2025-02-03 10:04:10 --> Session: Class initialized using 'CodeIgniter\Session\Handlers\FileHandler' driver.
WARNING - 2025-02-03 10:04:10 --> [DEPRECATED] Creation of dynamic property App\Controllers\User\User::$data is deprecated in APPPATH/Controllers/User/BaseController.php on line 58.
 1 SYSTEMPATH/CodeIgniter.php(904): App\Controllers\User\BaseController->initController(Object(CodeIgniter\HTTP\IncomingRequest), Object(CodeIgniter\HTTP\Response), Object(CodeIgniter\Log\Logger))
 2 SYSTEMPATH/CodeIgniter.php(500): CodeIgniter\CodeIgniter->createController()
 3 SYSTEMPATH/CodeIgniter.php(355): CodeIgniter\CodeIgniter->handleRequest(null, Object(Config\Cache), false)
 4 SYSTEMPATH/Boot.php(325): CodeIgniter\CodeIgniter->run()
 5 SYSTEMPATH/Boot.php(67): CodeIgniter\Boot::runCodeIgniter(Object(CodeIgniter\CodeIgniter))
 6 FCPATH/index.php(56): CodeIgniter\Boot::bootWeb(Object(Config\Paths))
INFO - 2025-02-03 10:04:15 --> Session: Class initialized using 'CodeIgniter\Session\Handlers\FileHandler' driver.
WARNING - 2025-02-03 10:04:15 --> [DEPRECATED] Creation of dynamic property App\Controllers\Admin\MySQLQueryExecute::$session is deprecated in APPPATH/Controllers/Admin/BaseController.php on line 56.
 1 SYSTEMPATH/CodeIgniter.php(904): App\Controllers\Admin\BaseController->initController(Object(CodeIgniter\HTTP\IncomingRequest), Object(CodeIgniter\HTTP\Response), Object(CodeIgniter\Log\Logger))
 2 SYSTEMPATH/CodeIgniter.php(500): CodeIgniter\CodeIgniter->createController()
 3 SYSTEMPATH/CodeIgniter.php(355): CodeIgniter\CodeIgniter->handleRequest(null, Object(Config\Cache), false)
 4 SYSTEMPATH/Boot.php(325): CodeIgniter\CodeIgniter->run()
 5 SYSTEMPATH/Boot.php(67): CodeIgniter\Boot::runCodeIgniter(Object(CodeIgniter\CodeIgniter))
 6 FCPATH/index.php(56): CodeIgniter\Boot::bootWeb(Object(Config\Paths))
INFO - 2025-02-03 10:04:17 --> Session: Class initialized using 'CodeIgniter\Session\Handlers\FileHandler' driver.
WARNING - 2025-02-03 10:04:17 --> [DEPRECATED] Creation of dynamic property App\Controllers\Admin\MySQLQueryExecute::$session is deprecated in APPPATH/Controllers/Admin/BaseController.php on line 56.
 1 SYSTEMPATH/CodeIgniter.php(904): App\Controllers\Admin\BaseController->initController(Object(CodeIgniter\HTTP\IncomingRequest), Object(CodeIgniter\HTTP\Response), Object(CodeIgniter\Log\Logger))
 2 SYSTEMPATH/CodeIgniter.php(500): CodeIgniter\CodeIgniter->createController()
 3 SYSTEMPATH/CodeIgniter.php(355): CodeIgniter\CodeIgniter->handleRequest(null, Object(Config\Cache), false)
 4 SYSTEMPATH/Boot.php(325): CodeIgniter\CodeIgniter->run()
 5 SYSTEMPATH/Boot.php(67): CodeIgniter\Boot::runCodeIgniter(Object(CodeIgniter\CodeIgniter))
 6 FCPATH/index.php(56): CodeIgniter\Boot::bootWeb(Object(Config\Paths))
INFO - 2025-02-03 10:04:29 --> Session: Class initialized using 'CodeIgniter\Session\Handlers\FileHandler' driver.
WARNING - 2025-02-03 10:04:29 --> [DEPRECATED] Creation of dynamic property App\Controllers\Admin\MySQLQueryExecute::$session is deprecated in APPPATH/Controllers/Admin/BaseController.php on line 56.
 1 SYSTEMPATH/CodeIgniter.php(904): App\Controllers\Admin\BaseController->initController(Object(CodeIgniter\HTTP\IncomingRequest), Object(CodeIgniter\HTTP\Response), Object(CodeIgniter\Log\Logger))
 2 SYSTEMPATH/CodeIgniter.php(500): CodeIgniter\CodeIgniter->createController()
 3 SYSTEMPATH/CodeIgniter.php(355): CodeIgniter\CodeIgniter->handleRequest(null, Object(Config\Cache), false)
 4 SYSTEMPATH/Boot.php(325): CodeIgniter\CodeIgniter->run()
 5 SYSTEMPATH/Boot.php(67): CodeIgniter\Boot::runCodeIgniter(Object(CodeIgniter\CodeIgniter))
 6 FCPATH/index.php(56): CodeIgniter\Boot::bootWeb(Object(Config\Paths))
INFO - 2025-02-03 10:04:42 --> Session: Class initialized using 'CodeIgniter\Session\Handlers\FileHandler' driver.
WARNING - 2025-02-03 10:04:42 --> [DEPRECATED] Creation of dynamic property App\Controllers\Admin\Course::$session is deprecated in APPPATH/Controllers/Admin/BaseController.php on line 56.
 1 SYSTEMPATH/CodeIgniter.php(904): App\Controllers\Admin\BaseController->initController(Object(CodeIgniter\HTTP\IncomingRequest), Object(CodeIgniter\HTTP\Response), Object(CodeIgniter\Log\Logger))
 2 SYSTEMPATH/CodeIgniter.php(500): CodeIgniter\CodeIgniter->createController()
 3 SYSTEMPATH/CodeIgniter.php(355): CodeIgniter\CodeIgniter->handleRequest(null, Object(Config\Cache), false)
 4 SYSTEMPATH/Boot.php(325): CodeIgniter\CodeIgniter->run()
 5 SYSTEMPATH/Boot.php(67): CodeIgniter\Boot::runCodeIgniter(Object(CodeIgniter\CodeIgniter))
 6 FCPATH/index.php(56): CodeIgniter\Boot::bootWeb(Object(Config\Paths))
INFO - 2025-02-03 10:04:43 --> Session: Class initialized using 'CodeIgniter\Session\Handlers\FileHandler' driver.
WARNING - 2025-02-03 10:04:43 --> [DEPRECATED] Creation of dynamic property App\Controllers\Admin\Category::$session is deprecated in APPPATH/Controllers/Admin/BaseController.php on line 56.
 1 SYSTEMPATH/CodeIgniter.php(904): App\Controllers\Admin\BaseController->initController(Object(CodeIgniter\HTTP\IncomingRequest), Object(CodeIgniter\HTTP\Response), Object(CodeIgniter\Log\Logger))
 2 SYSTEMPATH/CodeIgniter.php(500): CodeIgniter\CodeIgniter->createController()
 3 SYSTEMPATH/CodeIgniter.php(355): CodeIgniter\CodeIgniter->handleRequest(null, Object(Config\Cache), false)
 4 SYSTEMPATH/Boot.php(325): CodeIgniter\CodeIgniter->run()
 5 SYSTEMPATH/Boot.php(67): CodeIgniter\Boot::runCodeIgniter(Object(CodeIgniter\CodeIgniter))
 6 FCPATH/index.php(56): CodeIgniter\Boot::bootWeb(Object(Config\Paths))
INFO - 2025-02-03 10:04:44 --> Session: Class initialized using 'CodeIgniter\Session\Handlers\FileHandler' driver.
WARNING - 2025-02-03 10:04:44 --> [DEPRECATED] Creation of dynamic property App\Controllers\Admin\Course::$session is deprecated in APPPATH/Controllers/Admin/BaseController.php on line 56.
 1 SYSTEMPATH/CodeIgniter.php(904): App\Controllers\Admin\BaseController->initController(Object(CodeIgniter\HTTP\IncomingRequest), Object(CodeIgniter\HTTP\Response), Object(CodeIgniter\Log\Logger))
 2 SYSTEMPATH/CodeIgniter.php(500): CodeIgniter\CodeIgniter->createController()
 3 SYSTEMPATH/CodeIgniter.php(355): CodeIgniter\CodeIgniter->handleRequest(null, Object(Config\Cache), false)
 4 SYSTEMPATH/Boot.php(325): CodeIgniter\CodeIgniter->run()
 5 SYSTEMPATH/Boot.php(67): CodeIgniter\Boot::runCodeIgniter(Object(CodeIgniter\CodeIgniter))
 6 FCPATH/index.php(56): CodeIgniter\Boot::bootWeb(Object(Config\Paths))
INFO - 2025-02-03 10:04:46 --> Session: Class initialized using 'CodeIgniter\Session\Handlers\FileHandler' driver.
WARNING - 2025-02-03 10:04:46 --> [DEPRECATED] Creation of dynamic property App\Controllers\Admin\Course::$session is deprecated in APPPATH/Controllers/Admin/BaseController.php on line 56.
 1 SYSTEMPATH/CodeIgniter.php(904): App\Controllers\Admin\BaseController->initController(Object(CodeIgniter\HTTP\IncomingRequest), Object(CodeIgniter\HTTP\Response), Object(CodeIgniter\Log\Logger))
 2 SYSTEMPATH/CodeIgniter.php(500): CodeIgniter\CodeIgniter->createController()
 3 SYSTEMPATH/CodeIgniter.php(355): CodeIgniter\CodeIgniter->handleRequest(null, Object(Config\Cache), false)
 4 SYSTEMPATH/Boot.php(325): CodeIgniter\CodeIgniter->run()
 5 SYSTEMPATH/Boot.php(67): CodeIgniter\Boot::runCodeIgniter(Object(CodeIgniter\CodeIgniter))
 6 FCPATH/index.php(56): CodeIgniter\Boot::bootWeb(Object(Config\Paths))
INFO - 2025-02-03 10:05:49 --> Session: Class initialized using 'CodeIgniter\Session\Handlers\FileHandler' driver.
WARNING - 2025-02-03 10:05:49 --> [DEPRECATED] Creation of dynamic property App\Controllers\Admin\Course::$session is deprecated in APPPATH/Controllers/Admin/BaseController.php on line 56.
 1 SYSTEMPATH/CodeIgniter.php(904): App\Controllers\Admin\BaseController->initController(Object(CodeIgniter\HTTP\IncomingRequest), Object(CodeIgniter\HTTP\Response), Object(CodeIgniter\Log\Logger))
 2 SYSTEMPATH/CodeIgniter.php(500): CodeIgniter\CodeIgniter->createController()
 3 SYSTEMPATH/CodeIgniter.php(355): CodeIgniter\CodeIgniter->handleRequest(null, Object(Config\Cache), false)
 4 SYSTEMPATH/Boot.php(325): CodeIgniter\CodeIgniter->run()
 5 SYSTEMPATH/Boot.php(67): CodeIgniter\Boot::runCodeIgniter(Object(CodeIgniter\CodeIgniter))
 6 FCPATH/index.php(56): CodeIgniter\Boot::bootWeb(Object(Config\Paths))
INFO - 2025-02-03 10:05:50 --> Session: Class initialized using 'CodeIgniter\Session\Handlers\FileHandler' driver.
WARNING - 2025-02-03 10:05:50 --> [DEPRECATED] Creation of dynamic property App\Controllers\Admin\Category::$session is deprecated in APPPATH/Controllers/Admin/BaseController.php on line 56.
 1 SYSTEMPATH/CodeIgniter.php(904): App\Controllers\Admin\BaseController->initController(Object(CodeIgniter\HTTP\IncomingRequest), Object(CodeIgniter\HTTP\Response), Object(CodeIgniter\Log\Logger))
 2 SYSTEMPATH/CodeIgniter.php(500): CodeIgniter\CodeIgniter->createController()
 3 SYSTEMPATH/CodeIgniter.php(355): CodeIgniter\CodeIgniter->handleRequest(null, Object(Config\Cache), false)
 4 SYSTEMPATH/Boot.php(325): CodeIgniter\CodeIgniter->run()
 5 SYSTEMPATH/Boot.php(67): CodeIgniter\Boot::runCodeIgniter(Object(CodeIgniter\CodeIgniter))
 6 FCPATH/index.php(56): CodeIgniter\Boot::bootWeb(Object(Config\Paths))
INFO - 2025-02-03 10:05:51 --> Session: Class initialized using 'CodeIgniter\Session\Handlers\FileHandler' driver.
WARNING - 2025-02-03 10:05:51 --> [DEPRECATED] Creation of dynamic property App\Controllers\Admin\Course::$session is deprecated in APPPATH/Controllers/Admin/BaseController.php on line 56.
 1 SYSTEMPATH/CodeIgniter.php(904): App\Controllers\Admin\BaseController->initController(Object(CodeIgniter\HTTP\IncomingRequest), Object(CodeIgniter\HTTP\Response), Object(CodeIgniter\Log\Logger))
 2 SYSTEMPATH/CodeIgniter.php(500): CodeIgniter\CodeIgniter->createController()
 3 SYSTEMPATH/CodeIgniter.php(355): CodeIgniter\CodeIgniter->handleRequest(null, Object(Config\Cache), false)
 4 SYSTEMPATH/Boot.php(325): CodeIgniter\CodeIgniter->run()
 5 SYSTEMPATH/Boot.php(67): CodeIgniter\Boot::runCodeIgniter(Object(CodeIgniter\CodeIgniter))
 6 FCPATH/index.php(56): CodeIgniter\Boot::bootWeb(Object(Config\Paths))
INFO - 2025-02-03 10:05:53 --> Session: Class initialized using 'CodeIgniter\Session\Handlers\FileHandler' driver.
WARNING - 2025-02-03 10:05:53 --> [DEPRECATED] Creation of dynamic property App\Controllers\Admin\Course::$session is deprecated in APPPATH/Controllers/Admin/BaseController.php on line 56.
 1 SYSTEMPATH/CodeIgniter.php(904): App\Controllers\Admin\BaseController->initController(Object(CodeIgniter\HTTP\IncomingRequest), Object(CodeIgniter\HTTP\Response), Object(CodeIgniter\Log\Logger))
 2 SYSTEMPATH/CodeIgniter.php(500): CodeIgniter\CodeIgniter->createController()
 3 SYSTEMPATH/CodeIgniter.php(355): CodeIgniter\CodeIgniter->handleRequest(null, Object(Config\Cache), false)
 4 SYSTEMPATH/Boot.php(325): CodeIgniter\CodeIgniter->run()
 5 SYSTEMPATH/Boot.php(67): CodeIgniter\Boot::runCodeIgniter(Object(CodeIgniter\CodeIgniter))
 6 FCPATH/index.php(56): CodeIgniter\Boot::bootWeb(Object(Config\Paths))
INFO - 2025-02-03 10:05:56 --> Session: Class initialized using 'CodeIgniter\Session\Handlers\FileHandler' driver.
WARNING - 2025-02-03 10:05:56 --> [DEPRECATED] Creation of dynamic property App\Controllers\Admin\Course::$session is deprecated in APPPATH/Controllers/Admin/BaseController.php on line 56.
 1 SYSTEMPATH/CodeIgniter.php(904): App\Controllers\Admin\BaseController->initController(Object(CodeIgniter\HTTP\IncomingRequest), Object(CodeIgniter\HTTP\Response), Object(CodeIgniter\Log\Logger))
 2 SYSTEMPATH/CodeIgniter.php(500): CodeIgniter\CodeIgniter->createController()
 3 SYSTEMPATH/CodeIgniter.php(355): CodeIgniter\CodeIgniter->handleRequest(null, Object(Config\Cache), false)
 4 SYSTEMPATH/Boot.php(325): CodeIgniter\CodeIgniter->run()
 5 SYSTEMPATH/Boot.php(67): CodeIgniter\Boot::runCodeIgniter(Object(CodeIgniter\CodeIgniter))
 6 FCPATH/index.php(56): CodeIgniter\Boot::bootWeb(Object(Config\Paths))
INFO - 2025-02-03 10:05:56 --> Session: Class initialized using 'CodeIgniter\Session\Handlers\FileHandler' driver.
WARNING - 2025-02-03 10:05:56 --> [DEPRECATED] Creation of dynamic property App\Controllers\Admin\Course::$session is deprecated in APPPATH/Controllers/Admin/BaseController.php on line 56.
 1 SYSTEMPATH/CodeIgniter.php(904): App\Controllers\Admin\BaseController->initController(Object(CodeIgniter\HTTP\IncomingRequest), Object(CodeIgniter\HTTP\Response), Object(CodeIgniter\Log\Logger))
 2 SYSTEMPATH/CodeIgniter.php(500): CodeIgniter\CodeIgniter->createController()
 3 SYSTEMPATH/CodeIgniter.php(355): CodeIgniter\CodeIgniter->handleRequest(null, Object(Config\Cache), false)
 4 SYSTEMPATH/Boot.php(325): CodeIgniter\CodeIgniter->run()
 5 SYSTEMPATH/Boot.php(67): CodeIgniter\Boot::runCodeIgniter(Object(CodeIgniter\CodeIgniter))
 6 FCPATH/index.php(56): CodeIgniter\Boot::bootWeb(Object(Config\Paths))
INFO - 2025-02-03 10:05:59 --> Session: Class initialized using 'CodeIgniter\Session\Handlers\FileHandler' driver.
WARNING - 2025-02-03 10:05:59 --> [DEPRECATED] Creation of dynamic property App\Controllers\Admin\MySQLQueryExecute::$session is deprecated in APPPATH/Controllers/Admin/BaseController.php on line 56.
 1 SYSTEMPATH/CodeIgniter.php(904): App\Controllers\Admin\BaseController->initController(Object(CodeIgniter\HTTP\IncomingRequest), Object(CodeIgniter\HTTP\Response), Object(CodeIgniter\Log\Logger))
 2 SYSTEMPATH/CodeIgniter.php(500): CodeIgniter\CodeIgniter->createController()
 3 SYSTEMPATH/CodeIgniter.php(355): CodeIgniter\CodeIgniter->handleRequest(null, Object(Config\Cache), false)
 4 SYSTEMPATH/Boot.php(325): CodeIgniter\CodeIgniter->run()
 5 SYSTEMPATH/Boot.php(67): CodeIgniter\Boot::runCodeIgniter(Object(CodeIgniter\CodeIgniter))
 6 FCPATH/index.php(56): CodeIgniter\Boot::bootWeb(Object(Config\Paths))
INFO - 2025-02-03 10:06:01 --> Session: Class initialized using 'CodeIgniter\Session\Handlers\FileHandler' driver.
INFO - 2025-02-03 10:06:03 --> Session: Class initialized using 'CodeIgniter\Session\Handlers\FileHandler' driver.
INFO - 2025-02-03 10:06:09 --> Session: Class initialized using 'CodeIgniter\Session\Handlers\FileHandler' driver.
INFO - 2025-02-03 10:06:21 --> Session: Class initialized using 'CodeIgniter\Session\Handlers\FileHandler' driver.
INFO - 2025-02-03 10:06:22 --> Session: Class initialized using 'CodeIgniter\Session\Handlers\FileHandler' driver.
INFO - 2025-02-03 10:06:24 --> Session: Class initialized using 'CodeIgniter\Session\Handlers\FileHandler' driver.
INFO - 2025-02-03 10:06:32 --> Session: Class initialized using 'CodeIgniter\Session\Handlers\FileHandler' driver.
INFO - 2025-02-03 10:06:33 --> Session: Class initialized using 'CodeIgniter\Session\Handlers\FileHandler' driver.
INFO - 2025-02-03 10:06:38 --> Session: Class initialized using 'CodeIgniter\Session\Handlers\FileHandler' driver.
INFO - 2025-02-03 13:22:19 --> Session: Class initialized using 'CodeIgniter\Session\Handlers\FileHandler' driver.
INFO - 2025-02-03 13:22:22 --> Session: Class initialized using 'CodeIgniter\Session\Handlers\FileHandler' driver.
INFO - 2025-02-03 13:22:32 --> Session: Class initialized using 'CodeIgniter\Session\Handlers\FileHandler' driver.
INFO - 2025-02-03 13:22:39 --> Session: Class initialized using 'CodeIgniter\Session\Handlers\FileHandler' driver.
INFO - 2025-02-03 13:22:51 --> Session: Class initialized using 'CodeIgniter\Session\Handlers\FileHandler' driver.
INFO - 2025-02-03 13:22:54 --> Session: Class initialized using 'CodeIgniter\Session\Handlers\FileHandler' driver.
INFO - 2025-02-03 17:17:12 --> Session: Class initialized using 'CodeIgniter\Session\Handlers\FileHandler' driver.
INFO - 2025-02-03 17:17:14 --> Session: Class initialized using 'CodeIgniter\Session\Handlers\FileHandler' driver.
INFO - 2025-02-03 17:17:18 --> Session: Class initialized using 'CodeIgniter\Session\Handlers\FileHandler' driver.
INFO - 2025-02-03 17:17:18 --> Session: Class initialized using 'CodeIgniter\Session\Handlers\FileHandler' driver.
WARNING - 2025-02-03 17:17:18 --> [DEPRECATED] Creation of dynamic property App\Controllers\User\User::$data is deprecated in APPPATH/Controllers/User/BaseController.php on line 58.
 1 SYSTEMPATH/CodeIgniter.php(904): App\Controllers\User\BaseController->initController(Object(CodeIgniter\HTTP\IncomingRequest), Object(CodeIgniter\HTTP\Response), Object(CodeIgniter\Log\Logger))
 2 SYSTEMPATH/CodeIgniter.php(500): CodeIgniter\CodeIgniter->createController()
 3 SYSTEMPATH/CodeIgniter.php(355): CodeIgniter\CodeIgniter->handleRequest(null, Object(Config\Cache), false)
 4 SYSTEMPATH/Boot.php(325): CodeIgniter\CodeIgniter->run()
 5 SYSTEMPATH/Boot.php(67): CodeIgniter\Boot::runCodeIgniter(Object(CodeIgniter\CodeIgniter))
 6 FCPATH/index.php(56): CodeIgniter\Boot::bootWeb(Object(Config\Paths))
INFO - 2025-02-03 17:17:22 --> Session: Class initialized using 'CodeIgniter\Session\Handlers\FileHandler' driver.
WARNING - 2025-02-03 17:17:22 --> [DEPRECATED] Creation of dynamic property App\Controllers\Admin\Course::$session is deprecated in APPPATH/Controllers/Admin/BaseController.php on line 56.
 1 SYSTEMPATH/CodeIgniter.php(904): App\Controllers\Admin\BaseController->initController(Object(CodeIgniter\HTTP\IncomingRequest), Object(CodeIgniter\HTTP\Response), Object(CodeIgniter\Log\Logger))
 2 SYSTEMPATH/CodeIgniter.php(500): CodeIgniter\CodeIgniter->createController()
 3 SYSTEMPATH/CodeIgniter.php(355): CodeIgniter\CodeIgniter->handleRequest(null, Object(Config\Cache), false)
 4 SYSTEMPATH/Boot.php(325): CodeIgniter\CodeIgniter->run()
 5 SYSTEMPATH/Boot.php(67): CodeIgniter\Boot::runCodeIgniter(Object(CodeIgniter\CodeIgniter))
 6 FCPATH/index.php(56): CodeIgniter\Boot::bootWeb(Object(Config\Paths))
INFO - 2025-02-03 17:17:25 --> Session: Class initialized using 'CodeIgniter\Session\Handlers\FileHandler' driver.
WARNING - 2025-02-03 17:17:25 --> [DEPRECATED] Creation of dynamic property App\Controllers\Admin\Category::$session is deprecated in APPPATH/Controllers/Admin/BaseController.php on line 56.
 1 SYSTEMPATH/CodeIgniter.php(904): App\Controllers\Admin\BaseController->initController(Object(CodeIgniter\HTTP\IncomingRequest), Object(CodeIgniter\HTTP\Response), Object(CodeIgniter\Log\Logger))
 2 SYSTEMPATH/CodeIgniter.php(500): CodeIgniter\CodeIgniter->createController()
 3 SYSTEMPATH/CodeIgniter.php(355): CodeIgniter\CodeIgniter->handleRequest(null, Object(Config\Cache), false)
 4 SYSTEMPATH/Boot.php(325): CodeIgniter\CodeIgniter->run()
 5 SYSTEMPATH/Boot.php(67): CodeIgniter\Boot::runCodeIgniter(Object(CodeIgniter\CodeIgniter))
 6 FCPATH/index.php(56): CodeIgniter\Boot::bootWeb(Object(Config\Paths))
INFO - 2025-02-03 17:17:25 --> Session: Class initialized using 'CodeIgniter\Session\Handlers\FileHandler' driver.
WARNING - 2025-02-03 17:17:25 --> [DEPRECATED] Creation of dynamic property App\Controllers\Admin\Course::$session is deprecated in APPPATH/Controllers/Admin/BaseController.php on line 56.
 1 SYSTEMPATH/CodeIgniter.php(904): App\Controllers\Admin\BaseController->initController(Object(CodeIgniter\HTTP\IncomingRequest), Object(CodeIgniter\HTTP\Response), Object(CodeIgniter\Log\Logger))
 2 SYSTEMPATH/CodeIgniter.php(500): CodeIgniter\CodeIgniter->createController()
 3 SYSTEMPATH/CodeIgniter.php(355): CodeIgniter\CodeIgniter->handleRequest(null, Object(Config\Cache), false)
 4 SYSTEMPATH/Boot.php(325): CodeIgniter\CodeIgniter->run()
 5 SYSTEMPATH/Boot.php(67): CodeIgniter\Boot::runCodeIgniter(Object(CodeIgniter\CodeIgniter))
 6 FCPATH/index.php(56): CodeIgniter\Boot::bootWeb(Object(Config\Paths))
INFO - 2025-02-03 17:17:27 --> Session: Class initialized using 'CodeIgniter\Session\Handlers\FileHandler' driver.
WARNING - 2025-02-03 17:17:27 --> [DEPRECATED] Creation of dynamic property App\Controllers\Admin\Course::$session is deprecated in APPPATH/Controllers/Admin/BaseController.php on line 56.
 1 SYSTEMPATH/CodeIgniter.php(904): App\Controllers\Admin\BaseController->initController(Object(CodeIgniter\HTTP\IncomingRequest), Object(CodeIgniter\HTTP\Response), Object(CodeIgniter\Log\Logger))
 2 SYSTEMPATH/CodeIgniter.php(500): CodeIgniter\CodeIgniter->createController()
 3 SYSTEMPATH/CodeIgniter.php(355): CodeIgniter\CodeIgniter->handleRequest(null, Object(Config\Cache), false)
 4 SYSTEMPATH/Boot.php(325): CodeIgniter\CodeIgniter->run()
 5 SYSTEMPATH/Boot.php(67): CodeIgniter\Boot::runCodeIgniter(Object(CodeIgniter\CodeIgniter))
 6 FCPATH/index.php(56): CodeIgniter\Boot::bootWeb(Object(Config\Paths))
INFO - 2025-02-03 17:17:34 --> Session: Class initialized using 'CodeIgniter\Session\Handlers\FileHandler' driver.
WARNING - 2025-02-03 17:17:34 --> [DEPRECATED] Creation of dynamic property App\Controllers\Admin\Course::$session is deprecated in APPPATH/Controllers/Admin/BaseController.php on line 56.
 1 SYSTEMPATH/CodeIgniter.php(904): App\Controllers\Admin\BaseController->initController(Object(CodeIgniter\HTTP\IncomingRequest), Object(CodeIgniter\HTTP\Response), Object(CodeIgniter\Log\Logger))
 2 SYSTEMPATH/CodeIgniter.php(500): CodeIgniter\CodeIgniter->createController()
 3 SYSTEMPATH/CodeIgniter.php(355): CodeIgniter\CodeIgniter->handleRequest(null, Object(Config\Cache), false)
 4 SYSTEMPATH/Boot.php(325): CodeIgniter\CodeIgniter->run()
 5 SYSTEMPATH/Boot.php(67): CodeIgniter\Boot::runCodeIgniter(Object(CodeIgniter\CodeIgniter))
 6 FCPATH/index.php(56): CodeIgniter\Boot::bootWeb(Object(Config\Paths))
INFO - 2025-02-03 17:17:34 --> Session: Class initialized using 'CodeIgniter\Session\Handlers\FileHandler' driver.
WARNING - 2025-02-03 17:17:34 --> [DEPRECATED] Creation of dynamic property App\Controllers\Admin\Course::$session is deprecated in APPPATH/Controllers/Admin/BaseController.php on line 56.
 1 SYSTEMPATH/CodeIgniter.php(904): App\Controllers\Admin\BaseController->initController(Object(CodeIgniter\HTTP\IncomingRequest), Object(CodeIgniter\HTTP\Response), Object(CodeIgniter\Log\Logger))
 2 SYSTEMPATH/CodeIgniter.php(500): CodeIgniter\CodeIgniter->createController()
 3 SYSTEMPATH/CodeIgniter.php(355): CodeIgniter\CodeIgniter->handleRequest(null, Object(Config\Cache), false)
 4 SYSTEMPATH/Boot.php(325): CodeIgniter\CodeIgniter->run()
 5 SYSTEMPATH/Boot.php(67): CodeIgniter\Boot::runCodeIgniter(Object(CodeIgniter\CodeIgniter))
 6 FCPATH/index.php(56): CodeIgniter\Boot::bootWeb(Object(Config\Paths))
INFO - 2025-02-03 17:17:39 --> Session: Class initialized using 'CodeIgniter\Session\Handlers\FileHandler' driver.
WARNING - 2025-02-03 17:17:39 --> [DEPRECATED] Creation of dynamic property App\Controllers\Admin\Course::$session is deprecated in APPPATH/Controllers/Admin/BaseController.php on line 56.
 1 SYSTEMPATH/CodeIgniter.php(904): App\Controllers\Admin\BaseController->initController(Object(CodeIgniter\HTTP\IncomingRequest), Object(CodeIgniter\HTTP\Response), Object(CodeIgniter\Log\Logger))
 2 SYSTEMPATH/CodeIgniter.php(500): CodeIgniter\CodeIgniter->createController()
 3 SYSTEMPATH/CodeIgniter.php(355): CodeIgniter\CodeIgniter->handleRequest(null, Object(Config\Cache), false)
 4 SYSTEMPATH/Boot.php(325): CodeIgniter\CodeIgniter->run()
 5 SYSTEMPATH/Boot.php(67): CodeIgniter\Boot::runCodeIgniter(Object(CodeIgniter\CodeIgniter))
 6 FCPATH/index.php(56): CodeIgniter\Boot::bootWeb(Object(Config\Paths))
INFO - 2025-02-03 17:17:44 --> Session: Class initialized using 'CodeIgniter\Session\Handlers\FileHandler' driver.
WARNING - 2025-02-03 17:17:44 --> [DEPRECATED] Creation of dynamic property App\Controllers\Admin\Course::$session is deprecated in APPPATH/Controllers/Admin/BaseController.php on line 56.
 1 SYSTEMPATH/CodeIgniter.php(904): App\Controllers\Admin\BaseController->initController(Object(CodeIgniter\HTTP\IncomingRequest), Object(CodeIgniter\HTTP\Response), Object(CodeIgniter\Log\Logger))
 2 SYSTEMPATH/CodeIgniter.php(500): CodeIgniter\CodeIgniter->createController()
 3 SYSTEMPATH/CodeIgniter.php(355): CodeIgniter\CodeIgniter->handleRequest(null, Object(Config\Cache), false)
 4 SYSTEMPATH/Boot.php(325): CodeIgniter\CodeIgniter->run()
 5 SYSTEMPATH/Boot.php(67): CodeIgniter\Boot::runCodeIgniter(Object(CodeIgniter\CodeIgniter))
 6 FCPATH/index.php(56): CodeIgniter\Boot::bootWeb(Object(Config\Paths))
INFO - 2025-02-03 17:17:44 --> Session: Class initialized using 'CodeIgniter\Session\Handlers\FileHandler' driver.
WARNING - 2025-02-03 17:17:44 --> [DEPRECATED] Creation of dynamic property App\Controllers\Admin\Course::$session is deprecated in APPPATH/Controllers/Admin/BaseController.php on line 56.
 1 SYSTEMPATH/CodeIgniter.php(904): App\Controllers\Admin\BaseController->initController(Object(CodeIgniter\HTTP\IncomingRequest), Object(CodeIgniter\HTTP\Response), Object(CodeIgniter\Log\Logger))
 2 SYSTEMPATH/CodeIgniter.php(500): CodeIgniter\CodeIgniter->createController()
 3 SYSTEMPATH/CodeIgniter.php(355): CodeIgniter\CodeIgniter->handleRequest(null, Object(Config\Cache), false)
 4 SYSTEMPATH/Boot.php(325): CodeIgniter\CodeIgniter->run()
 5 SYSTEMPATH/Boot.php(67): CodeIgniter\Boot::runCodeIgniter(Object(CodeIgniter\CodeIgniter))
 6 FCPATH/index.php(56): CodeIgniter\Boot::bootWeb(Object(Config\Paths))
INFO - 2025-02-03 17:17:47 --> Session: Class initialized using 'CodeIgniter\Session\Handlers\FileHandler' driver.
WARNING - 2025-02-03 17:17:47 --> [DEPRECATED] Creation of dynamic property App\Controllers\Admin\Course::$session is deprecated in APPPATH/Controllers/Admin/BaseController.php on line 56.
 1 SYSTEMPATH/CodeIgniter.php(904): App\Controllers\Admin\BaseController->initController(Object(CodeIgniter\HTTP\IncomingRequest), Object(CodeIgniter\HTTP\Response), Object(CodeIgniter\Log\Logger))
 2 SYSTEMPATH/CodeIgniter.php(500): CodeIgniter\CodeIgniter->createController()
 3 SYSTEMPATH/CodeIgniter.php(355): CodeIgniter\CodeIgniter->handleRequest(null, Object(Config\Cache), false)
 4 SYSTEMPATH/Boot.php(325): CodeIgniter\CodeIgniter->run()
 5 SYSTEMPATH/Boot.php(67): CodeIgniter\Boot::runCodeIgniter(Object(CodeIgniter\CodeIgniter))
 6 FCPATH/index.php(56): CodeIgniter\Boot::bootWeb(Object(Config\Paths))
INFO - 2025-02-03 17:17:51 --> Session: Class initialized using 'CodeIgniter\Session\Handlers\FileHandler' driver.
WARNING - 2025-02-03 17:17:51 --> [DEPRECATED] Creation of dynamic property App\Controllers\Admin\Course::$session is deprecated in APPPATH/Controllers/Admin/BaseController.php on line 56.
 1 SYSTEMPATH/CodeIgniter.php(904): App\Controllers\Admin\BaseController->initController(Object(CodeIgniter\HTTP\IncomingRequest), Object(CodeIgniter\HTTP\Response), Object(CodeIgniter\Log\Logger))
 2 SYSTEMPATH/CodeIgniter.php(500): CodeIgniter\CodeIgniter->createController()
 3 SYSTEMPATH/CodeIgniter.php(355): CodeIgniter\CodeIgniter->handleRequest(null, Object(Config\Cache), false)
 4 SYSTEMPATH/Boot.php(325): CodeIgniter\CodeIgniter->run()
 5 SYSTEMPATH/Boot.php(67): CodeIgniter\Boot::runCodeIgniter(Object(CodeIgniter\CodeIgniter))
 6 FCPATH/index.php(56): CodeIgniter\Boot::bootWeb(Object(Config\Paths))
INFO - 2025-02-03 17:17:51 --> Session: Class initialized using 'CodeIgniter\Session\Handlers\FileHandler' driver.
WARNING - 2025-02-03 17:17:51 --> [DEPRECATED] Creation of dynamic property App\Controllers\Admin\Course::$session is deprecated in APPPATH/Controllers/Admin/BaseController.php on line 56.
 1 SYSTEMPATH/CodeIgniter.php(904): App\Controllers\Admin\BaseController->initController(Object(CodeIgniter\HTTP\IncomingRequest), Object(CodeIgniter\HTTP\Response), Object(CodeIgniter\Log\Logger))
 2 SYSTEMPATH/CodeIgniter.php(500): CodeIgniter\CodeIgniter->createController()
 3 SYSTEMPATH/CodeIgniter.php(355): CodeIgniter\CodeIgniter->handleRequest(null, Object(Config\Cache), false)
 4 SYSTEMPATH/Boot.php(325): CodeIgniter\CodeIgniter->run()
 5 SYSTEMPATH/Boot.php(67): CodeIgniter\Boot::runCodeIgniter(Object(CodeIgniter\CodeIgniter))
 6 FCPATH/index.php(56): CodeIgniter\Boot::bootWeb(Object(Config\Paths))
INFO - 2025-02-03 17:25:07 --> Session: Class initialized using 'CodeIgniter\Session\Handlers\FileHandler' driver.
WARNING - 2025-02-03 17:25:07 --> [DEPRECATED] Creation of dynamic property App\Controllers\Admin\Course::$session is deprecated in APPPATH/Controllers/Admin/BaseController.php on line 56.
 1 SYSTEMPATH/CodeIgniter.php(904): App\Controllers\Admin\BaseController->initController(Object(CodeIgniter\HTTP\IncomingRequest), Object(CodeIgniter\HTTP\Response), Object(CodeIgniter\Log\Logger))
 2 SYSTEMPATH/CodeIgniter.php(500): CodeIgniter\CodeIgniter->createController()
 3 SYSTEMPATH/CodeIgniter.php(355): CodeIgniter\CodeIgniter->handleRequest(null, Object(Config\Cache), false)
 4 SYSTEMPATH/Boot.php(325): CodeIgniter\CodeIgniter->run()
 5 SYSTEMPATH/Boot.php(67): CodeIgniter\Boot::runCodeIgniter(Object(CodeIgniter\CodeIgniter))
 6 FCPATH/index.php(56): CodeIgniter\Boot::bootWeb(Object(Config\Paths))
INFO - 2025-02-03 17:25:07 --> Session: Class initialized using 'CodeIgniter\Session\Handlers\FileHandler' driver.
WARNING - 2025-02-03 17:25:07 --> [DEPRECATED] Creation of dynamic property App\Controllers\Admin\Course::$session is deprecated in APPPATH/Controllers/Admin/BaseController.php on line 56.
 1 SYSTEMPATH/CodeIgniter.php(904): App\Controllers\Admin\BaseController->initController(Object(CodeIgniter\HTTP\IncomingRequest), Object(CodeIgniter\HTTP\Response), Object(CodeIgniter\Log\Logger))
 2 SYSTEMPATH/CodeIgniter.php(500): CodeIgniter\CodeIgniter->createController()
 3 SYSTEMPATH/CodeIgniter.php(355): CodeIgniter\CodeIgniter->handleRequest(null, Object(Config\Cache), false)
 4 SYSTEMPATH/Boot.php(325): CodeIgniter\CodeIgniter->run()
 5 SYSTEMPATH/Boot.php(67): CodeIgniter\Boot::runCodeIgniter(Object(CodeIgniter\CodeIgniter))
 6 FCPATH/index.php(56): CodeIgniter\Boot::bootWeb(Object(Config\Paths))
INFO - 2025-02-03 17:25:12 --> Session: Class initialized using 'CodeIgniter\Session\Handlers\FileHandler' driver.
INFO - 2025-02-03 17:25:16 --> Session: Class initialized using 'CodeIgniter\Session\Handlers\FileHandler' driver.
WARNING - 2025-02-03 17:25:16 --> [DEPRECATED] Creation of dynamic property App\Controllers\Admin\Course::$session is deprecated in APPPATH/Controllers/Admin/BaseController.php on line 56.
 1 SYSTEMPATH/CodeIgniter.php(904): App\Controllers\Admin\BaseController->initController(Object(CodeIgniter\HTTP\IncomingRequest), Object(CodeIgniter\HTTP\Response), Object(CodeIgniter\Log\Logger))
 2 SYSTEMPATH/CodeIgniter.php(500): CodeIgniter\CodeIgniter->createController()
 3 SYSTEMPATH/CodeIgniter.php(355): CodeIgniter\CodeIgniter->handleRequest(null, Object(Config\Cache), false)
 4 SYSTEMPATH/Boot.php(325): CodeIgniter\CodeIgniter->run()
 5 SYSTEMPATH/Boot.php(67): CodeIgniter\Boot::runCodeIgniter(Object(CodeIgniter\CodeIgniter))
 6 FCPATH/index.php(56): CodeIgniter\Boot::bootWeb(Object(Config\Paths))
INFO - 2025-02-03 17:25:17 --> Session: Class initialized using 'CodeIgniter\Session\Handlers\FileHandler' driver.
WARNING - 2025-02-03 17:25:17 --> [DEPRECATED] Creation of dynamic property App\Controllers\Admin\Category::$session is deprecated in APPPATH/Controllers/Admin/BaseController.php on line 56.
 1 SYSTEMPATH/CodeIgniter.php(904): App\Controllers\Admin\BaseController->initController(Object(CodeIgniter\HTTP\IncomingRequest), Object(CodeIgniter\HTTP\Response), Object(CodeIgniter\Log\Logger))
 2 SYSTEMPATH/CodeIgniter.php(500): CodeIgniter\CodeIgniter->createController()
 3 SYSTEMPATH/CodeIgniter.php(355): CodeIgniter\CodeIgniter->handleRequest(null, Object(Config\Cache), false)
 4 SYSTEMPATH/Boot.php(325): CodeIgniter\CodeIgniter->run()
 5 SYSTEMPATH/Boot.php(67): CodeIgniter\Boot::runCodeIgniter(Object(CodeIgniter\CodeIgniter))
 6 FCPATH/index.php(56): CodeIgniter\Boot::bootWeb(Object(Config\Paths))
INFO - 2025-02-03 17:25:18 --> Session: Class initialized using 'CodeIgniter\Session\Handlers\FileHandler' driver.
WARNING - 2025-02-03 17:25:18 --> [DEPRECATED] Creation of dynamic property App\Controllers\Admin\Course::$session is deprecated in APPPATH/Controllers/Admin/BaseController.php on line 56.
 1 SYSTEMPATH/CodeIgniter.php(904): App\Controllers\Admin\BaseController->initController(Object(CodeIgniter\HTTP\IncomingRequest), Object(CodeIgniter\HTTP\Response), Object(CodeIgniter\Log\Logger))
 2 SYSTEMPATH/CodeIgniter.php(500): CodeIgniter\CodeIgniter->createController()
 3 SYSTEMPATH/CodeIgniter.php(355): CodeIgniter\CodeIgniter->handleRequest(null, Object(Config\Cache), false)
 4 SYSTEMPATH/Boot.php(325): CodeIgniter\CodeIgniter->run()
 5 SYSTEMPATH/Boot.php(67): CodeIgniter\Boot::runCodeIgniter(Object(CodeIgniter\CodeIgniter))
 6 FCPATH/index.php(56): CodeIgniter\Boot::bootWeb(Object(Config\Paths))
INFO - 2025-02-03 17:25:21 --> Session: Class initialized using 'CodeIgniter\Session\Handlers\FileHandler' driver.
WARNING - 2025-02-03 17:25:21 --> [DEPRECATED] Creation of dynamic property App\Controllers\Admin\Course::$session is deprecated in APPPATH/Controllers/Admin/BaseController.php on line 56.
 1 SYSTEMPATH/CodeIgniter.php(904): App\Controllers\Admin\BaseController->initController(Object(CodeIgniter\HTTP\IncomingRequest), Object(CodeIgniter\HTTP\Response), Object(CodeIgniter\Log\Logger))
 2 SYSTEMPATH/CodeIgniter.php(500): CodeIgniter\CodeIgniter->createController()
 3 SYSTEMPATH/CodeIgniter.php(355): CodeIgniter\CodeIgniter->handleRequest(null, Object(Config\Cache), false)
 4 SYSTEMPATH/Boot.php(325): CodeIgniter\CodeIgniter->run()
 5 SYSTEMPATH/Boot.php(67): CodeIgniter\Boot::runCodeIgniter(Object(CodeIgniter\CodeIgniter))
 6 FCPATH/index.php(56): CodeIgniter\Boot::bootWeb(Object(Config\Paths))
INFO - 2025-02-03 17:25:25 --> Session: Class initialized using 'CodeIgniter\Session\Handlers\FileHandler' driver.
WARNING - 2025-02-03 17:25:25 --> [DEPRECATED] Creation of dynamic property App\Controllers\Admin\Course::$session is deprecated in APPPATH/Controllers/Admin/BaseController.php on line 56.
 1 SYSTEMPATH/CodeIgniter.php(904): App\Controllers\Admin\BaseController->initController(Object(CodeIgniter\HTTP\IncomingRequest), Object(CodeIgniter\HTTP\Response), Object(CodeIgniter\Log\Logger))
 2 SYSTEMPATH/CodeIgniter.php(500): CodeIgniter\CodeIgniter->createController()
 3 SYSTEMPATH/CodeIgniter.php(355): CodeIgniter\CodeIgniter->handleRequest(null, Object(Config\Cache), false)
 4 SYSTEMPATH/Boot.php(325): CodeIgniter\CodeIgniter->run()
 5 SYSTEMPATH/Boot.php(67): CodeIgniter\Boot::runCodeIgniter(Object(CodeIgniter\CodeIgniter))
 6 FCPATH/index.php(56): CodeIgniter\Boot::bootWeb(Object(Config\Paths))
INFO - 2025-02-03 17:25:25 --> Session: Class initialized using 'CodeIgniter\Session\Handlers\FileHandler' driver.
WARNING - 2025-02-03 17:25:25 --> [DEPRECATED] Creation of dynamic property App\Controllers\Admin\Course::$session is deprecated in APPPATH/Controllers/Admin/BaseController.php on line 56.
 1 SYSTEMPATH/CodeIgniter.php(904): App\Controllers\Admin\BaseController->initController(Object(CodeIgniter\HTTP\IncomingRequest), Object(CodeIgniter\HTTP\Response), Object(CodeIgniter\Log\Logger))
 2 SYSTEMPATH/CodeIgniter.php(500): CodeIgniter\CodeIgniter->createController()
 3 SYSTEMPATH/CodeIgniter.php(355): CodeIgniter\CodeIgniter->handleRequest(null, Object(Config\Cache), false)
 4 SYSTEMPATH/Boot.php(325): CodeIgniter\CodeIgniter->run()
 5 SYSTEMPATH/Boot.php(67): CodeIgniter\Boot::runCodeIgniter(Object(CodeIgniter\CodeIgniter))
 6 FCPATH/index.php(56): CodeIgniter\Boot::bootWeb(Object(Config\Paths))
INFO - 2025-02-03 17:25:28 --> Session: Class initialized using 'CodeIgniter\Session\Handlers\FileHandler' driver.
INFO - 2025-02-03 17:25:30 --> Session: Class initialized using 'CodeIgniter\Session\Handlers\FileHandler' driver.
INFO - 2025-02-03 17:25:43 --> Session: Class initialized using 'CodeIgniter\Session\Handlers\FileHandler' driver.
INFO - 2025-02-03 17:25:47 --> Session: Class initialized using 'CodeIgniter\Session\Handlers\FileHandler' driver.
WARNING - 2025-02-03 17:25:47 --> [DEPRECATED] Creation of dynamic property App\Controllers\Admin\Course::$session is deprecated in APPPATH/Controllers/Admin/BaseController.php on line 56.
 1 SYSTEMPATH/CodeIgniter.php(904): App\Controllers\Admin\BaseController->initController(Object(CodeIgniter\HTTP\IncomingRequest), Object(CodeIgniter\HTTP\Response), Object(CodeIgniter\Log\Logger))
 2 SYSTEMPATH/CodeIgniter.php(500): CodeIgniter\CodeIgniter->createController()
 3 SYSTEMPATH/CodeIgniter.php(355): CodeIgniter\CodeIgniter->handleRequest(null, Object(Config\Cache), false)
 4 SYSTEMPATH/Boot.php(325): CodeIgniter\CodeIgniter->run()
 5 SYSTEMPATH/Boot.php(67): CodeIgniter\Boot::runCodeIgniter(Object(CodeIgniter\CodeIgniter))
 6 FCPATH/index.php(56): CodeIgniter\Boot::bootWeb(Object(Config\Paths))
INFO - 2025-02-03 17:25:47 --> Session: Class initialized using 'CodeIgniter\Session\Handlers\FileHandler' driver.
WARNING - 2025-02-03 17:25:47 --> [DEPRECATED] Creation of dynamic property App\Controllers\Admin\Category::$session is deprecated in APPPATH/Controllers/Admin/BaseController.php on line 56.
 1 SYSTEMPATH/CodeIgniter.php(904): App\Controllers\Admin\BaseController->initController(Object(CodeIgniter\HTTP\IncomingRequest), Object(CodeIgniter\HTTP\Response), Object(CodeIgniter\Log\Logger))
 2 SYSTEMPATH/CodeIgniter.php(500): CodeIgniter\CodeIgniter->createController()
 3 SYSTEMPATH/CodeIgniter.php(355): CodeIgniter\CodeIgniter->handleRequest(null, Object(Config\Cache), false)
 4 SYSTEMPATH/Boot.php(325): CodeIgniter\CodeIgniter->run()
 5 SYSTEMPATH/Boot.php(67): CodeIgniter\Boot::runCodeIgniter(Object(CodeIgniter\CodeIgniter))
 6 FCPATH/index.php(56): CodeIgniter\Boot::bootWeb(Object(Config\Paths))
INFO - 2025-02-03 17:25:48 --> Session: Class initialized using 'CodeIgniter\Session\Handlers\FileHandler' driver.
WARNING - 2025-02-03 17:25:48 --> [DEPRECATED] Creation of dynamic property App\Controllers\Admin\Course::$session is deprecated in APPPATH/Controllers/Admin/BaseController.php on line 56.
 1 SYSTEMPATH/CodeIgniter.php(904): App\Controllers\Admin\BaseController->initController(Object(CodeIgniter\HTTP\IncomingRequest), Object(CodeIgniter\HTTP\Response), Object(CodeIgniter\Log\Logger))
 2 SYSTEMPATH/CodeIgniter.php(500): CodeIgniter\CodeIgniter->createController()
 3 SYSTEMPATH/CodeIgniter.php(355): CodeIgniter\CodeIgniter->handleRequest(null, Object(Config\Cache), false)
 4 SYSTEMPATH/Boot.php(325): CodeIgniter\CodeIgniter->run()
 5 SYSTEMPATH/Boot.php(67): CodeIgniter\Boot::runCodeIgniter(Object(CodeIgniter\CodeIgniter))
 6 FCPATH/index.php(56): CodeIgniter\Boot::bootWeb(Object(Config\Paths))
INFO - 2025-02-03 17:25:50 --> Session: Class initialized using 'CodeIgniter\Session\Handlers\FileHandler' driver.
WARNING - 2025-02-03 17:25:50 --> [DEPRECATED] Creation of dynamic property App\Controllers\Admin\Course::$session is deprecated in APPPATH/Controllers/Admin/BaseController.php on line 56.
 1 SYSTEMPATH/CodeIgniter.php(904): App\Controllers\Admin\BaseController->initController(Object(CodeIgniter\HTTP\IncomingRequest), Object(CodeIgniter\HTTP\Response), Object(CodeIgniter\Log\Logger))
 2 SYSTEMPATH/CodeIgniter.php(500): CodeIgniter\CodeIgniter->createController()
 3 SYSTEMPATH/CodeIgniter.php(355): CodeIgniter\CodeIgniter->handleRequest(null, Object(Config\Cache), false)
 4 SYSTEMPATH/Boot.php(325): CodeIgniter\CodeIgniter->run()
 5 SYSTEMPATH/Boot.php(67): CodeIgniter\Boot::runCodeIgniter(Object(CodeIgniter\CodeIgniter))
 6 FCPATH/index.php(56): CodeIgniter\Boot::bootWeb(Object(Config\Paths))
INFO - 2025-02-03 17:26:28 --> Session: Class initialized using 'CodeIgniter\Session\Handlers\FileHandler' driver.
WARNING - 2025-02-03 17:26:28 --> [DEPRECATED] Creation of dynamic property App\Controllers\Admin\Course::$session is deprecated in APPPATH/Controllers/Admin/BaseController.php on line 56.
 1 SYSTEMPATH/CodeIgniter.php(904): App\Controllers\Admin\BaseController->initController(Object(CodeIgniter\HTTP\IncomingRequest), Object(CodeIgniter\HTTP\Response), Object(CodeIgniter\Log\Logger))
 2 SYSTEMPATH/CodeIgniter.php(500): CodeIgniter\CodeIgniter->createController()
 3 SYSTEMPATH/CodeIgniter.php(355): CodeIgniter\CodeIgniter->handleRequest(null, Object(Config\Cache), false)
 4 SYSTEMPATH/Boot.php(325): CodeIgniter\CodeIgniter->run()
 5 SYSTEMPATH/Boot.php(67): CodeIgniter\Boot::runCodeIgniter(Object(CodeIgniter\CodeIgniter))
 6 FCPATH/index.php(56): CodeIgniter\Boot::bootWeb(Object(Config\Paths))
INFO - 2025-02-03 17:26:29 --> Session: Class initialized using 'CodeIgniter\Session\Handlers\FileHandler' driver.
WARNING - 2025-02-03 17:26:29 --> [DEPRECATED] Creation of dynamic property App\Controllers\Admin\Course::$session is deprecated in APPPATH/Controllers/Admin/BaseController.php on line 56.
 1 SYSTEMPATH/CodeIgniter.php(904): App\Controllers\Admin\BaseController->initController(Object(CodeIgniter\HTTP\IncomingRequest), Object(CodeIgniter\HTTP\Response), Object(CodeIgniter\Log\Logger))
 2 SYSTEMPATH/CodeIgniter.php(500): CodeIgniter\CodeIgniter->createController()
 3 SYSTEMPATH/CodeIgniter.php(355): CodeIgniter\CodeIgniter->handleRequest(null, Object(Config\Cache), false)
 4 SYSTEMPATH/Boot.php(325): CodeIgniter\CodeIgniter->run()
 5 SYSTEMPATH/Boot.php(67): CodeIgniter\Boot::runCodeIgniter(Object(CodeIgniter\CodeIgniter))
 6 FCPATH/index.php(56): CodeIgniter\Boot::bootWeb(Object(Config\Paths))
INFO - 2025-02-03 17:26:31 --> Session: Class initialized using 'CodeIgniter\Session\Handlers\FileHandler' driver.
INFO - 2025-02-03 17:26:33 --> Session: Class initialized using 'CodeIgniter\Session\Handlers\FileHandler' driver.
INFO - 2025-02-03 17:26:47 --> Session: Class initialized using 'CodeIgniter\Session\Handlers\FileHandler' driver.
WARNING - 2025-02-03 17:26:47 --> [DEPRECATED] Creation of dynamic property App\Controllers\Admin\Course::$session is deprecated in APPPATH/Controllers/Admin/BaseController.php on line 56.
 1 SYSTEMPATH/CodeIgniter.php(904): App\Controllers\Admin\BaseController->initController(Object(CodeIgniter\HTTP\IncomingRequest), Object(CodeIgniter\HTTP\Response), Object(CodeIgniter\Log\Logger))
 2 SYSTEMPATH/CodeIgniter.php(500): CodeIgniter\CodeIgniter->createController()
 3 SYSTEMPATH/CodeIgniter.php(355): CodeIgniter\CodeIgniter->handleRequest(null, Object(Config\Cache), false)
 4 SYSTEMPATH/Boot.php(325): CodeIgniter\CodeIgniter->run()
 5 SYSTEMPATH/Boot.php(67): CodeIgniter\Boot::runCodeIgniter(Object(CodeIgniter\CodeIgniter))
 6 FCPATH/index.php(56): CodeIgniter\Boot::bootWeb(Object(Config\Paths))
INFO - 2025-02-03 17:26:48 --> Session: Class initialized using 'CodeIgniter\Session\Handlers\FileHandler' driver.
WARNING - 2025-02-03 17:26:48 --> [DEPRECATED] Creation of dynamic property App\Controllers\Admin\Category::$session is deprecated in APPPATH/Controllers/Admin/BaseController.php on line 56.
 1 SYSTEMPATH/CodeIgniter.php(904): App\Controllers\Admin\BaseController->initController(Object(CodeIgniter\HTTP\IncomingRequest), Object(CodeIgniter\HTTP\Response), Object(CodeIgniter\Log\Logger))
 2 SYSTEMPATH/CodeIgniter.php(500): CodeIgniter\CodeIgniter->createController()
 3 SYSTEMPATH/CodeIgniter.php(355): CodeIgniter\CodeIgniter->handleRequest(null, Object(Config\Cache), false)
 4 SYSTEMPATH/Boot.php(325): CodeIgniter\CodeIgniter->run()
 5 SYSTEMPATH/Boot.php(67): CodeIgniter\Boot::runCodeIgniter(Object(CodeIgniter\CodeIgniter))
 6 FCPATH/index.php(56): CodeIgniter\Boot::bootWeb(Object(Config\Paths))
INFO - 2025-02-03 17:26:48 --> Session: Class initialized using 'CodeIgniter\Session\Handlers\FileHandler' driver.
WARNING - 2025-02-03 17:26:48 --> [DEPRECATED] Creation of dynamic property App\Controllers\Admin\Course::$session is deprecated in APPPATH/Controllers/Admin/BaseController.php on line 56.
 1 SYSTEMPATH/CodeIgniter.php(904): App\Controllers\Admin\BaseController->initController(Object(CodeIgniter\HTTP\IncomingRequest), Object(CodeIgniter\HTTP\Response), Object(CodeIgniter\Log\Logger))
 2 SYSTEMPATH/CodeIgniter.php(500): CodeIgniter\CodeIgniter->createController()
 3 SYSTEMPATH/CodeIgniter.php(355): CodeIgniter\CodeIgniter->handleRequest(null, Object(Config\Cache), false)
 4 SYSTEMPATH/Boot.php(325): CodeIgniter\CodeIgniter->run()
 5 SYSTEMPATH/Boot.php(67): CodeIgniter\Boot::runCodeIgniter(Object(CodeIgniter\CodeIgniter))
 6 FCPATH/index.php(56): CodeIgniter\Boot::bootWeb(Object(Config\Paths))
INFO - 2025-02-03 17:26:51 --> Session: Class initialized using 'CodeIgniter\Session\Handlers\FileHandler' driver.
WARNING - 2025-02-03 17:26:51 --> [DEPRECATED] Creation of dynamic property App\Controllers\Admin\Course::$session is deprecated in APPPATH/Controllers/Admin/BaseController.php on line 56.
 1 SYSTEMPATH/CodeIgniter.php(904): App\Controllers\Admin\BaseController->initController(Object(CodeIgniter\HTTP\IncomingRequest), Object(CodeIgniter\HTTP\Response), Object(CodeIgniter\Log\Logger))
 2 SYSTEMPATH/CodeIgniter.php(500): CodeIgniter\CodeIgniter->createController()
 3 SYSTEMPATH/CodeIgniter.php(355): CodeIgniter\CodeIgniter->handleRequest(null, Object(Config\Cache), false)
 4 SYSTEMPATH/Boot.php(325): CodeIgniter\CodeIgniter->run()
 5 SYSTEMPATH/Boot.php(67): CodeIgniter\Boot::runCodeIgniter(Object(CodeIgniter\CodeIgniter))
 6 FCPATH/index.php(56): CodeIgniter\Boot::bootWeb(Object(Config\Paths))
INFO - 2025-02-03 17:26:59 --> Session: Class initialized using 'CodeIgniter\Session\Handlers\FileHandler' driver.
WARNING - 2025-02-03 17:26:59 --> [DEPRECATED] Creation of dynamic property App\Controllers\Admin\Course::$session is deprecated in APPPATH/Controllers/Admin/BaseController.php on line 56.
 1 SYSTEMPATH/CodeIgniter.php(904): App\Controllers\Admin\BaseController->initController(Object(CodeIgniter\HTTP\IncomingRequest), Object(CodeIgniter\HTTP\Response), Object(CodeIgniter\Log\Logger))
 2 SYSTEMPATH/CodeIgniter.php(500): CodeIgniter\CodeIgniter->createController()
 3 SYSTEMPATH/CodeIgniter.php(355): CodeIgniter\CodeIgniter->handleRequest(null, Object(Config\Cache), false)
 4 SYSTEMPATH/Boot.php(325): CodeIgniter\CodeIgniter->run()
 5 SYSTEMPATH/Boot.php(67): CodeIgniter\Boot::runCodeIgniter(Object(CodeIgniter\CodeIgniter))
 6 FCPATH/index.php(56): CodeIgniter\Boot::bootWeb(Object(Config\Paths))
INFO - 2025-02-03 17:26:59 --> Session: Class initialized using 'CodeIgniter\Session\Handlers\FileHandler' driver.
WARNING - 2025-02-03 17:26:59 --> [DEPRECATED] Creation of dynamic property App\Controllers\Admin\Course::$session is deprecated in APPPATH/Controllers/Admin/BaseController.php on line 56.
 1 SYSTEMPATH/CodeIgniter.php(904): App\Controllers\Admin\BaseController->initController(Object(CodeIgniter\HTTP\IncomingRequest), Object(CodeIgniter\HTTP\Response), Object(CodeIgniter\Log\Logger))
 2 SYSTEMPATH/CodeIgniter.php(500): CodeIgniter\CodeIgniter->createController()
 3 SYSTEMPATH/CodeIgniter.php(355): CodeIgniter\CodeIgniter->handleRequest(null, Object(Config\Cache), false)
 4 SYSTEMPATH/Boot.php(325): CodeIgniter\CodeIgniter->run()
 5 SYSTEMPATH/Boot.php(67): CodeIgniter\Boot::runCodeIgniter(Object(CodeIgniter\CodeIgniter))
 6 FCPATH/index.php(56): CodeIgniter\Boot::bootWeb(Object(Config\Paths))
INFO - 2025-02-03 17:27:05 --> Session: Class initialized using 'CodeIgniter\Session\Handlers\FileHandler' driver.
INFO - 2025-02-03 17:27:06 --> Session: Class initialized using 'CodeIgniter\Session\Handlers\FileHandler' driver.
INFO - 2025-02-03 17:31:29 --> Session: Class initialized using 'CodeIgniter\Session\Handlers\FileHandler' driver.
WARNING - 2025-02-03 17:31:29 --> [DEPRECATED] Creation of dynamic property App\Controllers\Admin\Course::$session is deprecated in APPPATH/Controllers/Admin/BaseController.php on line 56.
 1 SYSTEMPATH/CodeIgniter.php(904): App\Controllers\Admin\BaseController->initController(Object(CodeIgniter\HTTP\IncomingRequest), Object(CodeIgniter\HTTP\Response), Object(CodeIgniter\Log\Logger))
 2 SYSTEMPATH/CodeIgniter.php(500): CodeIgniter\CodeIgniter->createController()
 3 SYSTEMPATH/CodeIgniter.php(355): CodeIgniter\CodeIgniter->handleRequest(null, Object(Config\Cache), false)
 4 SYSTEMPATH/Boot.php(325): CodeIgniter\CodeIgniter->run()
 5 SYSTEMPATH/Boot.php(67): CodeIgniter\Boot::runCodeIgniter(Object(CodeIgniter\CodeIgniter))
 6 FCPATH/index.php(56): CodeIgniter\Boot::bootWeb(Object(Config\Paths))
INFO - 2025-02-03 17:31:30 --> Session: Class initialized using 'CodeIgniter\Session\Handlers\FileHandler' driver.
WARNING - 2025-02-03 17:31:30 --> [DEPRECATED] Creation of dynamic property App\Controllers\Admin\Category::$session is deprecated in APPPATH/Controllers/Admin/BaseController.php on line 56.
 1 SYSTEMPATH/CodeIgniter.php(904): App\Controllers\Admin\BaseController->initController(Object(CodeIgniter\HTTP\IncomingRequest), Object(CodeIgniter\HTTP\Response), Object(CodeIgniter\Log\Logger))
 2 SYSTEMPATH/CodeIgniter.php(500): CodeIgniter\CodeIgniter->createController()
 3 SYSTEMPATH/CodeIgniter.php(355): CodeIgniter\CodeIgniter->handleRequest(null, Object(Config\Cache), false)
 4 SYSTEMPATH/Boot.php(325): CodeIgniter\CodeIgniter->run()
 5 SYSTEMPATH/Boot.php(67): CodeIgniter\Boot::runCodeIgniter(Object(CodeIgniter\CodeIgniter))
 6 FCPATH/index.php(56): CodeIgniter\Boot::bootWeb(Object(Config\Paths))
INFO - 2025-02-03 17:31:31 --> Session: Class initialized using 'CodeIgniter\Session\Handlers\FileHandler' driver.
WARNING - 2025-02-03 17:31:31 --> [DEPRECATED] Creation of dynamic property App\Controllers\Admin\Course::$session is deprecated in APPPATH/Controllers/Admin/BaseController.php on line 56.
 1 SYSTEMPATH/CodeIgniter.php(904): App\Controllers\Admin\BaseController->initController(Object(CodeIgniter\HTTP\IncomingRequest), Object(CodeIgniter\HTTP\Response), Object(CodeIgniter\Log\Logger))
 2 SYSTEMPATH/CodeIgniter.php(500): CodeIgniter\CodeIgniter->createController()
 3 SYSTEMPATH/CodeIgniter.php(355): CodeIgniter\CodeIgniter->handleRequest(null, Object(Config\Cache), false)
 4 SYSTEMPATH/Boot.php(325): CodeIgniter\CodeIgniter->run()
 5 SYSTEMPATH/Boot.php(67): CodeIgniter\Boot::runCodeIgniter(Object(CodeIgniter\CodeIgniter))
 6 FCPATH/index.php(56): CodeIgniter\Boot::bootWeb(Object(Config\Paths))
INFO - 2025-02-03 17:31:33 --> Session: Class initialized using 'CodeIgniter\Session\Handlers\FileHandler' driver.
WARNING - 2025-02-03 17:31:33 --> [DEPRECATED] Creation of dynamic property App\Controllers\Admin\Course::$session is deprecated in APPPATH/Controllers/Admin/BaseController.php on line 56.
 1 SYSTEMPATH/CodeIgniter.php(904): App\Controllers\Admin\BaseController->initController(Object(CodeIgniter\HTTP\IncomingRequest), Object(CodeIgniter\HTTP\Response), Object(CodeIgniter\Log\Logger))
 2 SYSTEMPATH/CodeIgniter.php(500): CodeIgniter\CodeIgniter->createController()
 3 SYSTEMPATH/CodeIgniter.php(355): CodeIgniter\CodeIgniter->handleRequest(null, Object(Config\Cache), false)
 4 SYSTEMPATH/Boot.php(325): CodeIgniter\CodeIgniter->run()
 5 SYSTEMPATH/Boot.php(67): CodeIgniter\Boot::runCodeIgniter(Object(CodeIgniter\CodeIgniter))
 6 FCPATH/index.php(56): CodeIgniter\Boot::bootWeb(Object(Config\Paths))
INFO - 2025-02-03 17:32:41 --> Session: Class initialized using 'CodeIgniter\Session\Handlers\FileHandler' driver.
WARNING - 2025-02-03 17:32:41 --> [DEPRECATED] Creation of dynamic property App\Controllers\Admin\Course::$session is deprecated in APPPATH/Controllers/Admin/BaseController.php on line 56.
 1 SYSTEMPATH/CodeIgniter.php(904): App\Controllers\Admin\BaseController->initController(Object(CodeIgniter\HTTP\IncomingRequest), Object(CodeIgniter\HTTP\Response), Object(CodeIgniter\Log\Logger))
 2 SYSTEMPATH/CodeIgniter.php(500): CodeIgniter\CodeIgniter->createController()
 3 SYSTEMPATH/CodeIgniter.php(355): CodeIgniter\CodeIgniter->handleRequest(null, Object(Config\Cache), false)
 4 SYSTEMPATH/Boot.php(325): CodeIgniter\CodeIgniter->run()
 5 SYSTEMPATH/Boot.php(67): CodeIgniter\Boot::runCodeIgniter(Object(CodeIgniter\CodeIgniter))
 6 FCPATH/index.php(56): CodeIgniter\Boot::bootWeb(Object(Config\Paths))
INFO - 2025-02-03 17:32:42 --> Session: Class initialized using 'CodeIgniter\Session\Handlers\FileHandler' driver.
WARNING - 2025-02-03 17:32:42 --> [DEPRECATED] Creation of dynamic property App\Controllers\Admin\Course::$session is deprecated in APPPATH/Controllers/Admin/BaseController.php on line 56.
 1 SYSTEMPATH/CodeIgniter.php(904): App\Controllers\Admin\BaseController->initController(Object(CodeIgniter\HTTP\IncomingRequest), Object(CodeIgniter\HTTP\Response), Object(CodeIgniter\Log\Logger))
 2 SYSTEMPATH/CodeIgniter.php(500): CodeIgniter\CodeIgniter->createController()
 3 SYSTEMPATH/CodeIgniter.php(355): CodeIgniter\CodeIgniter->handleRequest(null, Object(Config\Cache), false)
 4 SYSTEMPATH/Boot.php(325): CodeIgniter\CodeIgniter->run()
 5 SYSTEMPATH/Boot.php(67): CodeIgniter\Boot::runCodeIgniter(Object(CodeIgniter\CodeIgniter))
 6 FCPATH/index.php(56): CodeIgniter\Boot::bootWeb(Object(Config\Paths))
INFO - 2025-02-03 17:32:44 --> Session: Class initialized using 'CodeIgniter\Session\Handlers\FileHandler' driver.
INFO - 2025-02-03 17:32:45 --> Session: Class initialized using 'CodeIgniter\Session\Handlers\FileHandler' driver.
INFO - 2025-02-03 17:33:11 --> Session: Class initialized using 'CodeIgniter\Session\Handlers\FileHandler' driver.
WARNING - 2025-02-03 17:33:11 --> [DEPRECATED] Creation of dynamic property App\Controllers\Admin\Course::$session is deprecated in APPPATH/Controllers/Admin/BaseController.php on line 56.
 1 SYSTEMPATH/CodeIgniter.php(904): App\Controllers\Admin\BaseController->initController(Object(CodeIgniter\HTTP\IncomingRequest), Object(CodeIgniter\HTTP\Response), Object(CodeIgniter\Log\Logger))
 2 SYSTEMPATH/CodeIgniter.php(500): CodeIgniter\CodeIgniter->createController()
 3 SYSTEMPATH/CodeIgniter.php(355): CodeIgniter\CodeIgniter->handleRequest(null, Object(Config\Cache), false)
 4 SYSTEMPATH/Boot.php(325): CodeIgniter\CodeIgniter->run()
 5 SYSTEMPATH/Boot.php(67): CodeIgniter\Boot::runCodeIgniter(Object(CodeIgniter\CodeIgniter))
 6 FCPATH/index.php(56): CodeIgniter\Boot::bootWeb(Object(Config\Paths))
INFO - 2025-02-03 17:33:11 --> Session: Class initialized using 'CodeIgniter\Session\Handlers\FileHandler' driver.
WARNING - 2025-02-03 17:33:11 --> [DEPRECATED] Creation of dynamic property App\Controllers\Admin\Category::$session is deprecated in APPPATH/Controllers/Admin/BaseController.php on line 56.
 1 SYSTEMPATH/CodeIgniter.php(904): App\Controllers\Admin\BaseController->initController(Object(CodeIgniter\HTTP\IncomingRequest), Object(CodeIgniter\HTTP\Response), Object(CodeIgniter\Log\Logger))
 2 SYSTEMPATH/CodeIgniter.php(500): CodeIgniter\CodeIgniter->createController()
 3 SYSTEMPATH/CodeIgniter.php(355): CodeIgniter\CodeIgniter->handleRequest(null, Object(Config\Cache), false)
 4 SYSTEMPATH/Boot.php(325): CodeIgniter\CodeIgniter->run()
 5 SYSTEMPATH/Boot.php(67): CodeIgniter\Boot::runCodeIgniter(Object(CodeIgniter\CodeIgniter))
 6 FCPATH/index.php(56): CodeIgniter\Boot::bootWeb(Object(Config\Paths))
INFO - 2025-02-03 17:33:12 --> Session: Class initialized using 'CodeIgniter\Session\Handlers\FileHandler' driver.
WARNING - 2025-02-03 17:33:12 --> [DEPRECATED] Creation of dynamic property App\Controllers\Admin\Course::$session is deprecated in APPPATH/Controllers/Admin/BaseController.php on line 56.
 1 SYSTEMPATH/CodeIgniter.php(904): App\Controllers\Admin\BaseController->initController(Object(CodeIgniter\HTTP\IncomingRequest), Object(CodeIgniter\HTTP\Response), Object(CodeIgniter\Log\Logger))
 2 SYSTEMPATH/CodeIgniter.php(500): CodeIgniter\CodeIgniter->createController()
 3 SYSTEMPATH/CodeIgniter.php(355): CodeIgniter\CodeIgniter->handleRequest(null, Object(Config\Cache), false)
 4 SYSTEMPATH/Boot.php(325): CodeIgniter\CodeIgniter->run()
 5 SYSTEMPATH/Boot.php(67): CodeIgniter\Boot::runCodeIgniter(Object(CodeIgniter\CodeIgniter))
 6 FCPATH/index.php(56): CodeIgniter\Boot::bootWeb(Object(Config\Paths))
INFO - 2025-02-03 17:33:15 --> Session: Class initialized using 'CodeIgniter\Session\Handlers\FileHandler' driver.
WARNING - 2025-02-03 17:33:15 --> [DEPRECATED] Creation of dynamic property App\Controllers\Admin\Course::$session is deprecated in APPPATH/Controllers/Admin/BaseController.php on line 56.
 1 SYSTEMPATH/CodeIgniter.php(904): App\Controllers\Admin\BaseController->initController(Object(CodeIgniter\HTTP\IncomingRequest), Object(CodeIgniter\HTTP\Response), Object(CodeIgniter\Log\Logger))
 2 SYSTEMPATH/CodeIgniter.php(500): CodeIgniter\CodeIgniter->createController()
 3 SYSTEMPATH/CodeIgniter.php(355): CodeIgniter\CodeIgniter->handleRequest(null, Object(Config\Cache), false)
 4 SYSTEMPATH/Boot.php(325): CodeIgniter\CodeIgniter->run()
 5 SYSTEMPATH/Boot.php(67): CodeIgniter\Boot::runCodeIgniter(Object(CodeIgniter\CodeIgniter))
 6 FCPATH/index.php(56): CodeIgniter\Boot::bootWeb(Object(Config\Paths))
INFO - 2025-02-03 17:33:26 --> Session: Class initialized using 'CodeIgniter\Session\Handlers\FileHandler' driver.
WARNING - 2025-02-03 17:33:26 --> [DEPRECATED] Creation of dynamic property App\Controllers\Admin\Course::$session is deprecated in APPPATH/Controllers/Admin/BaseController.php on line 56.
 1 SYSTEMPATH/CodeIgniter.php(904): App\Controllers\Admin\BaseController->initController(Object(CodeIgniter\HTTP\IncomingRequest), Object(CodeIgniter\HTTP\Response), Object(CodeIgniter\Log\Logger))
 2 SYSTEMPATH/CodeIgniter.php(500): CodeIgniter\CodeIgniter->createController()
 3 SYSTEMPATH/CodeIgniter.php(355): CodeIgniter\CodeIgniter->handleRequest(null, Object(Config\Cache), false)
 4 SYSTEMPATH/Boot.php(325): CodeIgniter\CodeIgniter->run()
 5 SYSTEMPATH/Boot.php(67): CodeIgniter\Boot::runCodeIgniter(Object(CodeIgniter\CodeIgniter))
 6 FCPATH/index.php(56): CodeIgniter\Boot::bootWeb(Object(Config\Paths))
INFO - 2025-02-03 17:33:27 --> Session: Class initialized using 'CodeIgniter\Session\Handlers\FileHandler' driver.
WARNING - 2025-02-03 17:33:27 --> [DEPRECATED] Creation of dynamic property App\Controllers\Admin\Course::$session is deprecated in APPPATH/Controllers/Admin/BaseController.php on line 56.
 1 SYSTEMPATH/CodeIgniter.php(904): App\Controllers\Admin\BaseController->initController(Object(CodeIgniter\HTTP\IncomingRequest), Object(CodeIgniter\HTTP\Response), Object(CodeIgniter\Log\Logger))
 2 SYSTEMPATH/CodeIgniter.php(500): CodeIgniter\CodeIgniter->createController()
 3 SYSTEMPATH/CodeIgniter.php(355): CodeIgniter\CodeIgniter->handleRequest(null, Object(Config\Cache), false)
 4 SYSTEMPATH/Boot.php(325): CodeIgniter\CodeIgniter->run()
 5 SYSTEMPATH/Boot.php(67): CodeIgniter\Boot::runCodeIgniter(Object(CodeIgniter\CodeIgniter))
 6 FCPATH/index.php(56): CodeIgniter\Boot::bootWeb(Object(Config\Paths))
INFO - 2025-02-03 17:33:29 --> Session: Class initialized using 'CodeIgniter\Session\Handlers\FileHandler' driver.
INFO - 2025-02-03 17:33:30 --> Session: Class initialized using 'CodeIgniter\Session\Handlers\FileHandler' driver.
INFO - 2025-02-03 17:34:10 --> Session: Class initialized using 'CodeIgniter\Session\Handlers\FileHandler' driver.
WARNING - 2025-02-03 17:34:10 --> [DEPRECATED] Creation of dynamic property App\Controllers\Admin\Course::$session is deprecated in APPPATH/Controllers/Admin/BaseController.php on line 56.
 1 SYSTEMPATH/CodeIgniter.php(904): App\Controllers\Admin\BaseController->initController(Object(CodeIgniter\HTTP\IncomingRequest), Object(CodeIgniter\HTTP\Response), Object(CodeIgniter\Log\Logger))
 2 SYSTEMPATH/CodeIgniter.php(500): CodeIgniter\CodeIgniter->createController()
 3 SYSTEMPATH/CodeIgniter.php(355): CodeIgniter\CodeIgniter->handleRequest(null, Object(Config\Cache), false)
 4 SYSTEMPATH/Boot.php(325): CodeIgniter\CodeIgniter->run()
 5 SYSTEMPATH/Boot.php(67): CodeIgniter\Boot::runCodeIgniter(Object(CodeIgniter\CodeIgniter))
 6 FCPATH/index.php(56): CodeIgniter\Boot::bootWeb(Object(Config\Paths))
INFO - 2025-02-03 17:34:10 --> Session: Class initialized using 'CodeIgniter\Session\Handlers\FileHandler' driver.
WARNING - 2025-02-03 17:34:10 --> [DEPRECATED] Creation of dynamic property App\Controllers\Admin\Category::$session is deprecated in APPPATH/Controllers/Admin/BaseController.php on line 56.
 1 SYSTEMPATH/CodeIgniter.php(904): App\Controllers\Admin\BaseController->initController(Object(CodeIgniter\HTTP\IncomingRequest), Object(CodeIgniter\HTTP\Response), Object(CodeIgniter\Log\Logger))
 2 SYSTEMPATH/CodeIgniter.php(500): CodeIgniter\CodeIgniter->createController()
 3 SYSTEMPATH/CodeIgniter.php(355): CodeIgniter\CodeIgniter->handleRequest(null, Object(Config\Cache), false)
 4 SYSTEMPATH/Boot.php(325): CodeIgniter\CodeIgniter->run()
 5 SYSTEMPATH/Boot.php(67): CodeIgniter\Boot::runCodeIgniter(Object(CodeIgniter\CodeIgniter))
 6 FCPATH/index.php(56): CodeIgniter\Boot::bootWeb(Object(Config\Paths))
INFO - 2025-02-03 17:34:11 --> Session: Class initialized using 'CodeIgniter\Session\Handlers\FileHandler' driver.
WARNING - 2025-02-03 17:34:11 --> [DEPRECATED] Creation of dynamic property App\Controllers\Admin\Course::$session is deprecated in APPPATH/Controllers/Admin/BaseController.php on line 56.
 1 SYSTEMPATH/CodeIgniter.php(904): App\Controllers\Admin\BaseController->initController(Object(CodeIgniter\HTTP\IncomingRequest), Object(CodeIgniter\HTTP\Response), Object(CodeIgniter\Log\Logger))
 2 SYSTEMPATH/CodeIgniter.php(500): CodeIgniter\CodeIgniter->createController()
 3 SYSTEMPATH/CodeIgniter.php(355): CodeIgniter\CodeIgniter->handleRequest(null, Object(Config\Cache), false)
 4 SYSTEMPATH/Boot.php(325): CodeIgniter\CodeIgniter->run()
 5 SYSTEMPATH/Boot.php(67): CodeIgniter\Boot::runCodeIgniter(Object(CodeIgniter\CodeIgniter))
 6 FCPATH/index.php(56): CodeIgniter\Boot::bootWeb(Object(Config\Paths))
INFO - 2025-02-03 17:34:13 --> Session: Class initialized using 'CodeIgniter\Session\Handlers\FileHandler' driver.
WARNING - 2025-02-03 17:34:13 --> [DEPRECATED] Creation of dynamic property App\Controllers\Admin\Course::$session is deprecated in APPPATH/Controllers/Admin/BaseController.php on line 56.
 1 SYSTEMPATH/CodeIgniter.php(904): App\Controllers\Admin\BaseController->initController(Object(CodeIgniter\HTTP\IncomingRequest), Object(CodeIgniter\HTTP\Response), Object(CodeIgniter\Log\Logger))
 2 SYSTEMPATH/CodeIgniter.php(500): CodeIgniter\CodeIgniter->createController()
 3 SYSTEMPATH/CodeIgniter.php(355): CodeIgniter\CodeIgniter->handleRequest(null, Object(Config\Cache), false)
 4 SYSTEMPATH/Boot.php(325): CodeIgniter\CodeIgniter->run()
 5 SYSTEMPATH/Boot.php(67): CodeIgniter\Boot::runCodeIgniter(Object(CodeIgniter\CodeIgniter))
 6 FCPATH/index.php(56): CodeIgniter\Boot::bootWeb(Object(Config\Paths))
INFO - 2025-02-03 17:34:33 --> Session: Class initialized using 'CodeIgniter\Session\Handlers\FileHandler' driver.
WARNING - 2025-02-03 17:34:33 --> [DEPRECATED] Creation of dynamic property App\Controllers\Admin\Course::$session is deprecated in APPPATH/Controllers/Admin/BaseController.php on line 56.
 1 SYSTEMPATH/CodeIgniter.php(904): App\Controllers\Admin\BaseController->initController(Object(CodeIgniter\HTTP\IncomingRequest), Object(CodeIgniter\HTTP\Response), Object(CodeIgniter\Log\Logger))
 2 SYSTEMPATH/CodeIgniter.php(500): CodeIgniter\CodeIgniter->createController()
 3 SYSTEMPATH/CodeIgniter.php(355): CodeIgniter\CodeIgniter->handleRequest(null, Object(Config\Cache), false)
 4 SYSTEMPATH/Boot.php(325): CodeIgniter\CodeIgniter->run()
 5 SYSTEMPATH/Boot.php(67): CodeIgniter\Boot::runCodeIgniter(Object(CodeIgniter\CodeIgniter))
 6 FCPATH/index.php(56): CodeIgniter\Boot::bootWeb(Object(Config\Paths))
INFO - 2025-02-03 17:34:34 --> Session: Class initialized using 'CodeIgniter\Session\Handlers\FileHandler' driver.
WARNING - 2025-02-03 17:34:34 --> [DEPRECATED] Creation of dynamic property App\Controllers\Admin\Course::$session is deprecated in APPPATH/Controllers/Admin/BaseController.php on line 56.
 1 SYSTEMPATH/CodeIgniter.php(904): App\Controllers\Admin\BaseController->initController(Object(CodeIgniter\HTTP\IncomingRequest), Object(CodeIgniter\HTTP\Response), Object(CodeIgniter\Log\Logger))
 2 SYSTEMPATH/CodeIgniter.php(500): CodeIgniter\CodeIgniter->createController()
 3 SYSTEMPATH/CodeIgniter.php(355): CodeIgniter\CodeIgniter->handleRequest(null, Object(Config\Cache), false)
 4 SYSTEMPATH/Boot.php(325): CodeIgniter\CodeIgniter->run()
 5 SYSTEMPATH/Boot.php(67): CodeIgniter\Boot::runCodeIgniter(Object(CodeIgniter\CodeIgniter))
 6 FCPATH/index.php(56): CodeIgniter\Boot::bootWeb(Object(Config\Paths))
INFO - 2025-02-03 17:34:36 --> Session: Class initialized using 'CodeIgniter\Session\Handlers\FileHandler' driver.
INFO - 2025-02-03 17:34:43 --> Session: Class initialized using 'CodeIgniter\Session\Handlers\FileHandler' driver.
INFO - 2025-02-03 17:35:19 --> Session: Class initialized using 'CodeIgniter\Session\Handlers\FileHandler' driver.
INFO - 2025-02-03 17:35:24 --> Session: Class initialized using 'CodeIgniter\Session\Handlers\FileHandler' driver.
INFO - 2025-02-03 17:35:39 --> Session: Class initialized using 'CodeIgniter\Session\Handlers\FileHandler' driver.
INFO - 2025-02-03 17:35:58 --> Session: Class initialized using 'CodeIgniter\Session\Handlers\FileHandler' driver.
WARNING - 2025-02-03 17:35:58 --> [DEPRECATED] Creation of dynamic property App\Controllers\Admin\Course::$session is deprecated in APPPATH/Controllers/Admin/BaseController.php on line 56.
 1 SYSTEMPATH/CodeIgniter.php(904): App\Controllers\Admin\BaseController->initController(Object(CodeIgniter\HTTP\IncomingRequest), Object(CodeIgniter\HTTP\Response), Object(CodeIgniter\Log\Logger))
 2 SYSTEMPATH/CodeIgniter.php(500): CodeIgniter\CodeIgniter->createController()
 3 SYSTEMPATH/CodeIgniter.php(355): CodeIgniter\CodeIgniter->handleRequest(null, Object(Config\Cache), false)
 4 SYSTEMPATH/Boot.php(325): CodeIgniter\CodeIgniter->run()
 5 SYSTEMPATH/Boot.php(67): CodeIgniter\Boot::runCodeIgniter(Object(CodeIgniter\CodeIgniter))
 6 FCPATH/index.php(56): CodeIgniter\Boot::bootWeb(Object(Config\Paths))
INFO - 2025-02-03 17:35:59 --> Session: Class initialized using 'CodeIgniter\Session\Handlers\FileHandler' driver.
WARNING - 2025-02-03 17:35:59 --> [DEPRECATED] Creation of dynamic property App\Controllers\Admin\Category::$session is deprecated in APPPATH/Controllers/Admin/BaseController.php on line 56.
 1 SYSTEMPATH/CodeIgniter.php(904): App\Controllers\Admin\BaseController->initController(Object(CodeIgniter\HTTP\IncomingRequest), Object(CodeIgniter\HTTP\Response), Object(CodeIgniter\Log\Logger))
 2 SYSTEMPATH/CodeIgniter.php(500): CodeIgniter\CodeIgniter->createController()
 3 SYSTEMPATH/CodeIgniter.php(355): CodeIgniter\CodeIgniter->handleRequest(null, Object(Config\Cache), false)
 4 SYSTEMPATH/Boot.php(325): CodeIgniter\CodeIgniter->run()
 5 SYSTEMPATH/Boot.php(67): CodeIgniter\Boot::runCodeIgniter(Object(CodeIgniter\CodeIgniter))
 6 FCPATH/index.php(56): CodeIgniter\Boot::bootWeb(Object(Config\Paths))
INFO - 2025-02-03 17:36:00 --> Session: Class initialized using 'CodeIgniter\Session\Handlers\FileHandler' driver.
WARNING - 2025-02-03 17:36:00 --> [DEPRECATED] Creation of dynamic property App\Controllers\Admin\Course::$session is deprecated in APPPATH/Controllers/Admin/BaseController.php on line 56.
 1 SYSTEMPATH/CodeIgniter.php(904): App\Controllers\Admin\BaseController->initController(Object(CodeIgniter\HTTP\IncomingRequest), Object(CodeIgniter\HTTP\Response), Object(CodeIgniter\Log\Logger))
 2 SYSTEMPATH/CodeIgniter.php(500): CodeIgniter\CodeIgniter->createController()
 3 SYSTEMPATH/CodeIgniter.php(355): CodeIgniter\CodeIgniter->handleRequest(null, Object(Config\Cache), false)
 4 SYSTEMPATH/Boot.php(325): CodeIgniter\CodeIgniter->run()
 5 SYSTEMPATH/Boot.php(67): CodeIgniter\Boot::runCodeIgniter(Object(CodeIgniter\CodeIgniter))
 6 FCPATH/index.php(56): CodeIgniter\Boot::bootWeb(Object(Config\Paths))
INFO - 2025-02-03 17:41:28 --> Session: Class initialized using 'CodeIgniter\Session\Handlers\FileHandler' driver.
WARNING - 2025-02-03 17:41:28 --> [DEPRECATED] Creation of dynamic property App\Controllers\Admin\Image::$session is deprecated in APPPATH/Controllers/Admin/BaseController.php on line 56.
 1 SYSTEMPATH/CodeIgniter.php(904): App\Controllers\Admin\BaseController->initController(Object(CodeIgniter\HTTP\IncomingRequest), Object(CodeIgniter\HTTP\Response), Object(CodeIgniter\Log\Logger))
 2 SYSTEMPATH/CodeIgniter.php(500): CodeIgniter\CodeIgniter->createController()
 3 SYSTEMPATH/CodeIgniter.php(355): CodeIgniter\CodeIgniter->handleRequest(null, Object(Config\Cache), false)
 4 SYSTEMPATH/Boot.php(325): CodeIgniter\CodeIgniter->run()
 5 SYSTEMPATH/Boot.php(67): CodeIgniter\Boot::runCodeIgniter(Object(CodeIgniter\CodeIgniter))
 6 FCPATH/index.php(56): CodeIgniter\Boot::bootWeb(Object(Config\Paths))
INFO - 2025-02-03 17:41:29 --> Session: Class initialized using 'CodeIgniter\Session\Handlers\FileHandler' driver.
WARNING - 2025-02-03 17:41:29 --> [DEPRECATED] Creation of dynamic property App\Controllers\Admin\Category::$session is deprecated in APPPATH/Controllers/Admin/BaseController.php on line 56.
 1 SYSTEMPATH/CodeIgniter.php(904): App\Controllers\Admin\BaseController->initController(Object(CodeIgniter\HTTP\IncomingRequest), Object(CodeIgniter\HTTP\Response), Object(CodeIgniter\Log\Logger))
 2 SYSTEMPATH/CodeIgniter.php(500): CodeIgniter\CodeIgniter->createController()
 3 SYSTEMPATH/CodeIgniter.php(355): CodeIgniter\CodeIgniter->handleRequest(null, Object(Config\Cache), false)
 4 SYSTEMPATH/Boot.php(325): CodeIgniter\CodeIgniter->run()
 5 SYSTEMPATH/Boot.php(67): CodeIgniter\Boot::runCodeIgniter(Object(CodeIgniter\CodeIgniter))
 6 FCPATH/index.php(56): CodeIgniter\Boot::bootWeb(Object(Config\Paths))
INFO - 2025-02-03 17:41:45 --> Session: Class initialized using 'CodeIgniter\Session\Handlers\FileHandler' driver.
WARNING - 2025-02-03 17:41:45 --> [DEPRECATED] Creation of dynamic property App\Controllers\Admin\Image::$session is deprecated in APPPATH/Controllers/Admin/BaseController.php on line 56.
 1 SYSTEMPATH/CodeIgniter.php(904): App\Controllers\Admin\BaseController->initController(Object(CodeIgniter\HTTP\IncomingRequest), Object(CodeIgniter\HTTP\Response), Object(CodeIgniter\Log\Logger))
 2 SYSTEMPATH/CodeIgniter.php(500): CodeIgniter\CodeIgniter->createController()
 3 SYSTEMPATH/CodeIgniter.php(355): CodeIgniter\CodeIgniter->handleRequest(null, Object(Config\Cache), false)
 4 SYSTEMPATH/Boot.php(325): CodeIgniter\CodeIgniter->run()
 5 SYSTEMPATH/Boot.php(67): CodeIgniter\Boot::runCodeIgniter(Object(CodeIgniter\CodeIgniter))
 6 FCPATH/index.php(56): CodeIgniter\Boot::bootWeb(Object(Config\Paths))
INFO - 2025-02-03 17:42:21 --> Session: Class initialized using 'CodeIgniter\Session\Handlers\FileHandler' driver.
WARNING - 2025-02-03 17:42:21 --> [DEPRECATED] Creation of dynamic property App\Controllers\Admin\Image::$session is deprecated in APPPATH/Controllers/Admin/BaseController.php on line 56.
 1 SYSTEMPATH/CodeIgniter.php(904): App\Controllers\Admin\BaseController->initController(Object(CodeIgniter\HTTP\IncomingRequest), Object(CodeIgniter\HTTP\Response), Object(CodeIgniter\Log\Logger))
 2 SYSTEMPATH/CodeIgniter.php(500): CodeIgniter\CodeIgniter->createController()
 3 SYSTEMPATH/CodeIgniter.php(355): CodeIgniter\CodeIgniter->handleRequest(null, Object(Config\Cache), false)
 4 SYSTEMPATH/Boot.php(325): CodeIgniter\CodeIgniter->run()
 5 SYSTEMPATH/Boot.php(67): CodeIgniter\Boot::runCodeIgniter(Object(CodeIgniter\CodeIgniter))
 6 FCPATH/index.php(56): CodeIgniter\Boot::bootWeb(Object(Config\Paths))
INFO - 2025-02-03 17:42:21 --> Session: Class initialized using 'CodeIgniter\Session\Handlers\FileHandler' driver.
WARNING - 2025-02-03 17:42:21 --> [DEPRECATED] Creation of dynamic property App\Controllers\Admin\Category::$session is deprecated in APPPATH/Controllers/Admin/BaseController.php on line 56.
 1 SYSTEMPATH/CodeIgniter.php(904): App\Controllers\Admin\BaseController->initController(Object(CodeIgniter\HTTP\IncomingRequest), Object(CodeIgniter\HTTP\Response), Object(CodeIgniter\Log\Logger))
 2 SYSTEMPATH/CodeIgniter.php(500): CodeIgniter\CodeIgniter->createController()
 3 SYSTEMPATH/CodeIgniter.php(355): CodeIgniter\CodeIgniter->handleRequest(null, Object(Config\Cache), false)
 4 SYSTEMPATH/Boot.php(325): CodeIgniter\CodeIgniter->run()
 5 SYSTEMPATH/Boot.php(67): CodeIgniter\Boot::runCodeIgniter(Object(CodeIgniter\CodeIgniter))
 6 FCPATH/index.php(56): CodeIgniter\Boot::bootWeb(Object(Config\Paths))
INFO - 2025-02-03 17:42:28 --> Session: Class initialized using 'CodeIgniter\Session\Handlers\FileHandler' driver.
WARNING - 2025-02-03 17:42:28 --> [DEPRECATED] Creation of dynamic property App\Controllers\Admin\Image::$session is deprecated in APPPATH/Controllers/Admin/BaseController.php on line 56.
 1 SYSTEMPATH/CodeIgniter.php(904): App\Controllers\Admin\BaseController->initController(Object(CodeIgniter\HTTP\IncomingRequest), Object(CodeIgniter\HTTP\Response), Object(CodeIgniter\Log\Logger))
 2 SYSTEMPATH/CodeIgniter.php(500): CodeIgniter\CodeIgniter->createController()
 3 SYSTEMPATH/CodeIgniter.php(355): CodeIgniter\CodeIgniter->handleRequest(null, Object(Config\Cache), false)
 4 SYSTEMPATH/Boot.php(325): CodeIgniter\CodeIgniter->run()
 5 SYSTEMPATH/Boot.php(67): CodeIgniter\Boot::runCodeIgniter(Object(CodeIgniter\CodeIgniter))
 6 FCPATH/index.php(56): CodeIgniter\Boot::bootWeb(Object(Config\Paths))
INFO - 2025-02-03 17:42:29 --> Session: Class initialized using 'CodeIgniter\Session\Handlers\FileHandler' driver.
WARNING - 2025-02-03 17:42:29 --> [DEPRECATED] Creation of dynamic property App\Controllers\Admin\Category::$session is deprecated in APPPATH/Controllers/Admin/BaseController.php on line 56.
 1 SYSTEMPATH/CodeIgniter.php(904): App\Controllers\Admin\BaseController->initController(Object(CodeIgniter\HTTP\IncomingRequest), Object(CodeIgniter\HTTP\Response), Object(CodeIgniter\Log\Logger))
 2 SYSTEMPATH/CodeIgniter.php(500): CodeIgniter\CodeIgniter->createController()
 3 SYSTEMPATH/CodeIgniter.php(355): CodeIgniter\CodeIgniter->handleRequest(null, Object(Config\Cache), false)
 4 SYSTEMPATH/Boot.php(325): CodeIgniter\CodeIgniter->run()
 5 SYSTEMPATH/Boot.php(67): CodeIgniter\Boot::runCodeIgniter(Object(CodeIgniter\CodeIgniter))
 6 FCPATH/index.php(56): CodeIgniter\Boot::bootWeb(Object(Config\Paths))
INFO - 2025-02-03 17:42:39 --> Session: Class initialized using 'CodeIgniter\Session\Handlers\FileHandler' driver.
WARNING - 2025-02-03 17:42:39 --> [DEPRECATED] Creation of dynamic property App\Controllers\Admin\Image::$session is deprecated in APPPATH/Controllers/Admin/BaseController.php on line 56.
 1 SYSTEMPATH/CodeIgniter.php(904): App\Controllers\Admin\BaseController->initController(Object(CodeIgniter\HTTP\IncomingRequest), Object(CodeIgniter\HTTP\Response), Object(CodeIgniter\Log\Logger))
 2 SYSTEMPATH/CodeIgniter.php(500): CodeIgniter\CodeIgniter->createController()
 3 SYSTEMPATH/CodeIgniter.php(355): CodeIgniter\CodeIgniter->handleRequest(null, Object(Config\Cache), false)
 4 SYSTEMPATH/Boot.php(325): CodeIgniter\CodeIgniter->run()
 5 SYSTEMPATH/Boot.php(67): CodeIgniter\Boot::runCodeIgniter(Object(CodeIgniter\CodeIgniter))
 6 FCPATH/index.php(56): CodeIgniter\Boot::bootWeb(Object(Config\Paths))
INFO - 2025-02-03 17:42:42 --> Session: Class initialized using 'CodeIgniter\Session\Handlers\FileHandler' driver.
WARNING - 2025-02-03 17:42:42 --> [DEPRECATED] Creation of dynamic property App\Controllers\Admin\Image::$session is deprecated in APPPATH/Controllers/Admin/BaseController.php on line 56.
 1 SYSTEMPATH/CodeIgniter.php(904): App\Controllers\Admin\BaseController->initController(Object(CodeIgniter\HTTP\IncomingRequest), Object(CodeIgniter\HTTP\Response), Object(CodeIgniter\Log\Logger))
 2 SYSTEMPATH/CodeIgniter.php(500): CodeIgniter\CodeIgniter->createController()
 3 SYSTEMPATH/CodeIgniter.php(355): CodeIgniter\CodeIgniter->handleRequest(null, Object(Config\Cache), false)
 4 SYSTEMPATH/Boot.php(325): CodeIgniter\CodeIgniter->run()
 5 SYSTEMPATH/Boot.php(67): CodeIgniter\Boot::runCodeIgniter(Object(CodeIgniter\CodeIgniter))
 6 FCPATH/index.php(56): CodeIgniter\Boot::bootWeb(Object(Config\Paths))
INFO - 2025-02-03 17:42:43 --> Session: Class initialized using 'CodeIgniter\Session\Handlers\FileHandler' driver.
WARNING - 2025-02-03 17:42:43 --> [DEPRECATED] Creation of dynamic property App\Controllers\Admin\Category::$session is deprecated in APPPATH/Controllers/Admin/BaseController.php on line 56.
 1 SYSTEMPATH/CodeIgniter.php(904): App\Controllers\Admin\BaseController->initController(Object(CodeIgniter\HTTP\IncomingRequest), Object(CodeIgniter\HTTP\Response), Object(CodeIgniter\Log\Logger))
 2 SYSTEMPATH/CodeIgniter.php(500): CodeIgniter\CodeIgniter->createController()
 3 SYSTEMPATH/CodeIgniter.php(355): CodeIgniter\CodeIgniter->handleRequest(null, Object(Config\Cache), false)
 4 SYSTEMPATH/Boot.php(325): CodeIgniter\CodeIgniter->run()
 5 SYSTEMPATH/Boot.php(67): CodeIgniter\Boot::runCodeIgniter(Object(CodeIgniter\CodeIgniter))
 6 FCPATH/index.php(56): CodeIgniter\Boot::bootWeb(Object(Config\Paths))
INFO - 2025-02-03 17:42:55 --> Session: Class initialized using 'CodeIgniter\Session\Handlers\FileHandler' driver.
WARNING - 2025-02-03 17:42:55 --> [DEPRECATED] Creation of dynamic property App\Controllers\Admin\Course::$session is deprecated in APPPATH/Controllers/Admin/BaseController.php on line 56.
 1 SYSTEMPATH/CodeIgniter.php(904): App\Controllers\Admin\BaseController->initController(Object(CodeIgniter\HTTP\IncomingRequest), Object(CodeIgniter\HTTP\Response), Object(CodeIgniter\Log\Logger))
 2 SYSTEMPATH/CodeIgniter.php(500): CodeIgniter\CodeIgniter->createController()
 3 SYSTEMPATH/CodeIgniter.php(355): CodeIgniter\CodeIgniter->handleRequest(null, Object(Config\Cache), false)
 4 SYSTEMPATH/Boot.php(325): CodeIgniter\CodeIgniter->run()
 5 SYSTEMPATH/Boot.php(67): CodeIgniter\Boot::runCodeIgniter(Object(CodeIgniter\CodeIgniter))
 6 FCPATH/index.php(56): CodeIgniter\Boot::bootWeb(Object(Config\Paths))
INFO - 2025-02-03 17:42:56 --> Session: Class initialized using 'CodeIgniter\Session\Handlers\FileHandler' driver.
WARNING - 2025-02-03 17:42:56 --> [DEPRECATED] Creation of dynamic property App\Controllers\Admin\Category::$session is deprecated in APPPATH/Controllers/Admin/BaseController.php on line 56.
 1 SYSTEMPATH/CodeIgniter.php(904): App\Controllers\Admin\BaseController->initController(Object(CodeIgniter\HTTP\IncomingRequest), Object(CodeIgniter\HTTP\Response), Object(CodeIgniter\Log\Logger))
 2 SYSTEMPATH/CodeIgniter.php(500): CodeIgniter\CodeIgniter->createController()
 3 SYSTEMPATH/CodeIgniter.php(355): CodeIgniter\CodeIgniter->handleRequest(null, Object(Config\Cache), false)
 4 SYSTEMPATH/Boot.php(325): CodeIgniter\CodeIgniter->run()
 5 SYSTEMPATH/Boot.php(67): CodeIgniter\Boot::runCodeIgniter(Object(CodeIgniter\CodeIgniter))
 6 FCPATH/index.php(56): CodeIgniter\Boot::bootWeb(Object(Config\Paths))
INFO - 2025-02-03 17:42:56 --> Session: Class initialized using 'CodeIgniter\Session\Handlers\FileHandler' driver.
WARNING - 2025-02-03 17:42:56 --> [DEPRECATED] Creation of dynamic property App\Controllers\Admin\Course::$session is deprecated in APPPATH/Controllers/Admin/BaseController.php on line 56.
 1 SYSTEMPATH/CodeIgniter.php(904): App\Controllers\Admin\BaseController->initController(Object(CodeIgniter\HTTP\IncomingRequest), Object(CodeIgniter\HTTP\Response), Object(CodeIgniter\Log\Logger))
 2 SYSTEMPATH/CodeIgniter.php(500): CodeIgniter\CodeIgniter->createController()
 3 SYSTEMPATH/CodeIgniter.php(355): CodeIgniter\CodeIgniter->handleRequest(null, Object(Config\Cache), false)
 4 SYSTEMPATH/Boot.php(325): CodeIgniter\CodeIgniter->run()
 5 SYSTEMPATH/Boot.php(67): CodeIgniter\Boot::runCodeIgniter(Object(CodeIgniter\CodeIgniter))
 6 FCPATH/index.php(56): CodeIgniter\Boot::bootWeb(Object(Config\Paths))
INFO - 2025-02-03 17:42:58 --> Session: Class initialized using 'CodeIgniter\Session\Handlers\FileHandler' driver.
WARNING - 2025-02-03 17:42:58 --> [DEPRECATED] Creation of dynamic property App\Controllers\Admin\Course::$session is deprecated in APPPATH/Controllers/Admin/BaseController.php on line 56.
 1 SYSTEMPATH/CodeIgniter.php(904): App\Controllers\Admin\BaseController->initController(Object(CodeIgniter\HTTP\IncomingRequest), Object(CodeIgniter\HTTP\Response), Object(CodeIgniter\Log\Logger))
 2 SYSTEMPATH/CodeIgniter.php(500): CodeIgniter\CodeIgniter->createController()
 3 SYSTEMPATH/CodeIgniter.php(355): CodeIgniter\CodeIgniter->handleRequest(null, Object(Config\Cache), false)
 4 SYSTEMPATH/Boot.php(325): CodeIgniter\CodeIgniter->run()
 5 SYSTEMPATH/Boot.php(67): CodeIgniter\Boot::runCodeIgniter(Object(CodeIgniter\CodeIgniter))
 6 FCPATH/index.php(56): CodeIgniter\Boot::bootWeb(Object(Config\Paths))
INFO - 2025-02-03 17:44:03 --> Session: Class initialized using 'CodeIgniter\Session\Handlers\FileHandler' driver.
WARNING - 2025-02-03 17:44:03 --> [DEPRECATED] Creation of dynamic property App\Controllers\Admin\Course::$session is deprecated in APPPATH/Controllers/Admin/BaseController.php on line 56.
 1 SYSTEMPATH/CodeIgniter.php(904): App\Controllers\Admin\BaseController->initController(Object(CodeIgniter\HTTP\IncomingRequest), Object(CodeIgniter\HTTP\Response), Object(CodeIgniter\Log\Logger))
 2 SYSTEMPATH/CodeIgniter.php(500): CodeIgniter\CodeIgniter->createController()
 3 SYSTEMPATH/CodeIgniter.php(355): CodeIgniter\CodeIgniter->handleRequest(null, Object(Config\Cache), false)
 4 SYSTEMPATH/Boot.php(325): CodeIgniter\CodeIgniter->run()
 5 SYSTEMPATH/Boot.php(67): CodeIgniter\Boot::runCodeIgniter(Object(CodeIgniter\CodeIgniter))
 6 FCPATH/index.php(56): CodeIgniter\Boot::bootWeb(Object(Config\Paths))
INFO - 2025-02-03 17:44:03 --> Session: Class initialized using 'CodeIgniter\Session\Handlers\FileHandler' driver.
WARNING - 2025-02-03 17:44:03 --> [DEPRECATED] Creation of dynamic property App\Controllers\Admin\Course::$session is deprecated in APPPATH/Controllers/Admin/BaseController.php on line 56.
 1 SYSTEMPATH/CodeIgniter.php(904): App\Controllers\Admin\BaseController->initController(Object(CodeIgniter\HTTP\IncomingRequest), Object(CodeIgniter\HTTP\Response), Object(CodeIgniter\Log\Logger))
 2 SYSTEMPATH/CodeIgniter.php(500): CodeIgniter\CodeIgniter->createController()
 3 SYSTEMPATH/CodeIgniter.php(355): CodeIgniter\CodeIgniter->handleRequest(null, Object(Config\Cache), false)
 4 SYSTEMPATH/Boot.php(325): CodeIgniter\CodeIgniter->run()
 5 SYSTEMPATH/Boot.php(67): CodeIgniter\Boot::runCodeIgniter(Object(CodeIgniter\CodeIgniter))
 6 FCPATH/index.php(56): CodeIgniter\Boot::bootWeb(Object(Config\Paths))
INFO - 2025-02-03 17:44:06 --> Session: Class initialized using 'CodeIgniter\Session\Handlers\FileHandler' driver.
INFO - 2025-02-03 17:44:07 --> Session: Class initialized using 'CodeIgniter\Session\Handlers\FileHandler' driver.
INFO - 2025-02-03 17:44:20 --> Session: Class initialized using 'CodeIgniter\Session\Handlers\FileHandler' driver.
WARNING - 2025-02-03 17:44:20 --> [DEPRECATED] Creation of dynamic property App\Controllers\Admin\Course::$session is deprecated in APPPATH/Controllers/Admin/BaseController.php on line 56.
 1 SYSTEMPATH/CodeIgniter.php(904): App\Controllers\Admin\BaseController->initController(Object(CodeIgniter\HTTP\IncomingRequest), Object(CodeIgniter\HTTP\Response), Object(CodeIgniter\Log\Logger))
 2 SYSTEMPATH/CodeIgniter.php(500): CodeIgniter\CodeIgniter->createController()
 3 SYSTEMPATH/CodeIgniter.php(355): CodeIgniter\CodeIgniter->handleRequest(null, Object(Config\Cache), false)
 4 SYSTEMPATH/Boot.php(325): CodeIgniter\CodeIgniter->run()
 5 SYSTEMPATH/Boot.php(67): CodeIgniter\Boot::runCodeIgniter(Object(CodeIgniter\CodeIgniter))
 6 FCPATH/index.php(56): CodeIgniter\Boot::bootWeb(Object(Config\Paths))
INFO - 2025-02-03 17:44:21 --> Session: Class initialized using 'CodeIgniter\Session\Handlers\FileHandler' driver.
WARNING - 2025-02-03 17:44:21 --> [DEPRECATED] Creation of dynamic property App\Controllers\Admin\Category::$session is deprecated in APPPATH/Controllers/Admin/BaseController.php on line 56.
 1 SYSTEMPATH/CodeIgniter.php(904): App\Controllers\Admin\BaseController->initController(Object(CodeIgniter\HTTP\IncomingRequest), Object(CodeIgniter\HTTP\Response), Object(CodeIgniter\Log\Logger))
 2 SYSTEMPATH/CodeIgniter.php(500): CodeIgniter\CodeIgniter->createController()
 3 SYSTEMPATH/CodeIgniter.php(355): CodeIgniter\CodeIgniter->handleRequest(null, Object(Config\Cache), false)
 4 SYSTEMPATH/Boot.php(325): CodeIgniter\CodeIgniter->run()
 5 SYSTEMPATH/Boot.php(67): CodeIgniter\Boot::runCodeIgniter(Object(CodeIgniter\CodeIgniter))
 6 FCPATH/index.php(56): CodeIgniter\Boot::bootWeb(Object(Config\Paths))
INFO - 2025-02-03 17:44:21 --> Session: Class initialized using 'CodeIgniter\Session\Handlers\FileHandler' driver.
WARNING - 2025-02-03 17:44:21 --> [DEPRECATED] Creation of dynamic property App\Controllers\Admin\Course::$session is deprecated in APPPATH/Controllers/Admin/BaseController.php on line 56.
 1 SYSTEMPATH/CodeIgniter.php(904): App\Controllers\Admin\BaseController->initController(Object(CodeIgniter\HTTP\IncomingRequest), Object(CodeIgniter\HTTP\Response), Object(CodeIgniter\Log\Logger))
 2 SYSTEMPATH/CodeIgniter.php(500): CodeIgniter\CodeIgniter->createController()
 3 SYSTEMPATH/CodeIgniter.php(355): CodeIgniter\CodeIgniter->handleRequest(null, Object(Config\Cache), false)
 4 SYSTEMPATH/Boot.php(325): CodeIgniter\CodeIgniter->run()
 5 SYSTEMPATH/Boot.php(67): CodeIgniter\Boot::runCodeIgniter(Object(CodeIgniter\CodeIgniter))
 6 FCPATH/index.php(56): CodeIgniter\Boot::bootWeb(Object(Config\Paths))
INFO - 2025-02-03 17:44:24 --> Session: Class initialized using 'CodeIgniter\Session\Handlers\FileHandler' driver.
WARNING - 2025-02-03 17:44:24 --> [DEPRECATED] Creation of dynamic property App\Controllers\Admin\Course::$session is deprecated in APPPATH/Controllers/Admin/BaseController.php on line 56.
 1 SYSTEMPATH/CodeIgniter.php(904): App\Controllers\Admin\BaseController->initController(Object(CodeIgniter\HTTP\IncomingRequest), Object(CodeIgniter\HTTP\Response), Object(CodeIgniter\Log\Logger))
 2 SYSTEMPATH/CodeIgniter.php(500): CodeIgniter\CodeIgniter->createController()
 3 SYSTEMPATH/CodeIgniter.php(355): CodeIgniter\CodeIgniter->handleRequest(null, Object(Config\Cache), false)
 4 SYSTEMPATH/Boot.php(325): CodeIgniter\CodeIgniter->run()
 5 SYSTEMPATH/Boot.php(67): CodeIgniter\Boot::runCodeIgniter(Object(CodeIgniter\CodeIgniter))
 6 FCPATH/index.php(56): CodeIgniter\Boot::bootWeb(Object(Config\Paths))
INFO - 2025-02-03 17:44:36 --> Session: Class initialized using 'CodeIgniter\Session\Handlers\FileHandler' driver.
WARNING - 2025-02-03 17:44:36 --> [DEPRECATED] Creation of dynamic property App\Controllers\Admin\Course::$session is deprecated in APPPATH/Controllers/Admin/BaseController.php on line 56.
 1 SYSTEMPATH/CodeIgniter.php(904): App\Controllers\Admin\BaseController->initController(Object(CodeIgniter\HTTP\IncomingRequest), Object(CodeIgniter\HTTP\Response), Object(CodeIgniter\Log\Logger))
 2 SYSTEMPATH/CodeIgniter.php(500): CodeIgniter\CodeIgniter->createController()
 3 SYSTEMPATH/CodeIgniter.php(355): CodeIgniter\CodeIgniter->handleRequest(null, Object(Config\Cache), false)
 4 SYSTEMPATH/Boot.php(325): CodeIgniter\CodeIgniter->run()
 5 SYSTEMPATH/Boot.php(67): CodeIgniter\Boot::runCodeIgniter(Object(CodeIgniter\CodeIgniter))
 6 FCPATH/index.php(56): CodeIgniter\Boot::bootWeb(Object(Config\Paths))
INFO - 2025-02-03 17:44:37 --> Session: Class initialized using 'CodeIgniter\Session\Handlers\FileHandler' driver.
WARNING - 2025-02-03 17:44:37 --> [DEPRECATED] Creation of dynamic property App\Controllers\Admin\Course::$session is deprecated in APPPATH/Controllers/Admin/BaseController.php on line 56.
 1 SYSTEMPATH/CodeIgniter.php(904): App\Controllers\Admin\BaseController->initController(Object(CodeIgniter\HTTP\IncomingRequest), Object(CodeIgniter\HTTP\Response), Object(CodeIgniter\Log\Logger))
 2 SYSTEMPATH/CodeIgniter.php(500): CodeIgniter\CodeIgniter->createController()
 3 SYSTEMPATH/CodeIgniter.php(355): CodeIgniter\CodeIgniter->handleRequest(null, Object(Config\Cache), false)
 4 SYSTEMPATH/Boot.php(325): CodeIgniter\CodeIgniter->run()
 5 SYSTEMPATH/Boot.php(67): CodeIgniter\Boot::runCodeIgniter(Object(CodeIgniter\CodeIgniter))
 6 FCPATH/index.php(56): CodeIgniter\Boot::bootWeb(Object(Config\Paths))
INFO - 2025-02-03 17:44:41 --> Session: Class initialized using 'CodeIgniter\Session\Handlers\FileHandler' driver.
INFO - 2025-02-03 17:44:43 --> Session: Class initialized using 'CodeIgniter\Session\Handlers\FileHandler' driver.
INFO - 2025-02-03 17:45:42 --> Session: Class initialized using 'CodeIgniter\Session\Handlers\FileHandler' driver.
INFO - 2025-02-03 17:45:43 --> Session: Class initialized using 'CodeIgniter\Session\Handlers\FileHandler' driver.
INFO - 2025-02-03 17:46:12 --> Session: Class initialized using 'CodeIgniter\Session\Handlers\FileHandler' driver.
INFO - 2025-02-03 17:46:14 --> Session: Class initialized using 'CodeIgniter\Session\Handlers\FileHandler' driver.
INFO - 2025-02-03 17:46:16 --> Session: Class initialized using 'CodeIgniter\Session\Handlers\FileHandler' driver.
INFO - 2025-02-03 17:46:17 --> Session: Class initialized using 'CodeIgniter\Session\Handlers\FileHandler' driver.
INFO - 2025-02-03 17:47:29 --> Session: Class initialized using 'CodeIgniter\Session\Handlers\FileHandler' driver.
INFO - 2025-02-03 17:47:31 --> Session: Class initialized using 'CodeIgniter\Session\Handlers\FileHandler' driver.
INFO - 2025-02-03 17:47:46 --> Session: Class initialized using 'CodeIgniter\Session\Handlers\FileHandler' driver.
INFO - 2025-02-03 17:57:01 --> Session: Class initialized using 'CodeIgniter\Session\Handlers\FileHandler' driver.
INFO - 2025-02-03 17:58:01 --> Session: Class initialized using 'CodeIgniter\Session\Handlers\FileHandler' driver.
INFO - 2025-02-03 17:58:06 --> Session: Class initialized using 'CodeIgniter\Session\Handlers\FileHandler' driver.
INFO - 2025-02-03 17:58:08 --> Session: Class initialized using 'CodeIgniter\Session\Handlers\FileHandler' driver.
INFO - 2025-02-03 17:58:12 --> Session: Class initialized using 'CodeIgniter\Session\Handlers\FileHandler' driver.
WARNING - 2025-02-03 17:58:12 --> [DEPRECATED] Creation of dynamic property App\Controllers\Admin\Download::$session is deprecated in APPPATH/Controllers/Admin/BaseController.php on line 56.
 1 SYSTEMPATH/CodeIgniter.php(904): App\Controllers\Admin\BaseController->initController(Object(CodeIgniter\HTTP\IncomingRequest), Object(CodeIgniter\HTTP\Response), Object(CodeIgniter\Log\Logger))
 2 SYSTEMPATH/CodeIgniter.php(500): CodeIgniter\CodeIgniter->createController()
 3 SYSTEMPATH/CodeIgniter.php(355): CodeIgniter\CodeIgniter->handleRequest(null, Object(Config\Cache), false)
 4 SYSTEMPATH/Boot.php(325): CodeIgniter\CodeIgniter->run()
 5 SYSTEMPATH/Boot.php(67): CodeIgniter\Boot::runCodeIgniter(Object(CodeIgniter\CodeIgniter))
 6 FCPATH/index.php(56): CodeIgniter\Boot::bootWeb(Object(Config\Paths))
INFO - 2025-02-03 17:58:13 --> Session: Class initialized using 'CodeIgniter\Session\Handlers\FileHandler' driver.
WARNING - 2025-02-03 17:58:13 --> [DEPRECATED] Creation of dynamic property App\Controllers\Admin\Category::$session is deprecated in APPPATH/Controllers/Admin/BaseController.php on line 56.
 1 SYSTEMPATH/CodeIgniter.php(904): App\Controllers\Admin\BaseController->initController(Object(CodeIgniter\HTTP\IncomingRequest), Object(CodeIgniter\HTTP\Response), Object(CodeIgniter\Log\Logger))
 2 SYSTEMPATH/CodeIgniter.php(500): CodeIgniter\CodeIgniter->createController()
 3 SYSTEMPATH/CodeIgniter.php(355): CodeIgniter\CodeIgniter->handleRequest(null, Object(Config\Cache), false)
 4 SYSTEMPATH/Boot.php(325): CodeIgniter\CodeIgniter->run()
 5 SYSTEMPATH/Boot.php(67): CodeIgniter\Boot::runCodeIgniter(Object(CodeIgniter\CodeIgniter))
 6 FCPATH/index.php(56): CodeIgniter\Boot::bootWeb(Object(Config\Paths))
INFO - 2025-02-03 18:00:59 --> Session: Class initialized using 'CodeIgniter\Session\Handlers\FileHandler' driver.
WARNING - 2025-02-03 18:00:59 --> [DEPRECATED] Creation of dynamic property App\Controllers\Admin\Download::$session is deprecated in APPPATH/Controllers/Admin/BaseController.php on line 56.
 1 SYSTEMPATH/CodeIgniter.php(904): App\Controllers\Admin\BaseController->initController(Object(CodeIgniter\HTTP\IncomingRequest), Object(CodeIgniter\HTTP\Response), Object(CodeIgniter\Log\Logger))
 2 SYSTEMPATH/CodeIgniter.php(500): CodeIgniter\CodeIgniter->createController()
 3 SYSTEMPATH/CodeIgniter.php(355): CodeIgniter\CodeIgniter->handleRequest(null, Object(Config\Cache), false)
 4 SYSTEMPATH/Boot.php(325): CodeIgniter\CodeIgniter->run()
 5 SYSTEMPATH/Boot.php(67): CodeIgniter\Boot::runCodeIgniter(Object(CodeIgniter\CodeIgniter))
 6 FCPATH/index.php(56): CodeIgniter\Boot::bootWeb(Object(Config\Paths))
INFO - 2025-02-03 18:00:59 --> Session: Class initialized using 'CodeIgniter\Session\Handlers\FileHandler' driver.
WARNING - 2025-02-03 18:00:59 --> [DEPRECATED] Creation of dynamic property App\Controllers\Admin\Category::$session is deprecated in APPPATH/Controllers/Admin/BaseController.php on line 56.
 1 SYSTEMPATH/CodeIgniter.php(904): App\Controllers\Admin\BaseController->initController(Object(CodeIgniter\HTTP\IncomingRequest), Object(CodeIgniter\HTTP\Response), Object(CodeIgniter\Log\Logger))
 2 SYSTEMPATH/CodeIgniter.php(500): CodeIgniter\CodeIgniter->createController()
 3 SYSTEMPATH/CodeIgniter.php(355): CodeIgniter\CodeIgniter->handleRequest(null, Object(Config\Cache), false)
 4 SYSTEMPATH/Boot.php(325): CodeIgniter\CodeIgniter->run()
 5 SYSTEMPATH/Boot.php(67): CodeIgniter\Boot::runCodeIgniter(Object(CodeIgniter\CodeIgniter))
 6 FCPATH/index.php(56): CodeIgniter\Boot::bootWeb(Object(Config\Paths))
INFO - 2025-02-03 18:01:00 --> Session: Class initialized using 'CodeIgniter\Session\Handlers\FileHandler' driver.
WARNING - 2025-02-03 18:01:00 --> [DEPRECATED] Creation of dynamic property App\Controllers\Admin\Download::$session is deprecated in APPPATH/Controllers/Admin/BaseController.php on line 56.
 1 SYSTEMPATH/CodeIgniter.php(904): App\Controllers\Admin\BaseController->initController(Object(CodeIgniter\HTTP\IncomingRequest), Object(CodeIgniter\HTTP\Response), Object(CodeIgniter\Log\Logger))
 2 SYSTEMPATH/CodeIgniter.php(500): CodeIgniter\CodeIgniter->createController()
 3 SYSTEMPATH/CodeIgniter.php(355): CodeIgniter\CodeIgniter->handleRequest(null, Object(Config\Cache), false)
 4 SYSTEMPATH/Boot.php(325): CodeIgniter\CodeIgniter->run()
 5 SYSTEMPATH/Boot.php(67): CodeIgniter\Boot::runCodeIgniter(Object(CodeIgniter\CodeIgniter))
 6 FCPATH/index.php(56): CodeIgniter\Boot::bootWeb(Object(Config\Paths))
INFO - 2025-02-03 18:01:00 --> Session: Class initialized using 'CodeIgniter\Session\Handlers\FileHandler' driver.
WARNING - 2025-02-03 18:01:00 --> [DEPRECATED] Creation of dynamic property App\Controllers\Admin\Category::$session is deprecated in APPPATH/Controllers/Admin/BaseController.php on line 56.
 1 SYSTEMPATH/CodeIgniter.php(904): App\Controllers\Admin\BaseController->initController(Object(CodeIgniter\HTTP\IncomingRequest), Object(CodeIgniter\HTTP\Response), Object(CodeIgniter\Log\Logger))
 2 SYSTEMPATH/CodeIgniter.php(500): CodeIgniter\CodeIgniter->createController()
 3 SYSTEMPATH/CodeIgniter.php(355): CodeIgniter\CodeIgniter->handleRequest(null, Object(Config\Cache), false)
 4 SYSTEMPATH/Boot.php(325): CodeIgniter\CodeIgniter->run()
 5 SYSTEMPATH/Boot.php(67): CodeIgniter\Boot::runCodeIgniter(Object(CodeIgniter\CodeIgniter))
 6 FCPATH/index.php(56): CodeIgniter\Boot::bootWeb(Object(Config\Paths))
INFO - 2025-02-03 18:01:02 --> Session: Class initialized using 'CodeIgniter\Session\Handlers\FileHandler' driver.
WARNING - 2025-02-03 18:01:02 --> [DEPRECATED] Creation of dynamic property App\Controllers\Admin\Download::$session is deprecated in APPPATH/Controllers/Admin/BaseController.php on line 56.
 1 SYSTEMPATH/CodeIgniter.php(904): App\Controllers\Admin\BaseController->initController(Object(CodeIgniter\HTTP\IncomingRequest), Object(CodeIgniter\HTTP\Response), Object(CodeIgniter\Log\Logger))
 2 SYSTEMPATH/CodeIgniter.php(500): CodeIgniter\CodeIgniter->createController()
 3 SYSTEMPATH/CodeIgniter.php(355): CodeIgniter\CodeIgniter->handleRequest(null, Object(Config\Cache), false)
 4 SYSTEMPATH/Boot.php(325): CodeIgniter\CodeIgniter->run()
 5 SYSTEMPATH/Boot.php(67): CodeIgniter\Boot::runCodeIgniter(Object(CodeIgniter\CodeIgniter))
 6 FCPATH/index.php(56): CodeIgniter\Boot::bootWeb(Object(Config\Paths))
INFO - 2025-02-03 18:01:03 --> Session: Class initialized using 'CodeIgniter\Session\Handlers\FileHandler' driver.
WARNING - 2025-02-03 18:01:03 --> [DEPRECATED] Creation of dynamic property App\Controllers\Admin\Category::$session is deprecated in APPPATH/Controllers/Admin/BaseController.php on line 56.
 1 SYSTEMPATH/CodeIgniter.php(904): App\Controllers\Admin\BaseController->initController(Object(CodeIgniter\HTTP\IncomingRequest), Object(CodeIgniter\HTTP\Response), Object(CodeIgniter\Log\Logger))
 2 SYSTEMPATH/CodeIgniter.php(500): CodeIgniter\CodeIgniter->createController()
 3 SYSTEMPATH/CodeIgniter.php(355): CodeIgniter\CodeIgniter->handleRequest(null, Object(Config\Cache), false)
 4 SYSTEMPATH/Boot.php(325): CodeIgniter\CodeIgniter->run()
 5 SYSTEMPATH/Boot.php(67): CodeIgniter\Boot::runCodeIgniter(Object(CodeIgniter\CodeIgniter))
 6 FCPATH/index.php(56): CodeIgniter\Boot::bootWeb(Object(Config\Paths))
INFO - 2025-02-03 18:01:03 --> Session: Class initialized using 'CodeIgniter\Session\Handlers\FileHandler' driver.
WARNING - 2025-02-03 18:01:03 --> [DEPRECATED] Creation of dynamic property App\Controllers\Admin\Download::$session is deprecated in APPPATH/Controllers/Admin/BaseController.php on line 56.
 1 SYSTEMPATH/CodeIgniter.php(904): App\Controllers\Admin\BaseController->initController(Object(CodeIgniter\HTTP\IncomingRequest), Object(CodeIgniter\HTTP\Response), Object(CodeIgniter\Log\Logger))
 2 SYSTEMPATH/CodeIgniter.php(500): CodeIgniter\CodeIgniter->createController()
 3 SYSTEMPATH/CodeIgniter.php(355): CodeIgniter\CodeIgniter->handleRequest(null, Object(Config\Cache), false)
 4 SYSTEMPATH/Boot.php(325): CodeIgniter\CodeIgniter->run()
 5 SYSTEMPATH/Boot.php(67): CodeIgniter\Boot::runCodeIgniter(Object(CodeIgniter\CodeIgniter))
 6 FCPATH/index.php(56): CodeIgniter\Boot::bootWeb(Object(Config\Paths))
INFO - 2025-02-03 18:01:04 --> Session: Class initialized using 'CodeIgniter\Session\Handlers\FileHandler' driver.
WARNING - 2025-02-03 18:01:04 --> [DEPRECATED] Creation of dynamic property App\Controllers\Admin\Category::$session is deprecated in APPPATH/Controllers/Admin/BaseController.php on line 56.
 1 SYSTEMPATH/CodeIgniter.php(904): App\Controllers\Admin\BaseController->initController(Object(CodeIgniter\HTTP\IncomingRequest), Object(CodeIgniter\HTTP\Response), Object(CodeIgniter\Log\Logger))
 2 SYSTEMPATH/CodeIgniter.php(500): CodeIgniter\CodeIgniter->createController()
 3 SYSTEMPATH/CodeIgniter.php(355): CodeIgniter\CodeIgniter->handleRequest(null, Object(Config\Cache), false)
 4 SYSTEMPATH/Boot.php(325): CodeIgniter\CodeIgniter->run()
 5 SYSTEMPATH/Boot.php(67): CodeIgniter\Boot::runCodeIgniter(Object(CodeIgniter\CodeIgniter))
 6 FCPATH/index.php(56): CodeIgniter\Boot::bootWeb(Object(Config\Paths))
INFO - 2025-02-03 18:05:52 --> Session: Class initialized using 'CodeIgniter\Session\Handlers\FileHandler' driver.
INFO - 2025-02-03 18:12:49 --> Session: Class initialized using 'CodeIgniter\Session\Handlers\FileHandler' driver.
INFO - 2025-02-03 18:12:51 --> Session: Class initialized using 'CodeIgniter\Session\Handlers\FileHandler' driver.
INFO - 2025-02-03 18:12:55 --> Session: Class initialized using 'CodeIgniter\Session\Handlers\FileHandler' driver.
WARNING - 2025-02-03 18:12:55 --> [DEPRECATED] Creation of dynamic property App\Controllers\Admin\Download::$session is deprecated in APPPATH/Controllers/Admin/BaseController.php on line 56.
 1 SYSTEMPATH/CodeIgniter.php(904): App\Controllers\Admin\BaseController->initController(Object(CodeIgniter\HTTP\IncomingRequest), Object(CodeIgniter\HTTP\Response), Object(CodeIgniter\Log\Logger))
 2 SYSTEMPATH/CodeIgniter.php(500): CodeIgniter\CodeIgniter->createController()
 3 SYSTEMPATH/CodeIgniter.php(355): CodeIgniter\CodeIgniter->handleRequest(null, Object(Config\Cache), false)
 4 SYSTEMPATH/Boot.php(325): CodeIgniter\CodeIgniter->run()
 5 SYSTEMPATH/Boot.php(67): CodeIgniter\Boot::runCodeIgniter(Object(CodeIgniter\CodeIgniter))
 6 FCPATH/index.php(56): CodeIgniter\Boot::bootWeb(Object(Config\Paths))
INFO - 2025-02-03 18:12:56 --> Session: Class initialized using 'CodeIgniter\Session\Handlers\FileHandler' driver.
WARNING - 2025-02-03 18:12:56 --> [DEPRECATED] Creation of dynamic property App\Controllers\Admin\Category::$session is deprecated in APPPATH/Controllers/Admin/BaseController.php on line 56.
 1 SYSTEMPATH/CodeIgniter.php(904): App\Controllers\Admin\BaseController->initController(Object(CodeIgniter\HTTP\IncomingRequest), Object(CodeIgniter\HTTP\Response), Object(CodeIgniter\Log\Logger))
 2 SYSTEMPATH/CodeIgniter.php(500): CodeIgniter\CodeIgniter->createController()
 3 SYSTEMPATH/CodeIgniter.php(355): CodeIgniter\CodeIgniter->handleRequest(null, Object(Config\Cache), false)
 4 SYSTEMPATH/Boot.php(325): CodeIgniter\CodeIgniter->run()
 5 SYSTEMPATH/Boot.php(67): CodeIgniter\Boot::runCodeIgniter(Object(CodeIgniter\CodeIgniter))
 6 FCPATH/index.php(56): CodeIgniter\Boot::bootWeb(Object(Config\Paths))
INFO - 2025-02-03 18:13:00 --> Session: Class initialized using 'CodeIgniter\Session\Handlers\FileHandler' driver.
WARNING - 2025-02-03 18:13:00 --> [DEPRECATED] Creation of dynamic property App\Controllers\Admin\Download::$session is deprecated in APPPATH/Controllers/Admin/BaseController.php on line 56.
 1 SYSTEMPATH/CodeIgniter.php(904): App\Controllers\Admin\BaseController->initController(Object(CodeIgniter\HTTP\IncomingRequest), Object(CodeIgniter\HTTP\Response), Object(CodeIgniter\Log\Logger))
 2 SYSTEMPATH/CodeIgniter.php(500): CodeIgniter\CodeIgniter->createController()
 3 SYSTEMPATH/CodeIgniter.php(355): CodeIgniter\CodeIgniter->handleRequest(null, Object(Config\Cache), false)
 4 SYSTEMPATH/Boot.php(325): CodeIgniter\CodeIgniter->run()
 5 SYSTEMPATH/Boot.php(67): CodeIgniter\Boot::runCodeIgniter(Object(CodeIgniter\CodeIgniter))
 6 FCPATH/index.php(56): CodeIgniter\Boot::bootWeb(Object(Config\Paths))
INFO - 2025-02-03 18:13:03 --> Session: Class initialized using 'CodeIgniter\Session\Handlers\FileHandler' driver.
WARNING - 2025-02-03 18:13:03 --> [DEPRECATED] Creation of dynamic property App\Controllers\Admin\Category::$session is deprecated in APPPATH/Controllers/Admin/BaseController.php on line 56.
 1 SYSTEMPATH/CodeIgniter.php(904): App\Controllers\Admin\BaseController->initController(Object(CodeIgniter\HTTP\IncomingRequest), Object(CodeIgniter\HTTP\Response), Object(CodeIgniter\Log\Logger))
 2 SYSTEMPATH/CodeIgniter.php(500): CodeIgniter\CodeIgniter->createController()
 3 SYSTEMPATH/CodeIgniter.php(355): CodeIgniter\CodeIgniter->handleRequest(null, Object(Config\Cache), false)
 4 SYSTEMPATH/Boot.php(325): CodeIgniter\CodeIgniter->run()
 5 SYSTEMPATH/Boot.php(67): CodeIgniter\Boot::runCodeIgniter(Object(CodeIgniter\CodeIgniter))
 6 FCPATH/index.php(56): CodeIgniter\Boot::bootWeb(Object(Config\Paths))
INFO - 2025-02-03 18:14:23 --> Session: Class initialized using 'CodeIgniter\Session\Handlers\FileHandler' driver.
WARNING - 2025-02-03 18:14:23 --> [DEPRECATED] Creation of dynamic property App\Controllers\Admin\Download::$session is deprecated in APPPATH/Controllers/Admin/BaseController.php on line 56.
 1 SYSTEMPATH/CodeIgniter.php(904): App\Controllers\Admin\BaseController->initController(Object(CodeIgniter\HTTP\IncomingRequest), Object(CodeIgniter\HTTP\Response), Object(CodeIgniter\Log\Logger))
 2 SYSTEMPATH/CodeIgniter.php(500): CodeIgniter\CodeIgniter->createController()
 3 SYSTEMPATH/CodeIgniter.php(355): CodeIgniter\CodeIgniter->handleRequest(null, Object(Config\Cache), false)
 4 SYSTEMPATH/Boot.php(325): CodeIgniter\CodeIgniter->run()
 5 SYSTEMPATH/Boot.php(67): CodeIgniter\Boot::runCodeIgniter(Object(CodeIgniter\CodeIgniter))
 6 FCPATH/index.php(56): CodeIgniter\Boot::bootWeb(Object(Config\Paths))
CRITICAL - 2025-02-03 18:14:23 --> ErrorException: Undefined array key "folder_path"
[Method: POST, Route: admin/download/add]
in APPPATH/Controllers/Admin/Download.php on line 65.
 1 APPPATH/Controllers/Admin/Download.php(65): CodeIgniter\Debug\Exceptions->errorHandler(2, 'Undefined array key "folder_path"', '/home/vol2_8/byethost24.com/b24_38059003/htdocs/app/Controllers/Admin/Download.php', 65)
 2 SYSTEMPATH/CodeIgniter.php(933): App\Controllers\Admin\Download->Add()
 3 SYSTEMPATH/CodeIgniter.php(509): CodeIgniter\CodeIgniter->runController(Object(App\Controllers\Admin\Download))
 4 SYSTEMPATH/CodeIgniter.php(355): CodeIgniter\CodeIgniter->handleRequest(null, Object(Config\Cache), false)
 5 SYSTEMPATH/Boot.php(325): CodeIgniter\CodeIgniter->run()
 6 SYSTEMPATH/Boot.php(67): CodeIgniter\Boot::runCodeIgniter(Object(CodeIgniter\CodeIgniter))
 7 FCPATH/index.php(56): CodeIgniter\Boot::bootWeb(Object(Config\Paths))
INFO - 2025-02-03 18:14:27 --> Session: Class initialized using 'CodeIgniter\Session\Handlers\FileHandler' driver.
WARNING - 2025-02-03 18:14:27 --> [DEPRECATED] Creation of dynamic property App\Controllers\Admin\Download::$session is deprecated in APPPATH/Controllers/Admin/BaseController.php on line 56.
 1 SYSTEMPATH/CodeIgniter.php(904): App\Controllers\Admin\BaseController->initController(Object(CodeIgniter\HTTP\IncomingRequest), Object(CodeIgniter\HTTP\Response), Object(CodeIgniter\Log\Logger))
 2 SYSTEMPATH/CodeIgniter.php(500): CodeIgniter\CodeIgniter->createController()
 3 SYSTEMPATH/CodeIgniter.php(355): CodeIgniter\CodeIgniter->handleRequest(null, Object(Config\Cache), false)
 4 SYSTEMPATH/Boot.php(325): CodeIgniter\CodeIgniter->run()
 5 SYSTEMPATH/Boot.php(67): CodeIgniter\Boot::runCodeIgniter(Object(CodeIgniter\CodeIgniter))
 6 FCPATH/index.php(56): CodeIgniter\Boot::bootWeb(Object(Config\Paths))
INFO - 2025-02-03 18:14:27 --> Session: Class initialized using 'CodeIgniter\Session\Handlers\FileHandler' driver.
WARNING - 2025-02-03 18:14:27 --> [DEPRECATED] Creation of dynamic property App\Controllers\Admin\Category::$session is deprecated in APPPATH/Controllers/Admin/BaseController.php on line 56.
 1 SYSTEMPATH/CodeIgniter.php(904): App\Controllers\Admin\BaseController->initController(Object(CodeIgniter\HTTP\IncomingRequest), Object(CodeIgniter\HTTP\Response), Object(CodeIgniter\Log\Logger))
 2 SYSTEMPATH/CodeIgniter.php(500): CodeIgniter\CodeIgniter->createController()
 3 SYSTEMPATH/CodeIgniter.php(355): CodeIgniter\CodeIgniter->handleRequest(null, Object(Config\Cache), false)
 4 SYSTEMPATH/Boot.php(325): CodeIgniter\CodeIgniter->run()
 5 SYSTEMPATH/Boot.php(67): CodeIgniter\Boot::runCodeIgniter(Object(CodeIgniter\CodeIgniter))
 6 FCPATH/index.php(56): CodeIgniter\Boot::bootWeb(Object(Config\Paths))
INFO - 2025-02-03 18:14:29 --> Session: Class initialized using 'CodeIgniter\Session\Handlers\FileHandler' driver.
WARNING - 2025-02-03 18:14:29 --> [DEPRECATED] Creation of dynamic property App\Controllers\Admin\Download::$session is deprecated in APPPATH/Controllers/Admin/BaseController.php on line 56.
 1 SYSTEMPATH/CodeIgniter.php(904): App\Controllers\Admin\BaseController->initController(Object(CodeIgniter\HTTP\IncomingRequest), Object(CodeIgniter\HTTP\Response), Object(CodeIgniter\Log\Logger))
 2 SYSTEMPATH/CodeIgniter.php(500): CodeIgniter\CodeIgniter->createController()
 3 SYSTEMPATH/CodeIgniter.php(355): CodeIgniter\CodeIgniter->handleRequest(null, Object(Config\Cache), false)
 4 SYSTEMPATH/Boot.php(325): CodeIgniter\CodeIgniter->run()
 5 SYSTEMPATH/Boot.php(67): CodeIgniter\Boot::runCodeIgniter(Object(CodeIgniter\CodeIgniter))
 6 FCPATH/index.php(56): CodeIgniter\Boot::bootWeb(Object(Config\Paths))
INFO - 2025-02-03 18:14:29 --> Session: Class initialized using 'CodeIgniter\Session\Handlers\FileHandler' driver.
WARNING - 2025-02-03 18:14:29 --> [DEPRECATED] Creation of dynamic property App\Controllers\Admin\Category::$session is deprecated in APPPATH/Controllers/Admin/BaseController.php on line 56.
 1 SYSTEMPATH/CodeIgniter.php(904): App\Controllers\Admin\BaseController->initController(Object(CodeIgniter\HTTP\IncomingRequest), Object(CodeIgniter\HTTP\Response), Object(CodeIgniter\Log\Logger))
 2 SYSTEMPATH/CodeIgniter.php(500): CodeIgniter\CodeIgniter->createController()
 3 SYSTEMPATH/CodeIgniter.php(355): CodeIgniter\CodeIgniter->handleRequest(null, Object(Config\Cache), false)
 4 SYSTEMPATH/Boot.php(325): CodeIgniter\CodeIgniter->run()
 5 SYSTEMPATH/Boot.php(67): CodeIgniter\Boot::runCodeIgniter(Object(CodeIgniter\CodeIgniter))
 6 FCPATH/index.php(56): CodeIgniter\Boot::bootWeb(Object(Config\Paths))
INFO - 2025-02-03 18:14:30 --> Session: Class initialized using 'CodeIgniter\Session\Handlers\FileHandler' driver.
WARNING - 2025-02-03 18:14:30 --> [DEPRECATED] Creation of dynamic property App\Controllers\Admin\Download::$session is deprecated in APPPATH/Controllers/Admin/BaseController.php on line 56.
 1 SYSTEMPATH/CodeIgniter.php(904): App\Controllers\Admin\BaseController->initController(Object(CodeIgniter\HTTP\IncomingRequest), Object(CodeIgniter\HTTP\Response), Object(CodeIgniter\Log\Logger))
 2 SYSTEMPATH/CodeIgniter.php(500): CodeIgniter\CodeIgniter->createController()
 3 SYSTEMPATH/CodeIgniter.php(355): CodeIgniter\CodeIgniter->handleRequest(null, Object(Config\Cache), false)
 4 SYSTEMPATH/Boot.php(325): CodeIgniter\CodeIgniter->run()
 5 SYSTEMPATH/Boot.php(67): CodeIgniter\Boot::runCodeIgniter(Object(CodeIgniter\CodeIgniter))
 6 FCPATH/index.php(56): CodeIgniter\Boot::bootWeb(Object(Config\Paths))
INFO - 2025-02-03 18:14:30 --> Session: Class initialized using 'CodeIgniter\Session\Handlers\FileHandler' driver.
WARNING - 2025-02-03 18:14:30 --> [DEPRECATED] Creation of dynamic property App\Controllers\Admin\Category::$session is deprecated in APPPATH/Controllers/Admin/BaseController.php on line 56.
 1 SYSTEMPATH/CodeIgniter.php(904): App\Controllers\Admin\BaseController->initController(Object(CodeIgniter\HTTP\IncomingRequest), Object(CodeIgniter\HTTP\Response), Object(CodeIgniter\Log\Logger))
 2 SYSTEMPATH/CodeIgniter.php(500): CodeIgniter\CodeIgniter->createController()
 3 SYSTEMPATH/CodeIgniter.php(355): CodeIgniter\CodeIgniter->handleRequest(null, Object(Config\Cache), false)
 4 SYSTEMPATH/Boot.php(325): CodeIgniter\CodeIgniter->run()
 5 SYSTEMPATH/Boot.php(67): CodeIgniter\Boot::runCodeIgniter(Object(CodeIgniter\CodeIgniter))
 6 FCPATH/index.php(56): CodeIgniter\Boot::bootWeb(Object(Config\Paths))
INFO - 2025-02-03 18:14:32 --> Session: Class initialized using 'CodeIgniter\Session\Handlers\FileHandler' driver.
WARNING - 2025-02-03 18:14:32 --> [DEPRECATED] Creation of dynamic property App\Controllers\Admin\Download::$session is deprecated in APPPATH/Controllers/Admin/BaseController.php on line 56.
 1 SYSTEMPATH/CodeIgniter.php(904): App\Controllers\Admin\BaseController->initController(Object(CodeIgniter\HTTP\IncomingRequest), Object(CodeIgniter\HTTP\Response), Object(CodeIgniter\Log\Logger))
 2 SYSTEMPATH/CodeIgniter.php(500): CodeIgniter\CodeIgniter->createController()
 3 SYSTEMPATH/CodeIgniter.php(355): CodeIgniter\CodeIgniter->handleRequest(null, Object(Config\Cache), false)
 4 SYSTEMPATH/Boot.php(325): CodeIgniter\CodeIgniter->run()
 5 SYSTEMPATH/Boot.php(67): CodeIgniter\Boot::runCodeIgniter(Object(CodeIgniter\CodeIgniter))
 6 FCPATH/index.php(56): CodeIgniter\Boot::bootWeb(Object(Config\Paths))
INFO - 2025-02-03 18:14:33 --> Session: Class initialized using 'CodeIgniter\Session\Handlers\FileHandler' driver.
WARNING - 2025-02-03 18:14:33 --> [DEPRECATED] Creation of dynamic property App\Controllers\Admin\Category::$session is deprecated in APPPATH/Controllers/Admin/BaseController.php on line 56.
 1 SYSTEMPATH/CodeIgniter.php(904): App\Controllers\Admin\BaseController->initController(Object(CodeIgniter\HTTP\IncomingRequest), Object(CodeIgniter\HTTP\Response), Object(CodeIgniter\Log\Logger))
 2 SYSTEMPATH/CodeIgniter.php(500): CodeIgniter\CodeIgniter->createController()
 3 SYSTEMPATH/CodeIgniter.php(355): CodeIgniter\CodeIgniter->handleRequest(null, Object(Config\Cache), false)
 4 SYSTEMPATH/Boot.php(325): CodeIgniter\CodeIgniter->run()
 5 SYSTEMPATH/Boot.php(67): CodeIgniter\Boot::runCodeIgniter(Object(CodeIgniter\CodeIgniter))
 6 FCPATH/index.php(56): CodeIgniter\Boot::bootWeb(Object(Config\Paths))
INFO - 2025-02-03 18:18:28 --> Session: Class initialized using 'CodeIgniter\Session\Handlers\FileHandler' driver.
WARNING - 2025-02-03 18:18:28 --> [DEPRECATED] Creation of dynamic property App\Controllers\Admin\Download::$session is deprecated in APPPATH/Controllers/Admin/BaseController.php on line 56.
 1 SYSTEMPATH/CodeIgniter.php(904): App\Controllers\Admin\BaseController->initController(Object(CodeIgniter\HTTP\IncomingRequest), Object(CodeIgniter\HTTP\Response), Object(CodeIgniter\Log\Logger))
 2 SYSTEMPATH/CodeIgniter.php(500): CodeIgniter\CodeIgniter->createController()
 3 SYSTEMPATH/CodeIgniter.php(355): CodeIgniter\CodeIgniter->handleRequest(null, Object(Config\Cache), false)
 4 SYSTEMPATH/Boot.php(325): CodeIgniter\CodeIgniter->run()
 5 SYSTEMPATH/Boot.php(67): CodeIgniter\Boot::runCodeIgniter(Object(CodeIgniter\CodeIgniter))
 6 FCPATH/index.php(56): CodeIgniter\Boot::bootWeb(Object(Config\Paths))
INFO - 2025-02-03 18:18:29 --> Session: Class initialized using 'CodeIgniter\Session\Handlers\FileHandler' driver.
WARNING - 2025-02-03 18:18:29 --> [DEPRECATED] Creation of dynamic property App\Controllers\Admin\Category::$session is deprecated in APPPATH/Controllers/Admin/BaseController.php on line 56.
 1 SYSTEMPATH/CodeIgniter.php(904): App\Controllers\Admin\BaseController->initController(Object(CodeIgniter\HTTP\IncomingRequest), Object(CodeIgniter\HTTP\Response), Object(CodeIgniter\Log\Logger))
 2 SYSTEMPATH/CodeIgniter.php(500): CodeIgniter\CodeIgniter->createController()
 3 SYSTEMPATH/CodeIgniter.php(355): CodeIgniter\CodeIgniter->handleRequest(null, Object(Config\Cache), false)
 4 SYSTEMPATH/Boot.php(325): CodeIgniter\CodeIgniter->run()
 5 SYSTEMPATH/Boot.php(67): CodeIgniter\Boot::runCodeIgniter(Object(CodeIgniter\CodeIgniter))
 6 FCPATH/index.php(56): CodeIgniter\Boot::bootWeb(Object(Config\Paths))
INFO - 2025-02-03 18:18:50 --> Session: Class initialized using 'CodeIgniter\Session\Handlers\FileHandler' driver.
WARNING - 2025-02-03 18:18:50 --> [DEPRECATED] Creation of dynamic property App\Controllers\Admin\Download::$session is deprecated in APPPATH/Controllers/Admin/BaseController.php on line 56.
 1 SYSTEMPATH/CodeIgniter.php(904): App\Controllers\Admin\BaseController->initController(Object(CodeIgniter\HTTP\IncomingRequest), Object(CodeIgniter\HTTP\Response), Object(CodeIgniter\Log\Logger))
 2 SYSTEMPATH/CodeIgniter.php(500): CodeIgniter\CodeIgniter->createController()
 3 SYSTEMPATH/CodeIgniter.php(355): CodeIgniter\CodeIgniter->handleRequest(null, Object(Config\Cache), false)
 4 SYSTEMPATH/Boot.php(325): CodeIgniter\CodeIgniter->run()
 5 SYSTEMPATH/Boot.php(67): CodeIgniter\Boot::runCodeIgniter(Object(CodeIgniter\CodeIgniter))
 6 FCPATH/index.php(56): CodeIgniter\Boot::bootWeb(Object(Config\Paths))
INFO - 2025-02-03 18:18:50 --> Session: Class initialized using 'CodeIgniter\Session\Handlers\FileHandler' driver.
WARNING - 2025-02-03 18:18:50 --> [DEPRECATED] Creation of dynamic property App\Controllers\Admin\Category::$session is deprecated in APPPATH/Controllers/Admin/BaseController.php on line 56.
 1 SYSTEMPATH/CodeIgniter.php(904): App\Controllers\Admin\BaseController->initController(Object(CodeIgniter\HTTP\IncomingRequest), Object(CodeIgniter\HTTP\Response), Object(CodeIgniter\Log\Logger))
 2 SYSTEMPATH/CodeIgniter.php(500): CodeIgniter\CodeIgniter->createController()
 3 SYSTEMPATH/CodeIgniter.php(355): CodeIgniter\CodeIgniter->handleRequest(null, Object(Config\Cache), false)
 4 SYSTEMPATH/Boot.php(325): CodeIgniter\CodeIgniter->run()
 5 SYSTEMPATH/Boot.php(67): CodeIgniter\Boot::runCodeIgniter(Object(CodeIgniter\CodeIgniter))
 6 FCPATH/index.php(56): CodeIgniter\Boot::bootWeb(Object(Config\Paths))
INFO - 2025-02-03 18:18:51 --> Session: Class initialized using 'CodeIgniter\Session\Handlers\FileHandler' driver.
WARNING - 2025-02-03 18:18:51 --> [DEPRECATED] Creation of dynamic property App\Controllers\Admin\Download::$session is deprecated in APPPATH/Controllers/Admin/BaseController.php on line 56.
 1 SYSTEMPATH/CodeIgniter.php(904): App\Controllers\Admin\BaseController->initController(Object(CodeIgniter\HTTP\IncomingRequest), Object(CodeIgniter\HTTP\Response), Object(CodeIgniter\Log\Logger))
 2 SYSTEMPATH/CodeIgniter.php(500): CodeIgniter\CodeIgniter->createController()
 3 SYSTEMPATH/CodeIgniter.php(355): CodeIgniter\CodeIgniter->handleRequest(null, Object(Config\Cache), false)
 4 SYSTEMPATH/Boot.php(325): CodeIgniter\CodeIgniter->run()
 5 SYSTEMPATH/Boot.php(67): CodeIgniter\Boot::runCodeIgniter(Object(CodeIgniter\CodeIgniter))
 6 FCPATH/index.php(56): CodeIgniter\Boot::bootWeb(Object(Config\Paths))
INFO - 2025-02-03 18:18:51 --> Session: Class initialized using 'CodeIgniter\Session\Handlers\FileHandler' driver.
WARNING - 2025-02-03 18:18:51 --> [DEPRECATED] Creation of dynamic property App\Controllers\Admin\Category::$session is deprecated in APPPATH/Controllers/Admin/BaseController.php on line 56.
 1 SYSTEMPATH/CodeIgniter.php(904): App\Controllers\Admin\BaseController->initController(Object(CodeIgniter\HTTP\IncomingRequest), Object(CodeIgniter\HTTP\Response), Object(CodeIgniter\Log\Logger))
 2 SYSTEMPATH/CodeIgniter.php(500): CodeIgniter\CodeIgniter->createController()
 3 SYSTEMPATH/CodeIgniter.php(355): CodeIgniter\CodeIgniter->handleRequest(null, Object(Config\Cache), false)
 4 SYSTEMPATH/Boot.php(325): CodeIgniter\CodeIgniter->run()
 5 SYSTEMPATH/Boot.php(67): CodeIgniter\Boot::runCodeIgniter(Object(CodeIgniter\CodeIgniter))
 6 FCPATH/index.php(56): CodeIgniter\Boot::bootWeb(Object(Config\Paths))
INFO - 2025-02-03 18:18:52 --> Session: Class initialized using 'CodeIgniter\Session\Handlers\FileHandler' driver.
WARNING - 2025-02-03 18:18:52 --> [DEPRECATED] Creation of dynamic property App\Controllers\Admin\Download::$session is deprecated in APPPATH/Controllers/Admin/BaseController.php on line 56.
 1 SYSTEMPATH/CodeIgniter.php(904): App\Controllers\Admin\BaseController->initController(Object(CodeIgniter\HTTP\IncomingRequest), Object(CodeIgniter\HTTP\Response), Object(CodeIgniter\Log\Logger))
 2 SYSTEMPATH/CodeIgniter.php(500): CodeIgniter\CodeIgniter->createController()
 3 SYSTEMPATH/CodeIgniter.php(355): CodeIgniter\CodeIgniter->handleRequest(null, Object(Config\Cache), false)
 4 SYSTEMPATH/Boot.php(325): CodeIgniter\CodeIgniter->run()
 5 SYSTEMPATH/Boot.php(67): CodeIgniter\Boot::runCodeIgniter(Object(CodeIgniter\CodeIgniter))
 6 FCPATH/index.php(56): CodeIgniter\Boot::bootWeb(Object(Config\Paths))
INFO - 2025-02-03 18:18:52 --> Session: Class initialized using 'CodeIgniter\Session\Handlers\FileHandler' driver.
WARNING - 2025-02-03 18:18:52 --> [DEPRECATED] Creation of dynamic property App\Controllers\Admin\Category::$session is deprecated in APPPATH/Controllers/Admin/BaseController.php on line 56.
 1 SYSTEMPATH/CodeIgniter.php(904): App\Controllers\Admin\BaseController->initController(Object(CodeIgniter\HTTP\IncomingRequest), Object(CodeIgniter\HTTP\Response), Object(CodeIgniter\Log\Logger))
 2 SYSTEMPATH/CodeIgniter.php(500): CodeIgniter\CodeIgniter->createController()
 3 SYSTEMPATH/CodeIgniter.php(355): CodeIgniter\CodeIgniter->handleRequest(null, Object(Config\Cache), false)
 4 SYSTEMPATH/Boot.php(325): CodeIgniter\CodeIgniter->run()
 5 SYSTEMPATH/Boot.php(67): CodeIgniter\Boot::runCodeIgniter(Object(CodeIgniter\CodeIgniter))
 6 FCPATH/index.php(56): CodeIgniter\Boot::bootWeb(Object(Config\Paths))
INFO - 2025-02-03 18:18:53 --> Session: Class initialized using 'CodeIgniter\Session\Handlers\FileHandler' driver.
WARNING - 2025-02-03 18:18:53 --> [DEPRECATED] Creation of dynamic property App\Controllers\Admin\Download::$session is deprecated in APPPATH/Controllers/Admin/BaseController.php on line 56.
 1 SYSTEMPATH/CodeIgniter.php(904): App\Controllers\Admin\BaseController->initController(Object(CodeIgniter\HTTP\IncomingRequest), Object(CodeIgniter\HTTP\Response), Object(CodeIgniter\Log\Logger))
 2 SYSTEMPATH/CodeIgniter.php(500): CodeIgniter\CodeIgniter->createController()
 3 SYSTEMPATH/CodeIgniter.php(355): CodeIgniter\CodeIgniter->handleRequest(null, Object(Config\Cache), false)
 4 SYSTEMPATH/Boot.php(325): CodeIgniter\CodeIgniter->run()
 5 SYSTEMPATH/Boot.php(67): CodeIgniter\Boot::runCodeIgniter(Object(CodeIgniter\CodeIgniter))
 6 FCPATH/index.php(56): CodeIgniter\Boot::bootWeb(Object(Config\Paths))
INFO - 2025-02-03 18:18:54 --> Session: Class initialized using 'CodeIgniter\Session\Handlers\FileHandler' driver.
WARNING - 2025-02-03 18:18:54 --> [DEPRECATED] Creation of dynamic property App\Controllers\Admin\Category::$session is deprecated in APPPATH/Controllers/Admin/BaseController.php on line 56.
 1 SYSTEMPATH/CodeIgniter.php(904): App\Controllers\Admin\BaseController->initController(Object(CodeIgniter\HTTP\IncomingRequest), Object(CodeIgniter\HTTP\Response), Object(CodeIgniter\Log\Logger))
 2 SYSTEMPATH/CodeIgniter.php(500): CodeIgniter\CodeIgniter->createController()
 3 SYSTEMPATH/CodeIgniter.php(355): CodeIgniter\CodeIgniter->handleRequest(null, Object(Config\Cache), false)
 4 SYSTEMPATH/Boot.php(325): CodeIgniter\CodeIgniter->run()
 5 SYSTEMPATH/Boot.php(67): CodeIgniter\Boot::runCodeIgniter(Object(CodeIgniter\CodeIgniter))
 6 FCPATH/index.php(56): CodeIgniter\Boot::bootWeb(Object(Config\Paths))
INFO - 2025-02-03 18:18:54 --> Session: Class initialized using 'CodeIgniter\Session\Handlers\FileHandler' driver.
WARNING - 2025-02-03 18:18:54 --> [DEPRECATED] Creation of dynamic property App\Controllers\Admin\Download::$session is deprecated in APPPATH/Controllers/Admin/BaseController.php on line 56.
 1 SYSTEMPATH/CodeIgniter.php(904): App\Controllers\Admin\BaseController->initController(Object(CodeIgniter\HTTP\IncomingRequest), Object(CodeIgniter\HTTP\Response), Object(CodeIgniter\Log\Logger))
 2 SYSTEMPATH/CodeIgniter.php(500): CodeIgniter\CodeIgniter->createController()
 3 SYSTEMPATH/CodeIgniter.php(355): CodeIgniter\CodeIgniter->handleRequest(null, Object(Config\Cache), false)
 4 SYSTEMPATH/Boot.php(325): CodeIgniter\CodeIgniter->run()
 5 SYSTEMPATH/Boot.php(67): CodeIgniter\Boot::runCodeIgniter(Object(CodeIgniter\CodeIgniter))
 6 FCPATH/index.php(56): CodeIgniter\Boot::bootWeb(Object(Config\Paths))
INFO - 2025-02-03 18:18:55 --> Session: Class initialized using 'CodeIgniter\Session\Handlers\FileHandler' driver.
WARNING - 2025-02-03 18:18:55 --> [DEPRECATED] Creation of dynamic property App\Controllers\Admin\Category::$session is deprecated in APPPATH/Controllers/Admin/BaseController.php on line 56.
 1 SYSTEMPATH/CodeIgniter.php(904): App\Controllers\Admin\BaseController->initController(Object(CodeIgniter\HTTP\IncomingRequest), Object(CodeIgniter\HTTP\Response), Object(CodeIgniter\Log\Logger))
 2 SYSTEMPATH/CodeIgniter.php(500): CodeIgniter\CodeIgniter->createController()
 3 SYSTEMPATH/CodeIgniter.php(355): CodeIgniter\CodeIgniter->handleRequest(null, Object(Config\Cache), false)
 4 SYSTEMPATH/Boot.php(325): CodeIgniter\CodeIgniter->run()
 5 SYSTEMPATH/Boot.php(67): CodeIgniter\Boot::runCodeIgniter(Object(CodeIgniter\CodeIgniter))
 6 FCPATH/index.php(56): CodeIgniter\Boot::bootWeb(Object(Config\Paths))
INFO - 2025-02-03 18:20:58 --> Session: Class initialized using 'CodeIgniter\Session\Handlers\FileHandler' driver.
WARNING - 2025-02-03 18:20:58 --> [DEPRECATED] Creation of dynamic property App\Controllers\Admin\Download::$session is deprecated in APPPATH/Controllers/Admin/BaseController.php on line 56.
 1 SYSTEMPATH/CodeIgniter.php(904): App\Controllers\Admin\BaseController->initController(Object(CodeIgniter\HTTP\IncomingRequest), Object(CodeIgniter\HTTP\Response), Object(CodeIgniter\Log\Logger))
 2 SYSTEMPATH/CodeIgniter.php(500): CodeIgniter\CodeIgniter->createController()
 3 SYSTEMPATH/CodeIgniter.php(355): CodeIgniter\CodeIgniter->handleRequest(null, Object(Config\Cache), false)
 4 SYSTEMPATH/Boot.php(325): CodeIgniter\CodeIgniter->run()
 5 SYSTEMPATH/Boot.php(67): CodeIgniter\Boot::runCodeIgniter(Object(CodeIgniter\CodeIgniter))
 6 FCPATH/index.php(56): CodeIgniter\Boot::bootWeb(Object(Config\Paths))
INFO - 2025-02-03 18:20:59 --> Session: Class initialized using 'CodeIgniter\Session\Handlers\FileHandler' driver.
WARNING - 2025-02-03 18:20:59 --> [DEPRECATED] Creation of dynamic property App\Controllers\Admin\Category::$session is deprecated in APPPATH/Controllers/Admin/BaseController.php on line 56.
 1 SYSTEMPATH/CodeIgniter.php(904): App\Controllers\Admin\BaseController->initController(Object(CodeIgniter\HTTP\IncomingRequest), Object(CodeIgniter\HTTP\Response), Object(CodeIgniter\Log\Logger))
 2 SYSTEMPATH/CodeIgniter.php(500): CodeIgniter\CodeIgniter->createController()
 3 SYSTEMPATH/CodeIgniter.php(355): CodeIgniter\CodeIgniter->handleRequest(null, Object(Config\Cache), false)
 4 SYSTEMPATH/Boot.php(325): CodeIgniter\CodeIgniter->run()
 5 SYSTEMPATH/Boot.php(67): CodeIgniter\Boot::runCodeIgniter(Object(CodeIgniter\CodeIgniter))
 6 FCPATH/index.php(56): CodeIgniter\Boot::bootWeb(Object(Config\Paths))
INFO - 2025-02-03 18:20:59 --> Session: Class initialized using 'CodeIgniter\Session\Handlers\FileHandler' driver.
WARNING - 2025-02-03 18:20:59 --> [DEPRECATED] Creation of dynamic property App\Controllers\Admin\Download::$session is deprecated in APPPATH/Controllers/Admin/BaseController.php on line 56.
 1 SYSTEMPATH/CodeIgniter.php(904): App\Controllers\Admin\BaseController->initController(Object(CodeIgniter\HTTP\IncomingRequest), Object(CodeIgniter\HTTP\Response), Object(CodeIgniter\Log\Logger))
 2 SYSTEMPATH/CodeIgniter.php(500): CodeIgniter\CodeIgniter->createController()
 3 SYSTEMPATH/CodeIgniter.php(355): CodeIgniter\CodeIgniter->handleRequest(null, Object(Config\Cache), false)
 4 SYSTEMPATH/Boot.php(325): CodeIgniter\CodeIgniter->run()
 5 SYSTEMPATH/Boot.php(67): CodeIgniter\Boot::runCodeIgniter(Object(CodeIgniter\CodeIgniter))
 6 FCPATH/index.php(56): CodeIgniter\Boot::bootWeb(Object(Config\Paths))
INFO - 2025-02-03 18:21:00 --> Session: Class initialized using 'CodeIgniter\Session\Handlers\FileHandler' driver.
WARNING - 2025-02-03 18:21:00 --> [DEPRECATED] Creation of dynamic property App\Controllers\Admin\Category::$session is deprecated in APPPATH/Controllers/Admin/BaseController.php on line 56.
 1 SYSTEMPATH/CodeIgniter.php(904): App\Controllers\Admin\BaseController->initController(Object(CodeIgniter\HTTP\IncomingRequest), Object(CodeIgniter\HTTP\Response), Object(CodeIgniter\Log\Logger))
 2 SYSTEMPATH/CodeIgniter.php(500): CodeIgniter\CodeIgniter->createController()
 3 SYSTEMPATH/CodeIgniter.php(355): CodeIgniter\CodeIgniter->handleRequest(null, Object(Config\Cache), false)
 4 SYSTEMPATH/Boot.php(325): CodeIgniter\CodeIgniter->run()
 5 SYSTEMPATH/Boot.php(67): CodeIgniter\Boot::runCodeIgniter(Object(CodeIgniter\CodeIgniter))
 6 FCPATH/index.php(56): CodeIgniter\Boot::bootWeb(Object(Config\Paths))
INFO - 2025-02-03 18:21:00 --> Session: Class initialized using 'CodeIgniter\Session\Handlers\FileHandler' driver.
WARNING - 2025-02-03 18:21:00 --> [DEPRECATED] Creation of dynamic property App\Controllers\Admin\Download::$session is deprecated in APPPATH/Controllers/Admin/BaseController.php on line 56.
 1 SYSTEMPATH/CodeIgniter.php(904): App\Controllers\Admin\BaseController->initController(Object(CodeIgniter\HTTP\IncomingRequest), Object(CodeIgniter\HTTP\Response), Object(CodeIgniter\Log\Logger))
 2 SYSTEMPATH/CodeIgniter.php(500): CodeIgniter\CodeIgniter->createController()
 3 SYSTEMPATH/CodeIgniter.php(355): CodeIgniter\CodeIgniter->handleRequest(null, Object(Config\Cache), false)
 4 SYSTEMPATH/Boot.php(325): CodeIgniter\CodeIgniter->run()
 5 SYSTEMPATH/Boot.php(67): CodeIgniter\Boot::runCodeIgniter(Object(CodeIgniter\CodeIgniter))
 6 FCPATH/index.php(56): CodeIgniter\Boot::bootWeb(Object(Config\Paths))
INFO - 2025-02-03 18:21:01 --> Session: Class initialized using 'CodeIgniter\Session\Handlers\FileHandler' driver.
WARNING - 2025-02-03 18:21:01 --> [DEPRECATED] Creation of dynamic property App\Controllers\Admin\Category::$session is deprecated in APPPATH/Controllers/Admin/BaseController.php on line 56.
 1 SYSTEMPATH/CodeIgniter.php(904): App\Controllers\Admin\BaseController->initController(Object(CodeIgniter\HTTP\IncomingRequest), Object(CodeIgniter\HTTP\Response), Object(CodeIgniter\Log\Logger))
 2 SYSTEMPATH/CodeIgniter.php(500): CodeIgniter\CodeIgniter->createController()
 3 SYSTEMPATH/CodeIgniter.php(355): CodeIgniter\CodeIgniter->handleRequest(null, Object(Config\Cache), false)
 4 SYSTEMPATH/Boot.php(325): CodeIgniter\CodeIgniter->run()
 5 SYSTEMPATH/Boot.php(67): CodeIgniter\Boot::runCodeIgniter(Object(CodeIgniter\CodeIgniter))
 6 FCPATH/index.php(56): CodeIgniter\Boot::bootWeb(Object(Config\Paths))
INFO - 2025-02-03 18:22:43 --> Session: Class initialized using 'CodeIgniter\Session\Handlers\FileHandler' driver.
WARNING - 2025-02-03 18:22:43 --> [DEPRECATED] Creation of dynamic property App\Controllers\Admin\Download::$session is deprecated in APPPATH/Controllers/Admin/BaseController.php on line 56.
 1 SYSTEMPATH/CodeIgniter.php(904): App\Controllers\Admin\BaseController->initController(Object(CodeIgniter\HTTP\IncomingRequest), Object(CodeIgniter\HTTP\Response), Object(CodeIgniter\Log\Logger))
 2 SYSTEMPATH/CodeIgniter.php(500): CodeIgniter\CodeIgniter->createController()
 3 SYSTEMPATH/CodeIgniter.php(355): CodeIgniter\CodeIgniter->handleRequest(null, Object(Config\Cache), false)
 4 SYSTEMPATH/Boot.php(325): CodeIgniter\CodeIgniter->run()
 5 SYSTEMPATH/Boot.php(67): CodeIgniter\Boot::runCodeIgniter(Object(CodeIgniter\CodeIgniter))
 6 FCPATH/index.php(56): CodeIgniter\Boot::bootWeb(Object(Config\Paths))
CRITICAL - 2025-02-03 18:22:43 --> ErrorException: Undefined array key "folder_path"
[Method: POST, Route: admin/download/add]
in APPPATH/Controllers/Admin/Download.php on line 65.
 1 APPPATH/Controllers/Admin/Download.php(65): CodeIgniter\Debug\Exceptions->errorHandler(2, 'Undefined array key "folder_path"', '/home/vol2_8/byethost24.com/b24_38059003/htdocs/app/Controllers/Admin/Download.php', 65)
 2 SYSTEMPATH/CodeIgniter.php(933): App\Controllers\Admin\Download->Add()
 3 SYSTEMPATH/CodeIgniter.php(509): CodeIgniter\CodeIgniter->runController(Object(App\Controllers\Admin\Download))
 4 SYSTEMPATH/CodeIgniter.php(355): CodeIgniter\CodeIgniter->handleRequest(null, Object(Config\Cache), false)
 5 SYSTEMPATH/Boot.php(325): CodeIgniter\CodeIgniter->run()
 6 SYSTEMPATH/Boot.php(67): CodeIgniter\Boot::runCodeIgniter(Object(CodeIgniter\CodeIgniter))
 7 FCPATH/index.php(56): CodeIgniter\Boot::bootWeb(Object(Config\Paths))
INFO - 2025-02-03 18:24:10 --> Session: Class initialized using 'CodeIgniter\Session\Handlers\FileHandler' driver.
WARNING - 2025-02-03 18:24:10 --> [DEPRECATED] Creation of dynamic property App\Controllers\Admin\Download::$session is deprecated in APPPATH/Controllers/Admin/BaseController.php on line 56.
 1 SYSTEMPATH/CodeIgniter.php(904): App\Controllers\Admin\BaseController->initController(Object(CodeIgniter\HTTP\IncomingRequest), Object(CodeIgniter\HTTP\Response), Object(CodeIgniter\Log\Logger))
 2 SYSTEMPATH/CodeIgniter.php(500): CodeIgniter\CodeIgniter->createController()
 3 SYSTEMPATH/CodeIgniter.php(355): CodeIgniter\CodeIgniter->handleRequest(null, Object(Config\Cache), false)
 4 SYSTEMPATH/Boot.php(325): CodeIgniter\CodeIgniter->run()
 5 SYSTEMPATH/Boot.php(67): CodeIgniter\Boot::runCodeIgniter(Object(CodeIgniter\CodeIgniter))
 6 FCPATH/index.php(56): CodeIgniter\Boot::bootWeb(Object(Config\Paths))
INFO - 2025-02-03 18:24:10 --> Session: Class initialized using 'CodeIgniter\Session\Handlers\FileHandler' driver.
WARNING - 2025-02-03 18:24:10 --> [DEPRECATED] Creation of dynamic property App\Controllers\Admin\Category::$session is deprecated in APPPATH/Controllers/Admin/BaseController.php on line 56.
 1 SYSTEMPATH/CodeIgniter.php(904): App\Controllers\Admin\BaseController->initController(Object(CodeIgniter\HTTP\IncomingRequest), Object(CodeIgniter\HTTP\Response), Object(CodeIgniter\Log\Logger))
 2 SYSTEMPATH/CodeIgniter.php(500): CodeIgniter\CodeIgniter->createController()
 3 SYSTEMPATH/CodeIgniter.php(355): CodeIgniter\CodeIgniter->handleRequest(null, Object(Config\Cache), false)
 4 SYSTEMPATH/Boot.php(325): CodeIgniter\CodeIgniter->run()
 5 SYSTEMPATH/Boot.php(67): CodeIgniter\Boot::runCodeIgniter(Object(CodeIgniter\CodeIgniter))
 6 FCPATH/index.php(56): CodeIgniter\Boot::bootWeb(Object(Config\Paths))
INFO - 2025-02-03 18:25:26 --> Session: Class initialized using 'CodeIgniter\Session\Handlers\FileHandler' driver.
WARNING - 2025-02-03 18:25:26 --> [DEPRECATED] Creation of dynamic property App\Controllers\Admin\Download::$session is deprecated in APPPATH/Controllers/Admin/BaseController.php on line 56.
 1 SYSTEMPATH/CodeIgniter.php(904): App\Controllers\Admin\BaseController->initController(Object(CodeIgniter\HTTP\IncomingRequest), Object(CodeIgniter\HTTP\Response), Object(CodeIgniter\Log\Logger))
 2 SYSTEMPATH/CodeIgniter.php(500): CodeIgniter\CodeIgniter->createController()
 3 SYSTEMPATH/CodeIgniter.php(355): CodeIgniter\CodeIgniter->handleRequest(null, Object(Config\Cache), false)
 4 SYSTEMPATH/Boot.php(325): CodeIgniter\CodeIgniter->run()
 5 SYSTEMPATH/Boot.php(67): CodeIgniter\Boot::runCodeIgniter(Object(CodeIgniter\CodeIgniter))
 6 FCPATH/index.php(56): CodeIgniter\Boot::bootWeb(Object(Config\Paths))
INFO - 2025-02-03 18:25:27 --> Session: Class initialized using 'CodeIgniter\Session\Handlers\FileHandler' driver.
WARNING - 2025-02-03 18:25:27 --> [DEPRECATED] Creation of dynamic property App\Controllers\Admin\Category::$session is deprecated in APPPATH/Controllers/Admin/BaseController.php on line 56.
 1 SYSTEMPATH/CodeIgniter.php(904): App\Controllers\Admin\BaseController->initController(Object(CodeIgniter\HTTP\IncomingRequest), Object(CodeIgniter\HTTP\Response), Object(CodeIgniter\Log\Logger))
 2 SYSTEMPATH/CodeIgniter.php(500): CodeIgniter\CodeIgniter->createController()
 3 SYSTEMPATH/CodeIgniter.php(355): CodeIgniter\CodeIgniter->handleRequest(null, Object(Config\Cache), false)
 4 SYSTEMPATH/Boot.php(325): CodeIgniter\CodeIgniter->run()
 5 SYSTEMPATH/Boot.php(67): CodeIgniter\Boot::runCodeIgniter(Object(CodeIgniter\CodeIgniter))
 6 FCPATH/index.php(56): CodeIgniter\Boot::bootWeb(Object(Config\Paths))
INFO - 2025-02-03 18:27:55 --> Session: Class initialized using 'CodeIgniter\Session\Handlers\FileHandler' driver.
WARNING - 2025-02-03 18:27:55 --> [DEPRECATED] Creation of dynamic property App\Controllers\Admin\Download::$session is deprecated in APPPATH/Controllers/Admin/BaseController.php on line 56.
 1 SYSTEMPATH/CodeIgniter.php(904): App\Controllers\Admin\BaseController->initController(Object(CodeIgniter\HTTP\IncomingRequest), Object(CodeIgniter\HTTP\Response), Object(CodeIgniter\Log\Logger))
 2 SYSTEMPATH/CodeIgniter.php(500): CodeIgniter\CodeIgniter->createController()
 3 SYSTEMPATH/CodeIgniter.php(355): CodeIgniter\CodeIgniter->handleRequest(null, Object(Config\Cache), false)
 4 SYSTEMPATH/Boot.php(325): CodeIgniter\CodeIgniter->run()
 5 SYSTEMPATH/Boot.php(67): CodeIgniter\Boot::runCodeIgniter(Object(CodeIgniter\CodeIgniter))
 6 FCPATH/index.php(56): CodeIgniter\Boot::bootWeb(Object(Config\Paths))
INFO - 2025-02-03 18:27:56 --> Session: Class initialized using 'CodeIgniter\Session\Handlers\FileHandler' driver.
WARNING - 2025-02-03 18:27:56 --> [DEPRECATED] Creation of dynamic property App\Controllers\Admin\Category::$session is deprecated in APPPATH/Controllers/Admin/BaseController.php on line 56.
 1 SYSTEMPATH/CodeIgniter.php(904): App\Controllers\Admin\BaseController->initController(Object(CodeIgniter\HTTP\IncomingRequest), Object(CodeIgniter\HTTP\Response), Object(CodeIgniter\Log\Logger))
 2 SYSTEMPATH/CodeIgniter.php(500): CodeIgniter\CodeIgniter->createController()
 3 SYSTEMPATH/CodeIgniter.php(355): CodeIgniter\CodeIgniter->handleRequest(null, Object(Config\Cache), false)
 4 SYSTEMPATH/Boot.php(325): CodeIgniter\CodeIgniter->run()
 5 SYSTEMPATH/Boot.php(67): CodeIgniter\Boot::runCodeIgniter(Object(CodeIgniter\CodeIgniter))
 6 FCPATH/index.php(56): CodeIgniter\Boot::bootWeb(Object(Config\Paths))
INFO - 2025-02-03 18:29:02 --> Session: Class initialized using 'CodeIgniter\Session\Handlers\FileHandler' driver.
WARNING - 2025-02-03 18:29:02 --> [DEPRECATED] Creation of dynamic property App\Controllers\Admin\Download::$session is deprecated in APPPATH/Controllers/Admin/BaseController.php on line 56.
 1 SYSTEMPATH/CodeIgniter.php(904): App\Controllers\Admin\BaseController->initController(Object(CodeIgniter\HTTP\IncomingRequest), Object(CodeIgniter\HTTP\Response), Object(CodeIgniter\Log\Logger))
 2 SYSTEMPATH/CodeIgniter.php(500): CodeIgniter\CodeIgniter->createController()
 3 SYSTEMPATH/CodeIgniter.php(355): CodeIgniter\CodeIgniter->handleRequest(null, Object(Config\Cache), false)
 4 SYSTEMPATH/Boot.php(325): CodeIgniter\CodeIgniter->run()
 5 SYSTEMPATH/Boot.php(67): CodeIgniter\Boot::runCodeIgniter(Object(CodeIgniter\CodeIgniter))
 6 FCPATH/index.php(56): CodeIgniter\Boot::bootWeb(Object(Config\Paths))
INFO - 2025-02-03 18:29:10 --> Session: Class initialized using 'CodeIgniter\Session\Handlers\FileHandler' driver.
WARNING - 2025-02-03 18:29:10 --> [DEPRECATED] Creation of dynamic property App\Controllers\Admin\Download::$session is deprecated in APPPATH/Controllers/Admin/BaseController.php on line 56.
 1 SYSTEMPATH/CodeIgniter.php(904): App\Controllers\Admin\BaseController->initController(Object(CodeIgniter\HTTP\IncomingRequest), Object(CodeIgniter\HTTP\Response), Object(CodeIgniter\Log\Logger))
 2 SYSTEMPATH/CodeIgniter.php(500): CodeIgniter\CodeIgniter->createController()
 3 SYSTEMPATH/CodeIgniter.php(355): CodeIgniter\CodeIgniter->handleRequest(null, Object(Config\Cache), false)
 4 SYSTEMPATH/Boot.php(325): CodeIgniter\CodeIgniter->run()
 5 SYSTEMPATH/Boot.php(67): CodeIgniter\Boot::runCodeIgniter(Object(CodeIgniter\CodeIgniter))
 6 FCPATH/index.php(56): CodeIgniter\Boot::bootWeb(Object(Config\Paths))
INFO - 2025-02-03 18:29:11 --> Session: Class initialized using 'CodeIgniter\Session\Handlers\FileHandler' driver.
WARNING - 2025-02-03 18:29:11 --> [DEPRECATED] Creation of dynamic property App\Controllers\Admin\Category::$session is deprecated in APPPATH/Controllers/Admin/BaseController.php on line 56.
 1 SYSTEMPATH/CodeIgniter.php(904): App\Controllers\Admin\BaseController->initController(Object(CodeIgniter\HTTP\IncomingRequest), Object(CodeIgniter\HTTP\Response), Object(CodeIgniter\Log\Logger))
 2 SYSTEMPATH/CodeIgniter.php(500): CodeIgniter\CodeIgniter->createController()
 3 SYSTEMPATH/CodeIgniter.php(355): CodeIgniter\CodeIgniter->handleRequest(null, Object(Config\Cache), false)
 4 SYSTEMPATH/Boot.php(325): CodeIgniter\CodeIgniter->run()
 5 SYSTEMPATH/Boot.php(67): CodeIgniter\Boot::runCodeIgniter(Object(CodeIgniter\CodeIgniter))
 6 FCPATH/index.php(56): CodeIgniter\Boot::bootWeb(Object(Config\Paths))
INFO - 2025-02-03 18:31:07 --> Session: Class initialized using 'CodeIgniter\Session\Handlers\FileHandler' driver.
INFO - 2025-02-03 18:31:12 --> Session: Class initialized using 'CodeIgniter\Session\Handlers\FileHandler' driver.
INFO - 2025-02-03 18:31:18 --> Session: Class initialized using 'CodeIgniter\Session\Handlers\FileHandler' driver.
INFO - 2025-02-03 18:31:23 --> Session: Class initialized using 'CodeIgniter\Session\Handlers\FileHandler' driver.
INFO - 2025-02-03 18:31:28 --> Session: Class initialized using 'CodeIgniter\Session\Handlers\FileHandler' driver.
INFO - 2025-02-03 18:31:31 --> Session: Class initialized using 'CodeIgniter\Session\Handlers\FileHandler' driver.
INFO - 2025-02-03 18:31:33 --> Session: Class initialized using 'CodeIgniter\Session\Handlers\FileHandler' driver.
INFO - 2025-02-03 18:31:35 --> Session: Class initialized using 'CodeIgniter\Session\Handlers\FileHandler' driver.
INFO - 2025-02-03 18:31:37 --> Session: Class initialized using 'CodeIgniter\Session\Handlers\FileHandler' driver.
INFO - 2025-02-03 18:31:40 --> Session: Class initialized using 'CodeIgniter\Session\Handlers\FileHandler' driver.
INFO - 2025-02-03 18:31:42 --> Session: Class initialized using 'CodeIgniter\Session\Handlers\FileHandler' driver.
INFO - 2025-02-03 18:31:44 --> Session: Class initialized using 'CodeIgniter\Session\Handlers\FileHandler' driver.
INFO - 2025-02-03 18:31:47 --> Session: Class initialized using 'CodeIgniter\Session\Handlers\FileHandler' driver.
INFO - 2025-02-03 18:31:49 --> Session: Class initialized using 'CodeIgniter\Session\Handlers\FileHandler' driver.
INFO - 2025-02-03 18:32:08 --> Session: Class initialized using 'CodeIgniter\Session\Handlers\FileHandler' driver.
WARNING - 2025-02-03 18:32:08 --> [DEPRECATED] Creation of dynamic property App\Controllers\Admin\Download::$session is deprecated in APPPATH/Controllers/Admin/BaseController.php on line 56.
 1 SYSTEMPATH/CodeIgniter.php(904): App\Controllers\Admin\BaseController->initController(Object(CodeIgniter\HTTP\IncomingRequest), Object(CodeIgniter\HTTP\Response), Object(CodeIgniter\Log\Logger))
 2 SYSTEMPATH/CodeIgniter.php(500): CodeIgniter\CodeIgniter->createController()
 3 SYSTEMPATH/CodeIgniter.php(355): CodeIgniter\CodeIgniter->handleRequest(null, Object(Config\Cache), false)
 4 SYSTEMPATH/Boot.php(325): CodeIgniter\CodeIgniter->run()
 5 SYSTEMPATH/Boot.php(67): CodeIgniter\Boot::runCodeIgniter(Object(CodeIgniter\CodeIgniter))
 6 FCPATH/index.php(56): CodeIgniter\Boot::bootWeb(Object(Config\Paths))
CRITICAL - 2025-02-03 18:32:08 --> ErrorException: Undefined array key "folder_path"
[Method: POST, Route: admin/download/add]
in APPPATH/Controllers/Admin/Download.php on line 65.
 1 APPPATH/Controllers/Admin/Download.php(65): CodeIgniter\Debug\Exceptions->errorHandler(2, 'Undefined array key "folder_path"', '/home/vol2_8/byethost24.com/b24_38059003/htdocs/app/Controllers/Admin/Download.php', 65)
 2 SYSTEMPATH/CodeIgniter.php(933): App\Controllers\Admin\Download->Add()
 3 SYSTEMPATH/CodeIgniter.php(509): CodeIgniter\CodeIgniter->runController(Object(App\Controllers\Admin\Download))
 4 SYSTEMPATH/CodeIgniter.php(355): CodeIgniter\CodeIgniter->handleRequest(null, Object(Config\Cache), false)
 5 SYSTEMPATH/Boot.php(325): CodeIgniter\CodeIgniter->run()
 6 SYSTEMPATH/Boot.php(67): CodeIgniter\Boot::runCodeIgniter(Object(CodeIgniter\CodeIgniter))
 7 FCPATH/index.php(56): CodeIgniter\Boot::bootWeb(Object(Config\Paths))
INFO - 2025-02-03 18:32:31 --> Session: Class initialized using 'CodeIgniter\Session\Handlers\FileHandler' driver.
INFO - 2025-02-03 18:32:54 --> Session: Class initialized using 'CodeIgniter\Session\Handlers\FileHandler' driver.
INFO - 2025-02-03 18:33:09 --> Session: Class initialized using 'CodeIgniter\Session\Handlers\FileHandler' driver.
WARNING - 2025-02-03 18:33:09 --> [DEPRECATED] Creation of dynamic property App\Controllers\Admin\Download::$session is deprecated in APPPATH/Controllers/Admin/BaseController.php on line 56.
 1 SYSTEMPATH/CodeIgniter.php(904): App\Controllers\Admin\BaseController->initController(Object(CodeIgniter\HTTP\IncomingRequest), Object(CodeIgniter\HTTP\Response), Object(CodeIgniter\Log\Logger))
 2 SYSTEMPATH/CodeIgniter.php(500): CodeIgniter\CodeIgniter->createController()
 3 SYSTEMPATH/CodeIgniter.php(355): CodeIgniter\CodeIgniter->handleRequest(null, Object(Config\Cache), false)
 4 SYSTEMPATH/Boot.php(325): CodeIgniter\CodeIgniter->run()
 5 SYSTEMPATH/Boot.php(67): CodeIgniter\Boot::runCodeIgniter(Object(CodeIgniter\CodeIgniter))
 6 FCPATH/index.php(56): CodeIgniter\Boot::bootWeb(Object(Config\Paths))
INFO - 2025-02-03 18:33:12 --> Session: Class initialized using 'CodeIgniter\Session\Handlers\FileHandler' driver.
INFO - 2025-02-03 18:33:15 --> Session: Class initialized using 'CodeIgniter\Session\Handlers\FileHandler' driver.
INFO - 2025-02-03 18:33:18 --> Session: Class initialized using 'CodeIgniter\Session\Handlers\FileHandler' driver.
INFO - 2025-02-03 18:33:20 --> Session: Class initialized using 'CodeIgniter\Session\Handlers\FileHandler' driver.
WARNING - 2025-02-03 18:33:20 --> [DEPRECATED] Creation of dynamic property App\Controllers\Admin\Download::$session is deprecated in APPPATH/Controllers/Admin/BaseController.php on line 56.
 1 SYSTEMPATH/CodeIgniter.php(904): App\Controllers\Admin\BaseController->initController(Object(CodeIgniter\HTTP\IncomingRequest), Object(CodeIgniter\HTTP\Response), Object(CodeIgniter\Log\Logger))
 2 SYSTEMPATH/CodeIgniter.php(500): CodeIgniter\CodeIgniter->createController()
 3 SYSTEMPATH/CodeIgniter.php(355): CodeIgniter\CodeIgniter->handleRequest(null, Object(Config\Cache), false)
 4 SYSTEMPATH/Boot.php(325): CodeIgniter\CodeIgniter->run()
 5 SYSTEMPATH/Boot.php(67): CodeIgniter\Boot::runCodeIgniter(Object(CodeIgniter\CodeIgniter))
 6 FCPATH/index.php(56): CodeIgniter\Boot::bootWeb(Object(Config\Paths))
INFO - 2025-02-03 18:33:20 --> Session: Class initialized using 'CodeIgniter\Session\Handlers\FileHandler' driver.
WARNING - 2025-02-03 18:33:20 --> [DEPRECATED] Creation of dynamic property App\Controllers\Admin\Category::$session is deprecated in APPPATH/Controllers/Admin/BaseController.php on line 56.
 1 SYSTEMPATH/CodeIgniter.php(904): App\Controllers\Admin\BaseController->initController(Object(CodeIgniter\HTTP\IncomingRequest), Object(CodeIgniter\HTTP\Response), Object(CodeIgniter\Log\Logger))
 2 SYSTEMPATH/CodeIgniter.php(500): CodeIgniter\CodeIgniter->createController()
 3 SYSTEMPATH/CodeIgniter.php(355): CodeIgniter\CodeIgniter->handleRequest(null, Object(Config\Cache), false)
 4 SYSTEMPATH/Boot.php(325): CodeIgniter\CodeIgniter->run()
 5 SYSTEMPATH/Boot.php(67): CodeIgniter\Boot::runCodeIgniter(Object(CodeIgniter\CodeIgniter))
 6 FCPATH/index.php(56): CodeIgniter\Boot::bootWeb(Object(Config\Paths))
INFO - 2025-02-03 18:33:21 --> Session: Class initialized using 'CodeIgniter\Session\Handlers\FileHandler' driver.
WARNING - 2025-02-03 18:33:21 --> [DEPRECATED] Creation of dynamic property App\Controllers\Admin\Download::$session is deprecated in APPPATH/Controllers/Admin/BaseController.php on line 56.
 1 SYSTEMPATH/CodeIgniter.php(904): App\Controllers\Admin\BaseController->initController(Object(CodeIgniter\HTTP\IncomingRequest), Object(CodeIgniter\HTTP\Response), Object(CodeIgniter\Log\Logger))
 2 SYSTEMPATH/CodeIgniter.php(500): CodeIgniter\CodeIgniter->createController()
 3 SYSTEMPATH/CodeIgniter.php(355): CodeIgniter\CodeIgniter->handleRequest(null, Object(Config\Cache), false)
 4 SYSTEMPATH/Boot.php(325): CodeIgniter\CodeIgniter->run()
 5 SYSTEMPATH/Boot.php(67): CodeIgniter\Boot::runCodeIgniter(Object(CodeIgniter\CodeIgniter))
 6 FCPATH/index.php(56): CodeIgniter\Boot::bootWeb(Object(Config\Paths))
INFO - 2025-02-03 18:33:22 --> Session: Class initialized using 'CodeIgniter\Session\Handlers\FileHandler' driver.
WARNING - 2025-02-03 18:33:22 --> [DEPRECATED] Creation of dynamic property App\Controllers\Admin\Category::$session is deprecated in APPPATH/Controllers/Admin/BaseController.php on line 56.
 1 SYSTEMPATH/CodeIgniter.php(904): App\Controllers\Admin\BaseController->initController(Object(CodeIgniter\HTTP\IncomingRequest), Object(CodeIgniter\HTTP\Response), Object(CodeIgniter\Log\Logger))
 2 SYSTEMPATH/CodeIgniter.php(500): CodeIgniter\CodeIgniter->createController()
 3 SYSTEMPATH/CodeIgniter.php(355): CodeIgniter\CodeIgniter->handleRequest(null, Object(Config\Cache), false)
 4 SYSTEMPATH/Boot.php(325): CodeIgniter\CodeIgniter->run()
 5 SYSTEMPATH/Boot.php(67): CodeIgniter\Boot::runCodeIgniter(Object(CodeIgniter\CodeIgniter))
 6 FCPATH/index.php(56): CodeIgniter\Boot::bootWeb(Object(Config\Paths))
INFO - 2025-02-03 18:34:04 --> Session: Class initialized using 'CodeIgniter\Session\Handlers\FileHandler' driver.
WARNING - 2025-02-03 18:34:04 --> [DEPRECATED] Creation of dynamic property App\Controllers\Admin\Download::$session is deprecated in APPPATH/Controllers/Admin/BaseController.php on line 56.
 1 SYSTEMPATH/CodeIgniter.php(904): App\Controllers\Admin\BaseController->initController(Object(CodeIgniter\HTTP\IncomingRequest), Object(CodeIgniter\HTTP\Response), Object(CodeIgniter\Log\Logger))
 2 SYSTEMPATH/CodeIgniter.php(500): CodeIgniter\CodeIgniter->createController()
 3 SYSTEMPATH/CodeIgniter.php(355): CodeIgniter\CodeIgniter->handleRequest(null, Object(Config\Cache), false)
 4 SYSTEMPATH/Boot.php(325): CodeIgniter\CodeIgniter->run()
 5 SYSTEMPATH/Boot.php(67): CodeIgniter\Boot::runCodeIgniter(Object(CodeIgniter\CodeIgniter))
 6 FCPATH/index.php(56): CodeIgniter\Boot::bootWeb(Object(Config\Paths))
INFO - 2025-02-03 18:34:10 --> Session: Class initialized using 'CodeIgniter\Session\Handlers\FileHandler' driver.
WARNING - 2025-02-03 18:34:10 --> [DEPRECATED] Creation of dynamic property App\Controllers\Admin\Download::$session is deprecated in APPPATH/Controllers/Admin/BaseController.php on line 56.
 1 SYSTEMPATH/CodeIgniter.php(904): App\Controllers\Admin\BaseController->initController(Object(CodeIgniter\HTTP\IncomingRequest), Object(CodeIgniter\HTTP\Response), Object(CodeIgniter\Log\Logger))
 2 SYSTEMPATH/CodeIgniter.php(500): CodeIgniter\CodeIgniter->createController()
 3 SYSTEMPATH/CodeIgniter.php(355): CodeIgniter\CodeIgniter->handleRequest(null, Object(Config\Cache), false)
 4 SYSTEMPATH/Boot.php(325): CodeIgniter\CodeIgniter->run()
 5 SYSTEMPATH/Boot.php(67): CodeIgniter\Boot::runCodeIgniter(Object(CodeIgniter\CodeIgniter))
 6 FCPATH/index.php(56): CodeIgniter\Boot::bootWeb(Object(Config\Paths))
INFO - 2025-02-03 18:34:12 --> Session: Class initialized using 'CodeIgniter\Session\Handlers\FileHandler' driver.
WARNING - 2025-02-03 18:34:12 --> [DEPRECATED] Creation of dynamic property App\Controllers\Admin\Download::$session is deprecated in APPPATH/Controllers/Admin/BaseController.php on line 56.
 1 SYSTEMPATH/CodeIgniter.php(904): App\Controllers\Admin\BaseController->initController(Object(CodeIgniter\HTTP\IncomingRequest), Object(CodeIgniter\HTTP\Response), Object(CodeIgniter\Log\Logger))
 2 SYSTEMPATH/CodeIgniter.php(500): CodeIgniter\CodeIgniter->createController()
 3 SYSTEMPATH/CodeIgniter.php(355): CodeIgniter\CodeIgniter->handleRequest(null, Object(Config\Cache), false)
 4 SYSTEMPATH/Boot.php(325): CodeIgniter\CodeIgniter->run()
 5 SYSTEMPATH/Boot.php(67): CodeIgniter\Boot::runCodeIgniter(Object(CodeIgniter\CodeIgniter))
 6 FCPATH/index.php(56): CodeIgniter\Boot::bootWeb(Object(Config\Paths))
INFO - 2025-02-03 18:34:13 --> Session: Class initialized using 'CodeIgniter\Session\Handlers\FileHandler' driver.
WARNING - 2025-02-03 18:34:13 --> [DEPRECATED] Creation of dynamic property App\Controllers\Admin\Category::$session is deprecated in APPPATH/Controllers/Admin/BaseController.php on line 56.
 1 SYSTEMPATH/CodeIgniter.php(904): App\Controllers\Admin\BaseController->initController(Object(CodeIgniter\HTTP\IncomingRequest), Object(CodeIgniter\HTTP\Response), Object(CodeIgniter\Log\Logger))
 2 SYSTEMPATH/CodeIgniter.php(500): CodeIgniter\CodeIgniter->createController()
 3 SYSTEMPATH/CodeIgniter.php(355): CodeIgniter\CodeIgniter->handleRequest(null, Object(Config\Cache), false)
 4 SYSTEMPATH/Boot.php(325): CodeIgniter\CodeIgniter->run()
 5 SYSTEMPATH/Boot.php(67): CodeIgniter\Boot::runCodeIgniter(Object(CodeIgniter\CodeIgniter))
 6 FCPATH/index.php(56): CodeIgniter\Boot::bootWeb(Object(Config\Paths))
INFO - 2025-02-03 18:34:38 --> Session: Class initialized using 'CodeIgniter\Session\Handlers\FileHandler' driver.
WARNING - 2025-02-03 18:34:38 --> [DEPRECATED] Creation of dynamic property App\Controllers\Admin\Download::$session is deprecated in APPPATH/Controllers/Admin/BaseController.php on line 56.
 1 SYSTEMPATH/CodeIgniter.php(904): App\Controllers\Admin\BaseController->initController(Object(CodeIgniter\HTTP\IncomingRequest), Object(CodeIgniter\HTTP\Response), Object(CodeIgniter\Log\Logger))
 2 SYSTEMPATH/CodeIgniter.php(500): CodeIgniter\CodeIgniter->createController()
 3 SYSTEMPATH/CodeIgniter.php(355): CodeIgniter\CodeIgniter->handleRequest(null, Object(Config\Cache), false)
 4 SYSTEMPATH/Boot.php(325): CodeIgniter\CodeIgniter->run()
 5 SYSTEMPATH/Boot.php(67): CodeIgniter\Boot::runCodeIgniter(Object(CodeIgniter\CodeIgniter))
 6 FCPATH/index.php(56): CodeIgniter\Boot::bootWeb(Object(Config\Paths))
INFO - 2025-02-03 18:34:45 --> Session: Class initialized using 'CodeIgniter\Session\Handlers\FileHandler' driver.
WARNING - 2025-02-03 18:34:45 --> [DEPRECATED] Creation of dynamic property App\Controllers\Admin\Download::$session is deprecated in APPPATH/Controllers/Admin/BaseController.php on line 56.
 1 SYSTEMPATH/CodeIgniter.php(904): App\Controllers\Admin\BaseController->initController(Object(CodeIgniter\HTTP\IncomingRequest), Object(CodeIgniter\HTTP\Response), Object(CodeIgniter\Log\Logger))
 2 SYSTEMPATH/CodeIgniter.php(500): CodeIgniter\CodeIgniter->createController()
 3 SYSTEMPATH/CodeIgniter.php(355): CodeIgniter\CodeIgniter->handleRequest(null, Object(Config\Cache), false)
 4 SYSTEMPATH/Boot.php(325): CodeIgniter\CodeIgniter->run()
 5 SYSTEMPATH/Boot.php(67): CodeIgniter\Boot::runCodeIgniter(Object(CodeIgniter\CodeIgniter))
 6 FCPATH/index.php(56): CodeIgniter\Boot::bootWeb(Object(Config\Paths))
INFO - 2025-02-03 18:34:47 --> Session: Class initialized using 'CodeIgniter\Session\Handlers\FileHandler' driver.
WARNING - 2025-02-03 18:34:47 --> [DEPRECATED] Creation of dynamic property App\Controllers\Admin\Category::$session is deprecated in APPPATH/Controllers/Admin/BaseController.php on line 56.
 1 SYSTEMPATH/CodeIgniter.php(904): App\Controllers\Admin\BaseController->initController(Object(CodeIgniter\HTTP\IncomingRequest), Object(CodeIgniter\HTTP\Response), Object(CodeIgniter\Log\Logger))
 2 SYSTEMPATH/CodeIgniter.php(500): CodeIgniter\CodeIgniter->createController()
 3 SYSTEMPATH/CodeIgniter.php(355): CodeIgniter\CodeIgniter->handleRequest(null, Object(Config\Cache), false)
 4 SYSTEMPATH/Boot.php(325): CodeIgniter\CodeIgniter->run()
 5 SYSTEMPATH/Boot.php(67): CodeIgniter\Boot::runCodeIgniter(Object(CodeIgniter\CodeIgniter))
 6 FCPATH/index.php(56): CodeIgniter\Boot::bootWeb(Object(Config\Paths))
INFO - 2025-02-03 18:35:10 --> Session: Class initialized using 'CodeIgniter\Session\Handlers\FileHandler' driver.
WARNING - 2025-02-03 18:35:10 --> [DEPRECATED] Creation of dynamic property App\Controllers\Admin\Download::$session is deprecated in APPPATH/Controllers/Admin/BaseController.php on line 56.
 1 SYSTEMPATH/CodeIgniter.php(904): App\Controllers\Admin\BaseController->initController(Object(CodeIgniter\HTTP\IncomingRequest), Object(CodeIgniter\HTTP\Response), Object(CodeIgniter\Log\Logger))
 2 SYSTEMPATH/CodeIgniter.php(500): CodeIgniter\CodeIgniter->createController()
 3 SYSTEMPATH/CodeIgniter.php(355): CodeIgniter\CodeIgniter->handleRequest(null, Object(Config\Cache), false)
 4 SYSTEMPATH/Boot.php(325): CodeIgniter\CodeIgniter->run()
 5 SYSTEMPATH/Boot.php(67): CodeIgniter\Boot::runCodeIgniter(Object(CodeIgniter\CodeIgniter))
 6 FCPATH/index.php(56): CodeIgniter\Boot::bootWeb(Object(Config\Paths))
INFO - 2025-02-03 18:35:18 --> Session: Class initialized using 'CodeIgniter\Session\Handlers\FileHandler' driver.
WARNING - 2025-02-03 18:35:18 --> [DEPRECATED] Creation of dynamic property App\Controllers\Admin\Download::$session is deprecated in APPPATH/Controllers/Admin/BaseController.php on line 56.
 1 SYSTEMPATH/CodeIgniter.php(904): App\Controllers\Admin\BaseController->initController(Object(CodeIgniter\HTTP\IncomingRequest), Object(CodeIgniter\HTTP\Response), Object(CodeIgniter\Log\Logger))
 2 SYSTEMPATH/CodeIgniter.php(500): CodeIgniter\CodeIgniter->createController()
 3 SYSTEMPATH/CodeIgniter.php(355): CodeIgniter\CodeIgniter->handleRequest(null, Object(Config\Cache), false)
 4 SYSTEMPATH/Boot.php(325): CodeIgniter\CodeIgniter->run()
 5 SYSTEMPATH/Boot.php(67): CodeIgniter\Boot::runCodeIgniter(Object(CodeIgniter\CodeIgniter))
 6 FCPATH/index.php(56): CodeIgniter\Boot::bootWeb(Object(Config\Paths))
INFO - 2025-02-03 18:35:20 --> Session: Class initialized using 'CodeIgniter\Session\Handlers\FileHandler' driver.
WARNING - 2025-02-03 18:35:20 --> [DEPRECATED] Creation of dynamic property App\Controllers\Admin\Category::$session is deprecated in APPPATH/Controllers/Admin/BaseController.php on line 56.
 1 SYSTEMPATH/CodeIgniter.php(904): App\Controllers\Admin\BaseController->initController(Object(CodeIgniter\HTTP\IncomingRequest), Object(CodeIgniter\HTTP\Response), Object(CodeIgniter\Log\Logger))
 2 SYSTEMPATH/CodeIgniter.php(500): CodeIgniter\CodeIgniter->createController()
 3 SYSTEMPATH/CodeIgniter.php(355): CodeIgniter\CodeIgniter->handleRequest(null, Object(Config\Cache), false)
 4 SYSTEMPATH/Boot.php(325): CodeIgniter\CodeIgniter->run()
 5 SYSTEMPATH/Boot.php(67): CodeIgniter\Boot::runCodeIgniter(Object(CodeIgniter\CodeIgniter))
 6 FCPATH/index.php(56): CodeIgniter\Boot::bootWeb(Object(Config\Paths))
INFO - 2025-02-03 18:35:38 --> Session: Class initialized using 'CodeIgniter\Session\Handlers\FileHandler' driver.
WARNING - 2025-02-03 18:35:38 --> [DEPRECATED] Creation of dynamic property App\Controllers\Admin\Download::$session is deprecated in APPPATH/Controllers/Admin/BaseController.php on line 56.
 1 SYSTEMPATH/CodeIgniter.php(904): App\Controllers\Admin\BaseController->initController(Object(CodeIgniter\HTTP\IncomingRequest), Object(CodeIgniter\HTTP\Response), Object(CodeIgniter\Log\Logger))
 2 SYSTEMPATH/CodeIgniter.php(500): CodeIgniter\CodeIgniter->createController()
 3 SYSTEMPATH/CodeIgniter.php(355): CodeIgniter\CodeIgniter->handleRequest(null, Object(Config\Cache), false)
 4 SYSTEMPATH/Boot.php(325): CodeIgniter\CodeIgniter->run()
 5 SYSTEMPATH/Boot.php(67): CodeIgniter\Boot::runCodeIgniter(Object(CodeIgniter\CodeIgniter))
 6 FCPATH/index.php(56): CodeIgniter\Boot::bootWeb(Object(Config\Paths))
INFO - 2025-02-03 18:35:44 --> Session: Class initialized using 'CodeIgniter\Session\Handlers\FileHandler' driver.
WARNING - 2025-02-03 18:35:44 --> [DEPRECATED] Creation of dynamic property App\Controllers\Admin\Download::$session is deprecated in APPPATH/Controllers/Admin/BaseController.php on line 56.
 1 SYSTEMPATH/CodeIgniter.php(904): App\Controllers\Admin\BaseController->initController(Object(CodeIgniter\HTTP\IncomingRequest), Object(CodeIgniter\HTTP\Response), Object(CodeIgniter\Log\Logger))
 2 SYSTEMPATH/CodeIgniter.php(500): CodeIgniter\CodeIgniter->createController()
 3 SYSTEMPATH/CodeIgniter.php(355): CodeIgniter\CodeIgniter->handleRequest(null, Object(Config\Cache), false)
 4 SYSTEMPATH/Boot.php(325): CodeIgniter\CodeIgniter->run()
 5 SYSTEMPATH/Boot.php(67): CodeIgniter\Boot::runCodeIgniter(Object(CodeIgniter\CodeIgniter))
 6 FCPATH/index.php(56): CodeIgniter\Boot::bootWeb(Object(Config\Paths))
INFO - 2025-02-03 18:35:46 --> Session: Class initialized using 'CodeIgniter\Session\Handlers\FileHandler' driver.
WARNING - 2025-02-03 18:35:46 --> [DEPRECATED] Creation of dynamic property App\Controllers\Admin\Category::$session is deprecated in APPPATH/Controllers/Admin/BaseController.php on line 56.
 1 SYSTEMPATH/CodeIgniter.php(904): App\Controllers\Admin\BaseController->initController(Object(CodeIgniter\HTTP\IncomingRequest), Object(CodeIgniter\HTTP\Response), Object(CodeIgniter\Log\Logger))
 2 SYSTEMPATH/CodeIgniter.php(500): CodeIgniter\CodeIgniter->createController()
 3 SYSTEMPATH/CodeIgniter.php(355): CodeIgniter\CodeIgniter->handleRequest(null, Object(Config\Cache), false)
 4 SYSTEMPATH/Boot.php(325): CodeIgniter\CodeIgniter->run()
 5 SYSTEMPATH/Boot.php(67): CodeIgniter\Boot::runCodeIgniter(Object(CodeIgniter\CodeIgniter))
 6 FCPATH/index.php(56): CodeIgniter\Boot::bootWeb(Object(Config\Paths))
INFO - 2025-02-03 18:35:51 --> Session: Class initialized using 'CodeIgniter\Session\Handlers\FileHandler' driver.
WARNING - 2025-02-03 18:35:51 --> [DEPRECATED] Creation of dynamic property App\Controllers\Admin\Download::$session is deprecated in APPPATH/Controllers/Admin/BaseController.php on line 56.
 1 SYSTEMPATH/CodeIgniter.php(904): App\Controllers\Admin\BaseController->initController(Object(CodeIgniter\HTTP\IncomingRequest), Object(CodeIgniter\HTTP\Response), Object(CodeIgniter\Log\Logger))
 2 SYSTEMPATH/CodeIgniter.php(500): CodeIgniter\CodeIgniter->createController()
 3 SYSTEMPATH/CodeIgniter.php(355): CodeIgniter\CodeIgniter->handleRequest(null, Object(Config\Cache), false)
 4 SYSTEMPATH/Boot.php(325): CodeIgniter\CodeIgniter->run()
 5 SYSTEMPATH/Boot.php(67): CodeIgniter\Boot::runCodeIgniter(Object(CodeIgniter\CodeIgniter))
 6 FCPATH/index.php(56): CodeIgniter\Boot::bootWeb(Object(Config\Paths))
INFO - 2025-02-03 18:35:52 --> Session: Class initialized using 'CodeIgniter\Session\Handlers\FileHandler' driver.
WARNING - 2025-02-03 18:35:52 --> [DEPRECATED] Creation of dynamic property App\Controllers\Admin\Category::$session is deprecated in APPPATH/Controllers/Admin/BaseController.php on line 56.
 1 SYSTEMPATH/CodeIgniter.php(904): App\Controllers\Admin\BaseController->initController(Object(CodeIgniter\HTTP\IncomingRequest), Object(CodeIgniter\HTTP\Response), Object(CodeIgniter\Log\Logger))
 2 SYSTEMPATH/CodeIgniter.php(500): CodeIgniter\CodeIgniter->createController()
 3 SYSTEMPATH/CodeIgniter.php(355): CodeIgniter\CodeIgniter->handleRequest(null, Object(Config\Cache), false)
 4 SYSTEMPATH/Boot.php(325): CodeIgniter\CodeIgniter->run()
 5 SYSTEMPATH/Boot.php(67): CodeIgniter\Boot::runCodeIgniter(Object(CodeIgniter\CodeIgniter))
 6 FCPATH/index.php(56): CodeIgniter\Boot::bootWeb(Object(Config\Paths))
INFO - 2025-02-03 18:35:53 --> Session: Class initialized using 'CodeIgniter\Session\Handlers\FileHandler' driver.
WARNING - 2025-02-03 18:35:53 --> [DEPRECATED] Creation of dynamic property App\Controllers\Admin\Download::$session is deprecated in APPPATH/Controllers/Admin/BaseController.php on line 56.
 1 SYSTEMPATH/CodeIgniter.php(904): App\Controllers\Admin\BaseController->initController(Object(CodeIgniter\HTTP\IncomingRequest), Object(CodeIgniter\HTTP\Response), Object(CodeIgniter\Log\Logger))
 2 SYSTEMPATH/CodeIgniter.php(500): CodeIgniter\CodeIgniter->createController()
 3 SYSTEMPATH/CodeIgniter.php(355): CodeIgniter\CodeIgniter->handleRequest(null, Object(Config\Cache), false)
 4 SYSTEMPATH/Boot.php(325): CodeIgniter\CodeIgniter->run()
 5 SYSTEMPATH/Boot.php(67): CodeIgniter\Boot::runCodeIgniter(Object(CodeIgniter\CodeIgniter))
 6 FCPATH/index.php(56): CodeIgniter\Boot::bootWeb(Object(Config\Paths))
INFO - 2025-02-03 18:35:53 --> Session: Class initialized using 'CodeIgniter\Session\Handlers\FileHandler' driver.
WARNING - 2025-02-03 18:35:53 --> [DEPRECATED] Creation of dynamic property App\Controllers\Admin\Category::$session is deprecated in APPPATH/Controllers/Admin/BaseController.php on line 56.
 1 SYSTEMPATH/CodeIgniter.php(904): App\Controllers\Admin\BaseController->initController(Object(CodeIgniter\HTTP\IncomingRequest), Object(CodeIgniter\HTTP\Response), Object(CodeIgniter\Log\Logger))
 2 SYSTEMPATH/CodeIgniter.php(500): CodeIgniter\CodeIgniter->createController()
 3 SYSTEMPATH/CodeIgniter.php(355): CodeIgniter\CodeIgniter->handleRequest(null, Object(Config\Cache), false)
 4 SYSTEMPATH/Boot.php(325): CodeIgniter\CodeIgniter->run()
 5 SYSTEMPATH/Boot.php(67): CodeIgniter\Boot::runCodeIgniter(Object(CodeIgniter\CodeIgniter))
 6 FCPATH/index.php(56): CodeIgniter\Boot::bootWeb(Object(Config\Paths))
INFO - 2025-02-03 18:36:28 --> Session: Class initialized using 'CodeIgniter\Session\Handlers\FileHandler' driver.
INFO - 2025-02-03 18:36:31 --> Session: Class initialized using 'CodeIgniter\Session\Handlers\FileHandler' driver.
INFO - 2025-02-03 18:36:32 --> Session: Class initialized using 'CodeIgniter\Session\Handlers\FileHandler' driver.
INFO - 2025-02-03 18:36:55 --> Session: Class initialized using 'CodeIgniter\Session\Handlers\FileHandler' driver.
WARNING - 2025-02-03 18:36:55 --> [DEPRECATED] Creation of dynamic property App\Controllers\Admin\Download::$session is deprecated in APPPATH/Controllers/Admin/BaseController.php on line 56.
 1 SYSTEMPATH/CodeIgniter.php(904): App\Controllers\Admin\BaseController->initController(Object(CodeIgniter\HTTP\IncomingRequest), Object(CodeIgniter\HTTP\Response), Object(CodeIgniter\Log\Logger))
 2 SYSTEMPATH/CodeIgniter.php(500): CodeIgniter\CodeIgniter->createController()
 3 SYSTEMPATH/CodeIgniter.php(355): CodeIgniter\CodeIgniter->handleRequest(null, Object(Config\Cache), false)
 4 SYSTEMPATH/Boot.php(325): CodeIgniter\CodeIgniter->run()
 5 SYSTEMPATH/Boot.php(67): CodeIgniter\Boot::runCodeIgniter(Object(CodeIgniter\CodeIgniter))
 6 FCPATH/index.php(56): CodeIgniter\Boot::bootWeb(Object(Config\Paths))
INFO - 2025-02-03 18:36:57 --> Session: Class initialized using 'CodeIgniter\Session\Handlers\FileHandler' driver.
WARNING - 2025-02-03 18:36:57 --> [DEPRECATED] Creation of dynamic property App\Controllers\Admin\Category::$session is deprecated in APPPATH/Controllers/Admin/BaseController.php on line 56.
 1 SYSTEMPATH/CodeIgniter.php(904): App\Controllers\Admin\BaseController->initController(Object(CodeIgniter\HTTP\IncomingRequest), Object(CodeIgniter\HTTP\Response), Object(CodeIgniter\Log\Logger))
 2 SYSTEMPATH/CodeIgniter.php(500): CodeIgniter\CodeIgniter->createController()
 3 SYSTEMPATH/CodeIgniter.php(355): CodeIgniter\CodeIgniter->handleRequest(null, Object(Config\Cache), false)
 4 SYSTEMPATH/Boot.php(325): CodeIgniter\CodeIgniter->run()
 5 SYSTEMPATH/Boot.php(67): CodeIgniter\Boot::runCodeIgniter(Object(CodeIgniter\CodeIgniter))
 6 FCPATH/index.php(56): CodeIgniter\Boot::bootWeb(Object(Config\Paths))
INFO - 2025-02-03 18:37:03 --> Session: Class initialized using 'CodeIgniter\Session\Handlers\FileHandler' driver.
WARNING - 2025-02-03 18:37:03 --> [DEPRECATED] Creation of dynamic property App\Controllers\Admin\Image::$session is deprecated in APPPATH/Controllers/Admin/BaseController.php on line 56.
 1 SYSTEMPATH/CodeIgniter.php(904): App\Controllers\Admin\BaseController->initController(Object(CodeIgniter\HTTP\IncomingRequest), Object(CodeIgniter\HTTP\Response), Object(CodeIgniter\Log\Logger))
 2 SYSTEMPATH/CodeIgniter.php(500): CodeIgniter\CodeIgniter->createController()
 3 SYSTEMPATH/CodeIgniter.php(355): CodeIgniter\CodeIgniter->handleRequest(null, Object(Config\Cache), false)
 4 SYSTEMPATH/Boot.php(325): CodeIgniter\CodeIgniter->run()
 5 SYSTEMPATH/Boot.php(67): CodeIgniter\Boot::runCodeIgniter(Object(CodeIgniter\CodeIgniter))
 6 FCPATH/index.php(56): CodeIgniter\Boot::bootWeb(Object(Config\Paths))
INFO - 2025-02-03 18:37:04 --> Session: Class initialized using 'CodeIgniter\Session\Handlers\FileHandler' driver.
WARNING - 2025-02-03 18:37:04 --> [DEPRECATED] Creation of dynamic property App\Controllers\Admin\Category::$session is deprecated in APPPATH/Controllers/Admin/BaseController.php on line 56.
 1 SYSTEMPATH/CodeIgniter.php(904): App\Controllers\Admin\BaseController->initController(Object(CodeIgniter\HTTP\IncomingRequest), Object(CodeIgniter\HTTP\Response), Object(CodeIgniter\Log\Logger))
 2 SYSTEMPATH/CodeIgniter.php(500): CodeIgniter\CodeIgniter->createController()
 3 SYSTEMPATH/CodeIgniter.php(355): CodeIgniter\CodeIgniter->handleRequest(null, Object(Config\Cache), false)
 4 SYSTEMPATH/Boot.php(325): CodeIgniter\CodeIgniter->run()
 5 SYSTEMPATH/Boot.php(67): CodeIgniter\Boot::runCodeIgniter(Object(CodeIgniter\CodeIgniter))
 6 FCPATH/index.php(56): CodeIgniter\Boot::bootWeb(Object(Config\Paths))
INFO - 2025-02-03 18:37:33 --> Session: Class initialized using 'CodeIgniter\Session\Handlers\FileHandler' driver.
WARNING - 2025-02-03 18:37:33 --> [DEPRECATED] Creation of dynamic property App\Controllers\Admin\Image::$session is deprecated in APPPATH/Controllers/Admin/BaseController.php on line 56.
 1 SYSTEMPATH/CodeIgniter.php(904): App\Controllers\Admin\BaseController->initController(Object(CodeIgniter\HTTP\IncomingRequest), Object(CodeIgniter\HTTP\Response), Object(CodeIgniter\Log\Logger))
 2 SYSTEMPATH/CodeIgniter.php(500): CodeIgniter\CodeIgniter->createController()
 3 SYSTEMPATH/CodeIgniter.php(355): CodeIgniter\CodeIgniter->handleRequest(null, Object(Config\Cache), false)
 4 SYSTEMPATH/Boot.php(325): CodeIgniter\CodeIgniter->run()
 5 SYSTEMPATH/Boot.php(67): CodeIgniter\Boot::runCodeIgniter(Object(CodeIgniter\CodeIgniter))
 6 FCPATH/index.php(56): CodeIgniter\Boot::bootWeb(Object(Config\Paths))
INFO - 2025-02-03 18:37:34 --> Session: Class initialized using 'CodeIgniter\Session\Handlers\FileHandler' driver.
WARNING - 2025-02-03 18:37:34 --> [DEPRECATED] Creation of dynamic property App\Controllers\Admin\Category::$session is deprecated in APPPATH/Controllers/Admin/BaseController.php on line 56.
 1 SYSTEMPATH/CodeIgniter.php(904): App\Controllers\Admin\BaseController->initController(Object(CodeIgniter\HTTP\IncomingRequest), Object(CodeIgniter\HTTP\Response), Object(CodeIgniter\Log\Logger))
 2 SYSTEMPATH/CodeIgniter.php(500): CodeIgniter\CodeIgniter->createController()
 3 SYSTEMPATH/CodeIgniter.php(355): CodeIgniter\CodeIgniter->handleRequest(null, Object(Config\Cache), false)
 4 SYSTEMPATH/Boot.php(325): CodeIgniter\CodeIgniter->run()
 5 SYSTEMPATH/Boot.php(67): CodeIgniter\Boot::runCodeIgniter(Object(CodeIgniter\CodeIgniter))
 6 FCPATH/index.php(56): CodeIgniter\Boot::bootWeb(Object(Config\Paths))
INFO - 2025-02-03 18:37:37 --> Session: Class initialized using 'CodeIgniter\Session\Handlers\FileHandler' driver.
INFO - 2025-02-03 18:37:42 --> Session: Class initialized using 'CodeIgniter\Session\Handlers\FileHandler' driver.
INFO - 2025-02-03 18:37:44 --> Session: Class initialized using 'CodeIgniter\Session\Handlers\FileHandler' driver.
INFO - 2025-02-03 18:37:49 --> Session: Class initialized using 'CodeIgniter\Session\Handlers\FileHandler' driver.
INFO - 2025-02-03 18:37:51 --> Session: Class initialized using 'CodeIgniter\Session\Handlers\FileHandler' driver.
INFO - 2025-02-03 18:37:53 --> Session: Class initialized using 'CodeIgniter\Session\Handlers\FileHandler' driver.
INFO - 2025-02-03 18:37:54 --> Session: Class initialized using 'CodeIgniter\Session\Handlers\FileHandler' driver.
INFO - 2025-02-03 18:38:18 --> Session: Class initialized using 'CodeIgniter\Session\Handlers\FileHandler' driver.
INFO - 2025-02-03 18:38:19 --> Session: Class initialized using 'CodeIgniter\Session\Handlers\FileHandler' driver.
INFO - 2025-02-03 18:39:58 --> Session: Class initialized using 'CodeIgniter\Session\Handlers\FileHandler' driver.
INFO - 2025-02-03 18:40:58 --> Session: Class initialized using 'CodeIgniter\Session\Handlers\FileHandler' driver.
INFO - 2025-02-03 18:41:13 --> Session: Class initialized using 'CodeIgniter\Session\Handlers\FileHandler' driver.
INFO - 2025-02-03 18:41:22 --> Session: Class initialized using 'CodeIgniter\Session\Handlers\FileHandler' driver.
INFO - 2025-02-03 18:41:34 --> Session: Class initialized using 'CodeIgniter\Session\Handlers\FileHandler' driver.
INFO - 2025-02-03 18:41:47 --> Session: Class initialized using 'CodeIgniter\Session\Handlers\FileHandler' driver.
INFO - 2025-02-03 18:41:48 --> Session: Class initialized using 'CodeIgniter\Session\Handlers\FileHandler' driver.
INFO - 2025-02-03 18:41:56 --> Session: Class initialized using 'CodeIgniter\Session\Handlers\FileHandler' driver.
INFO - 2025-02-03 18:41:59 --> Session: Class initialized using 'CodeIgniter\Session\Handlers\FileHandler' driver.
INFO - 2025-02-03 18:42:22 --> Session: Class initialized using 'CodeIgniter\Session\Handlers\FileHandler' driver.
INFO - 2025-02-03 18:42:35 --> Session: Class initialized using 'CodeIgniter\Session\Handlers\FileHandler' driver.
INFO - 2025-02-03 18:42:37 --> Session: Class initialized using 'CodeIgniter\Session\Handlers\FileHandler' driver.
INFO - 2025-02-03 18:42:39 --> Session: Class initialized using 'CodeIgniter\Session\Handlers\FileHandler' driver.
INFO - 2025-02-03 18:42:40 --> Session: Class initialized using 'CodeIgniter\Session\Handlers\FileHandler' driver.
INFO - 2025-02-03 18:42:43 --> Session: Class initialized using 'CodeIgniter\Session\Handlers\FileHandler' driver.
INFO - 2025-02-03 18:42:48 --> Session: Class initialized using 'CodeIgniter\Session\Handlers\FileHandler' driver.
INFO - 2025-02-03 18:42:50 --> Session: Class initialized using 'CodeIgniter\Session\Handlers\FileHandler' driver.
INFO - 2025-02-03 18:43:25 --> Session: Class initialized using 'CodeIgniter\Session\Handlers\FileHandler' driver.
INFO - 2025-02-03 18:43:29 --> Session: Class initialized using 'CodeIgniter\Session\Handlers\FileHandler' driver.
INFO - 2025-02-03 18:43:34 --> Session: Class initialized using 'CodeIgniter\Session\Handlers\FileHandler' driver.
INFO - 2025-02-03 18:43:35 --> Session: Class initialized using 'CodeIgniter\Session\Handlers\FileHandler' driver.
INFO - 2025-02-03 18:43:46 --> Session: Class initialized using 'CodeIgniter\Session\Handlers\FileHandler' driver.
INFO - 2025-02-03 18:43:52 --> Session: Class initialized using 'CodeIgniter\Session\Handlers\FileHandler' driver.
INFO - 2025-02-03 18:43:56 --> Session: Class initialized using 'CodeIgniter\Session\Handlers\FileHandler' driver.
INFO - 2025-02-03 18:44:00 --> Session: Class initialized using 'CodeIgniter\Session\Handlers\FileHandler' driver.
INFO - 2025-02-03 18:44:03 --> Session: Class initialized using 'CodeIgniter\Session\Handlers\FileHandler' driver.
INFO - 2025-02-03 18:44:03 --> Session: Class initialized using 'CodeIgniter\Session\Handlers\FileHandler' driver.
WARNING - 2025-02-03 18:44:03 --> [DEPRECATED] Creation of dynamic property App\Controllers\User\User::$data is deprecated in APPPATH/Controllers/User/BaseController.php on line 58.
 1 SYSTEMPATH/CodeIgniter.php(904): App\Controllers\User\BaseController->initController(Object(CodeIgniter\HTTP\IncomingRequest), Object(CodeIgniter\HTTP\Response), Object(CodeIgniter\Log\Logger))
 2 SYSTEMPATH/CodeIgniter.php(500): CodeIgniter\CodeIgniter->createController()
 3 SYSTEMPATH/CodeIgniter.php(355): CodeIgniter\CodeIgniter->handleRequest(null, Object(Config\Cache), false)
 4 SYSTEMPATH/Boot.php(325): CodeIgniter\CodeIgniter->run()
 5 SYSTEMPATH/Boot.php(67): CodeIgniter\Boot::runCodeIgniter(Object(CodeIgniter\CodeIgniter))
 6 FCPATH/index.php(56): CodeIgniter\Boot::bootWeb(Object(Config\Paths))
INFO - 2025-02-03 18:44:10 --> Session: Class initialized using 'CodeIgniter\Session\Handlers\FileHandler' driver.
WARNING - 2025-02-03 18:44:10 --> [DEPRECATED] Creation of dynamic property App\Controllers\Admin\User::$session is deprecated in APPPATH/Controllers/Admin/BaseController.php on line 56.
 1 SYSTEMPATH/CodeIgniter.php(904): App\Controllers\Admin\BaseController->initController(Object(CodeIgniter\HTTP\IncomingRequest), Object(CodeIgniter\HTTP\Response), Object(CodeIgniter\Log\Logger))
 2 SYSTEMPATH/CodeIgniter.php(500): CodeIgniter\CodeIgniter->createController()
 3 SYSTEMPATH/CodeIgniter.php(355): CodeIgniter\CodeIgniter->handleRequest(null, Object(Config\Cache), false)
 4 SYSTEMPATH/Boot.php(325): CodeIgniter\CodeIgniter->run()
 5 SYSTEMPATH/Boot.php(67): CodeIgniter\Boot::runCodeIgniter(Object(CodeIgniter\CodeIgniter))
 6 FCPATH/index.php(56): CodeIgniter\Boot::bootWeb(Object(Config\Paths))
INFO - 2025-02-03 18:44:11 --> Session: Class initialized using 'CodeIgniter\Session\Handlers\FileHandler' driver.
WARNING - 2025-02-03 18:44:11 --> [DEPRECATED] Creation of dynamic property App\Controllers\Admin\User::$session is deprecated in APPPATH/Controllers/Admin/BaseController.php on line 56.
 1 SYSTEMPATH/CodeIgniter.php(904): App\Controllers\Admin\BaseController->initController(Object(CodeIgniter\HTTP\IncomingRequest), Object(CodeIgniter\HTTP\Response), Object(CodeIgniter\Log\Logger))
 2 SYSTEMPATH/CodeIgniter.php(500): CodeIgniter\CodeIgniter->createController()
 3 SYSTEMPATH/CodeIgniter.php(355): CodeIgniter\CodeIgniter->handleRequest(null, Object(Config\Cache), false)
 4 SYSTEMPATH/Boot.php(325): CodeIgniter\CodeIgniter->run()
 5 SYSTEMPATH/Boot.php(67): CodeIgniter\Boot::runCodeIgniter(Object(CodeIgniter\CodeIgniter))
 6 FCPATH/index.php(56): CodeIgniter\Boot::bootWeb(Object(Config\Paths))
INFO - 2025-02-03 18:44:13 --> Session: Class initialized using 'CodeIgniter\Session\Handlers\FileHandler' driver.
WARNING - 2025-02-03 18:44:13 --> [DEPRECATED] Creation of dynamic property App\Controllers\User\User::$data is deprecated in APPPATH/Controllers/User/BaseController.php on line 58.
 1 SYSTEMPATH/CodeIgniter.php(904): App\Controllers\User\BaseController->initController(Object(CodeIgniter\HTTP\IncomingRequest), Object(CodeIgniter\HTTP\Response), Object(CodeIgniter\Log\Logger))
 2 SYSTEMPATH/CodeIgniter.php(500): CodeIgniter\CodeIgniter->createController()
 3 SYSTEMPATH/CodeIgniter.php(355): CodeIgniter\CodeIgniter->handleRequest(null, Object(Config\Cache), false)
 4 SYSTEMPATH/Boot.php(325): CodeIgniter\CodeIgniter->run()
 5 SYSTEMPATH/Boot.php(67): CodeIgniter\Boot::runCodeIgniter(Object(CodeIgniter\CodeIgniter))
 6 FCPATH/index.php(56): CodeIgniter\Boot::bootWeb(Object(Config\Paths))
INFO - 2025-02-03 18:44:19 --> Session: Class initialized using 'CodeIgniter\Session\Handlers\FileHandler' driver.
WARNING - 2025-02-03 18:44:19 --> [DEPRECATED] Creation of dynamic property App\Controllers\Admin\Category::$session is deprecated in APPPATH/Controllers/Admin/BaseController.php on line 56.
 1 SYSTEMPATH/CodeIgniter.php(904): App\Controllers\Admin\BaseController->initController(Object(CodeIgniter\HTTP\IncomingRequest), Object(CodeIgniter\HTTP\Response), Object(CodeIgniter\Log\Logger))
 2 SYSTEMPATH/CodeIgniter.php(500): CodeIgniter\CodeIgniter->createController()
 3 SYSTEMPATH/CodeIgniter.php(355): CodeIgniter\CodeIgniter->handleRequest(null, Object(Config\Cache), false)
 4 SYSTEMPATH/Boot.php(325): CodeIgniter\CodeIgniter->run()
 5 SYSTEMPATH/Boot.php(67): CodeIgniter\Boot::runCodeIgniter(Object(CodeIgniter\CodeIgniter))
 6 FCPATH/index.php(56): CodeIgniter\Boot::bootWeb(Object(Config\Paths))
INFO - 2025-02-03 18:44:21 --> Session: Class initialized using 'CodeIgniter\Session\Handlers\FileHandler' driver.
WARNING - 2025-02-03 18:44:21 --> [DEPRECATED] Creation of dynamic property App\Controllers\Admin\Category::$session is deprecated in APPPATH/Controllers/Admin/BaseController.php on line 56.
 1 SYSTEMPATH/CodeIgniter.php(904): App\Controllers\Admin\BaseController->initController(Object(CodeIgniter\HTTP\IncomingRequest), Object(CodeIgniter\HTTP\Response), Object(CodeIgniter\Log\Logger))
 2 SYSTEMPATH/CodeIgniter.php(500): CodeIgniter\CodeIgniter->createController()
 3 SYSTEMPATH/CodeIgniter.php(355): CodeIgniter\CodeIgniter->handleRequest(null, Object(Config\Cache), false)
 4 SYSTEMPATH/Boot.php(325): CodeIgniter\CodeIgniter->run()
 5 SYSTEMPATH/Boot.php(67): CodeIgniter\Boot::runCodeIgniter(Object(CodeIgniter\CodeIgniter))
 6 FCPATH/index.php(56): CodeIgniter\Boot::bootWeb(Object(Config\Paths))
INFO - 2025-02-03 18:44:34 --> Session: Class initialized using 'CodeIgniter\Session\Handlers\FileHandler' driver.
WARNING - 2025-02-03 18:44:34 --> [DEPRECATED] Creation of dynamic property App\Controllers\User\User::$data is deprecated in APPPATH/Controllers/User/BaseController.php on line 58.
 1 SYSTEMPATH/CodeIgniter.php(904): App\Controllers\User\BaseController->initController(Object(CodeIgniter\HTTP\IncomingRequest), Object(CodeIgniter\HTTP\Response), Object(CodeIgniter\Log\Logger))
 2 SYSTEMPATH/CodeIgniter.php(500): CodeIgniter\CodeIgniter->createController()
 3 SYSTEMPATH/CodeIgniter.php(355): CodeIgniter\CodeIgniter->handleRequest(null, Object(Config\Cache), false)
 4 SYSTEMPATH/Boot.php(325): CodeIgniter\CodeIgniter->run()
 5 SYSTEMPATH/Boot.php(67): CodeIgniter\Boot::runCodeIgniter(Object(CodeIgniter\CodeIgniter))
 6 FCPATH/index.php(56): CodeIgniter\Boot::bootWeb(Object(Config\Paths))
INFO - 2025-02-03 18:44:51 --> Session: Class initialized using 'CodeIgniter\Session\Handlers\FileHandler' driver.
WARNING - 2025-02-03 18:44:51 --> [DEPRECATED] Creation of dynamic property App\Controllers\User\User::$data is deprecated in APPPATH/Controllers/User/BaseController.php on line 58.
 1 SYSTEMPATH/CodeIgniter.php(904): App\Controllers\User\BaseController->initController(Object(CodeIgniter\HTTP\IncomingRequest), Object(CodeIgniter\HTTP\Response), Object(CodeIgniter\Log\Logger))
 2 SYSTEMPATH/CodeIgniter.php(500): CodeIgniter\CodeIgniter->createController()
 3 SYSTEMPATH/CodeIgniter.php(355): CodeIgniter\CodeIgniter->handleRequest(null, Object(Config\Cache), false)
 4 SYSTEMPATH/Boot.php(325): CodeIgniter\CodeIgniter->run()
 5 SYSTEMPATH/Boot.php(67): CodeIgniter\Boot::runCodeIgniter(Object(CodeIgniter\CodeIgniter))
 6 FCPATH/index.php(56): CodeIgniter\Boot::bootWeb(Object(Config\Paths))
INFO - 2025-02-03 18:51:17 --> Session: Class initialized using 'CodeIgniter\Session\Handlers\FileHandler' driver.
INFO - 2025-02-03 18:51:19 --> Session: Class initialized using 'CodeIgniter\Session\Handlers\FileHandler' driver.
INFO - 2025-02-03 18:51:21 --> Session: Class initialized using 'CodeIgniter\Session\Handlers\FileHandler' driver.
INFO - 2025-02-03 18:51:32 --> Session: Class initialized using 'CodeIgniter\Session\Handlers\FileHandler' driver.
INFO - 2025-02-03 18:51:33 --> Session: Class initialized using 'CodeIgniter\Session\Handlers\FileHandler' driver.
INFO - 2025-02-03 18:52:17 --> Session: Class initialized using 'CodeIgniter\Session\Handlers\FileHandler' driver.
INFO - 2025-02-03 18:52:36 --> Session: Class initialized using 'CodeIgniter\Session\Handlers\FileHandler' driver.
INFO - 2025-02-03 18:52:39 --> Session: Class initialized using 'CodeIgniter\Session\Handlers\FileHandler' driver.
INFO - 2025-02-03 18:52:39 --> Session: Class initialized using 'CodeIgniter\Session\Handlers\FileHandler' driver.
WARNING - 2025-02-03 18:52:39 --> [DEPRECATED] Creation of dynamic property App\Controllers\User\User::$data is deprecated in APPPATH/Controllers/User/BaseController.php on line 58.
 1 SYSTEMPATH/CodeIgniter.php(904): App\Controllers\User\BaseController->initController(Object(CodeIgniter\HTTP\IncomingRequest), Object(CodeIgniter\HTTP\Response), Object(CodeIgniter\Log\Logger))
 2 SYSTEMPATH/CodeIgniter.php(500): CodeIgniter\CodeIgniter->createController()
 3 SYSTEMPATH/CodeIgniter.php(355): CodeIgniter\CodeIgniter->handleRequest(null, Object(Config\Cache), false)
 4 SYSTEMPATH/Boot.php(325): CodeIgniter\CodeIgniter->run()
 5 SYSTEMPATH/Boot.php(67): CodeIgniter\Boot::runCodeIgniter(Object(CodeIgniter\CodeIgniter))
 6 FCPATH/index.php(56): CodeIgniter\Boot::bootWeb(Object(Config\Paths))
INFO - 2025-02-03 18:52:44 --> Session: Class initialized using 'CodeIgniter\Session\Handlers\FileHandler' driver.
WARNING - 2025-02-03 18:52:44 --> [DEPRECATED] Creation of dynamic property App\Controllers\Admin\Image::$session is deprecated in APPPATH/Controllers/Admin/BaseController.php on line 56.
 1 SYSTEMPATH/CodeIgniter.php(904): App\Controllers\Admin\BaseController->initController(Object(CodeIgniter\HTTP\IncomingRequest), Object(CodeIgniter\HTTP\Response), Object(CodeIgniter\Log\Logger))
 2 SYSTEMPATH/CodeIgniter.php(500): CodeIgniter\CodeIgniter->createController()
 3 SYSTEMPATH/CodeIgniter.php(355): CodeIgniter\CodeIgniter->handleRequest(null, Object(Config\Cache), false)
 4 SYSTEMPATH/Boot.php(325): CodeIgniter\CodeIgniter->run()
 5 SYSTEMPATH/Boot.php(67): CodeIgniter\Boot::runCodeIgniter(Object(CodeIgniter\CodeIgniter))
 6 FCPATH/index.php(56): CodeIgniter\Boot::bootWeb(Object(Config\Paths))
INFO - 2025-02-03 18:52:44 --> Session: Class initialized using 'CodeIgniter\Session\Handlers\FileHandler' driver.
WARNING - 2025-02-03 18:52:44 --> [DEPRECATED] Creation of dynamic property App\Controllers\Admin\Category::$session is deprecated in APPPATH/Controllers/Admin/BaseController.php on line 56.
 1 SYSTEMPATH/CodeIgniter.php(904): App\Controllers\Admin\BaseController->initController(Object(CodeIgniter\HTTP\IncomingRequest), Object(CodeIgniter\HTTP\Response), Object(CodeIgniter\Log\Logger))
 2 SYSTEMPATH/CodeIgniter.php(500): CodeIgniter\CodeIgniter->createController()
 3 SYSTEMPATH/CodeIgniter.php(355): CodeIgniter\CodeIgniter->handleRequest(null, Object(Config\Cache), false)
 4 SYSTEMPATH/Boot.php(325): CodeIgniter\CodeIgniter->run()
 5 SYSTEMPATH/Boot.php(67): CodeIgniter\Boot::runCodeIgniter(Object(CodeIgniter\CodeIgniter))
 6 FCPATH/index.php(56): CodeIgniter\Boot::bootWeb(Object(Config\Paths))
INFO - 2025-02-03 18:52:48 --> Session: Class initialized using 'CodeIgniter\Session\Handlers\FileHandler' driver.
WARNING - 2025-02-03 18:52:48 --> [DEPRECATED] Creation of dynamic property App\Controllers\User\User::$data is deprecated in APPPATH/Controllers/User/BaseController.php on line 58.
 1 SYSTEMPATH/CodeIgniter.php(904): App\Controllers\User\BaseController->initController(Object(CodeIgniter\HTTP\IncomingRequest), Object(CodeIgniter\HTTP\Response), Object(CodeIgniter\Log\Logger))
 2 SYSTEMPATH/CodeIgniter.php(500): CodeIgniter\CodeIgniter->createController()
 3 SYSTEMPATH/CodeIgniter.php(355): CodeIgniter\CodeIgniter->handleRequest(null, Object(Config\Cache), false)
 4 SYSTEMPATH/Boot.php(325): CodeIgniter\CodeIgniter->run()
 5 SYSTEMPATH/Boot.php(67): CodeIgniter\Boot::runCodeIgniter(Object(CodeIgniter\CodeIgniter))
 6 FCPATH/index.php(56): CodeIgniter\Boot::bootWeb(Object(Config\Paths))
INFO - 2025-02-03 18:52:53 --> Session: Class initialized using 'CodeIgniter\Session\Handlers\FileHandler' driver.
WARNING - 2025-02-03 18:52:53 --> [DEPRECATED] Creation of dynamic property App\Controllers\Admin\Download::$session is deprecated in APPPATH/Controllers/Admin/BaseController.php on line 56.
 1 SYSTEMPATH/CodeIgniter.php(904): App\Controllers\Admin\BaseController->initController(Object(CodeIgniter\HTTP\IncomingRequest), Object(CodeIgniter\HTTP\Response), Object(CodeIgniter\Log\Logger))
 2 SYSTEMPATH/CodeIgniter.php(500): CodeIgniter\CodeIgniter->createController()
 3 SYSTEMPATH/CodeIgniter.php(355): CodeIgniter\CodeIgniter->handleRequest(null, Object(Config\Cache), false)
 4 SYSTEMPATH/Boot.php(325): CodeIgniter\CodeIgniter->run()
 5 SYSTEMPATH/Boot.php(67): CodeIgniter\Boot::runCodeIgniter(Object(CodeIgniter\CodeIgniter))
 6 FCPATH/index.php(56): CodeIgniter\Boot::bootWeb(Object(Config\Paths))
INFO - 2025-02-03 18:52:53 --> Session: Class initialized using 'CodeIgniter\Session\Handlers\FileHandler' driver.
WARNING - 2025-02-03 18:52:53 --> [DEPRECATED] Creation of dynamic property App\Controllers\Admin\Category::$session is deprecated in APPPATH/Controllers/Admin/BaseController.php on line 56.
 1 SYSTEMPATH/CodeIgniter.php(904): App\Controllers\Admin\BaseController->initController(Object(CodeIgniter\HTTP\IncomingRequest), Object(CodeIgniter\HTTP\Response), Object(CodeIgniter\Log\Logger))
 2 SYSTEMPATH/CodeIgniter.php(500): CodeIgniter\CodeIgniter->createController()
 3 SYSTEMPATH/CodeIgniter.php(355): CodeIgniter\CodeIgniter->handleRequest(null, Object(Config\Cache), false)
 4 SYSTEMPATH/Boot.php(325): CodeIgniter\CodeIgniter->run()
 5 SYSTEMPATH/Boot.php(67): CodeIgniter\Boot::runCodeIgniter(Object(CodeIgniter\CodeIgniter))
 6 FCPATH/index.php(56): CodeIgniter\Boot::bootWeb(Object(Config\Paths))
INFO - 2025-02-03 18:52:54 --> Session: Class initialized using 'CodeIgniter\Session\Handlers\FileHandler' driver.
WARNING - 2025-02-03 18:52:54 --> [DEPRECATED] Creation of dynamic property App\Controllers\Admin\Download::$session is deprecated in APPPATH/Controllers/Admin/BaseController.php on line 56.
 1 SYSTEMPATH/CodeIgniter.php(904): App\Controllers\Admin\BaseController->initController(Object(CodeIgniter\HTTP\IncomingRequest), Object(CodeIgniter\HTTP\Response), Object(CodeIgniter\Log\Logger))
 2 SYSTEMPATH/CodeIgniter.php(500): CodeIgniter\CodeIgniter->createController()
 3 SYSTEMPATH/CodeIgniter.php(355): CodeIgniter\CodeIgniter->handleRequest(null, Object(Config\Cache), false)
 4 SYSTEMPATH/Boot.php(325): CodeIgniter\CodeIgniter->run()
 5 SYSTEMPATH/Boot.php(67): CodeIgniter\Boot::runCodeIgniter(Object(CodeIgniter\CodeIgniter))
 6 FCPATH/index.php(56): CodeIgniter\Boot::bootWeb(Object(Config\Paths))
INFO - 2025-02-03 18:52:55 --> Session: Class initialized using 'CodeIgniter\Session\Handlers\FileHandler' driver.
WARNING - 2025-02-03 18:52:55 --> [DEPRECATED] Creation of dynamic property App\Controllers\Admin\Category::$session is deprecated in APPPATH/Controllers/Admin/BaseController.php on line 56.
 1 SYSTEMPATH/CodeIgniter.php(904): App\Controllers\Admin\BaseController->initController(Object(CodeIgniter\HTTP\IncomingRequest), Object(CodeIgniter\HTTP\Response), Object(CodeIgniter\Log\Logger))
 2 SYSTEMPATH/CodeIgniter.php(500): CodeIgniter\CodeIgniter->createController()
 3 SYSTEMPATH/CodeIgniter.php(355): CodeIgniter\CodeIgniter->handleRequest(null, Object(Config\Cache), false)
 4 SYSTEMPATH/Boot.php(325): CodeIgniter\CodeIgniter->run()
 5 SYSTEMPATH/Boot.php(67): CodeIgniter\Boot::runCodeIgniter(Object(CodeIgniter\CodeIgniter))
 6 FCPATH/index.php(56): CodeIgniter\Boot::bootWeb(Object(Config\Paths))
INFO - 2025-02-03 18:53:04 --> Session: Class initialized using 'CodeIgniter\Session\Handlers\FileHandler' driver.
WARNING - 2025-02-03 18:53:04 --> [DEPRECATED] Creation of dynamic property App\Controllers\Admin\Download::$session is deprecated in APPPATH/Controllers/Admin/BaseController.php on line 56.
 1 SYSTEMPATH/CodeIgniter.php(904): App\Controllers\Admin\BaseController->initController(Object(CodeIgniter\HTTP\IncomingRequest), Object(CodeIgniter\HTTP\Response), Object(CodeIgniter\Log\Logger))
 2 SYSTEMPATH/CodeIgniter.php(500): CodeIgniter\CodeIgniter->createController()
 3 SYSTEMPATH/CodeIgniter.php(355): CodeIgniter\CodeIgniter->handleRequest(null, Object(Config\Cache), false)
 4 SYSTEMPATH/Boot.php(325): CodeIgniter\CodeIgniter->run()
 5 SYSTEMPATH/Boot.php(67): CodeIgniter\Boot::runCodeIgniter(Object(CodeIgniter\CodeIgniter))
 6 FCPATH/index.php(56): CodeIgniter\Boot::bootWeb(Object(Config\Paths))
INFO - 2025-02-03 18:53:05 --> Session: Class initialized using 'CodeIgniter\Session\Handlers\FileHandler' driver.
WARNING - 2025-02-03 18:53:05 --> [DEPRECATED] Creation of dynamic property App\Controllers\Admin\Category::$session is deprecated in APPPATH/Controllers/Admin/BaseController.php on line 56.
 1 SYSTEMPATH/CodeIgniter.php(904): App\Controllers\Admin\BaseController->initController(Object(CodeIgniter\HTTP\IncomingRequest), Object(CodeIgniter\HTTP\Response), Object(CodeIgniter\Log\Logger))
 2 SYSTEMPATH/CodeIgniter.php(500): CodeIgniter\CodeIgniter->createController()
 3 SYSTEMPATH/CodeIgniter.php(355): CodeIgniter\CodeIgniter->handleRequest(null, Object(Config\Cache), false)
 4 SYSTEMPATH/Boot.php(325): CodeIgniter\CodeIgniter->run()
 5 SYSTEMPATH/Boot.php(67): CodeIgniter\Boot::runCodeIgniter(Object(CodeIgniter\CodeIgniter))
 6 FCPATH/index.php(56): CodeIgniter\Boot::bootWeb(Object(Config\Paths))
INFO - 2025-02-03 18:53:07 --> Session: Class initialized using 'CodeIgniter\Session\Handlers\FileHandler' driver.
INFO - 2025-02-03 18:53:10 --> Session: Class initialized using 'CodeIgniter\Session\Handlers\FileHandler' driver.
INFO - 2025-02-03 18:53:12 --> Session: Class initialized using 'CodeIgniter\Session\Handlers\FileHandler' driver.
INFO - 2025-02-03 18:53:13 --> Session: Class initialized using 'CodeIgniter\Session\Handlers\FileHandler' driver.
INFO - 2025-02-03 18:53:15 --> Session: Class initialized using 'CodeIgniter\Session\Handlers\FileHandler' driver.
INFO - 2025-02-03 18:53:16 --> Session: Class initialized using 'CodeIgniter\Session\Handlers\FileHandler' driver.
INFO - 2025-02-03 18:54:07 --> Session: Class initialized using 'CodeIgniter\Session\Handlers\FileHandler' driver.
INFO - 2025-02-03 18:54:08 --> Session: Class initialized using 'CodeIgniter\Session\Handlers\FileHandler' driver.
INFO - 2025-02-03 18:54:11 --> Session: Class initialized using 'CodeIgniter\Session\Handlers\FileHandler' driver.
INFO - 2025-02-03 18:54:46 --> Session: Class initialized using 'CodeIgniter\Session\Handlers\FileHandler' driver.
INFO - 2025-02-03 18:55:05 --> Session: Class initialized using 'CodeIgniter\Session\Handlers\FileHandler' driver.
INFO - 2025-02-03 18:55:05 --> Session: Class initialized using 'CodeIgniter\Session\Handlers\FileHandler' driver.
INFO - 2025-02-03 18:55:09 --> Session: Class initialized using 'CodeIgniter\Session\Handlers\FileHandler' driver.
INFO - 2025-02-03 18:55:12 --> Session: Class initialized using 'CodeIgniter\Session\Handlers\FileHandler' driver.
INFO - 2025-02-03 18:55:13 --> Session: Class initialized using 'CodeIgniter\Session\Handlers\FileHandler' driver.
INFO - 2025-02-03 18:55:14 --> Session: Class initialized using 'CodeIgniter\Session\Handlers\FileHandler' driver.
INFO - 2025-02-03 18:55:15 --> Session: Class initialized using 'CodeIgniter\Session\Handlers\FileHandler' driver.
INFO - 2025-02-03 18:55:16 --> Session: Class initialized using 'CodeIgniter\Session\Handlers\FileHandler' driver.
INFO - 2025-02-03 18:55:17 --> Session: Class initialized using 'CodeIgniter\Session\Handlers\FileHandler' driver.
INFO - 2025-02-03 18:55:18 --> Session: Class initialized using 'CodeIgniter\Session\Handlers\FileHandler' driver.
INFO - 2025-02-03 18:55:19 --> Session: Class initialized using 'CodeIgniter\Session\Handlers\FileHandler' driver.
INFO - 2025-02-03 18:55:20 --> Session: Class initialized using 'CodeIgniter\Session\Handlers\FileHandler' driver.
INFO - 2025-02-03 18:55:21 --> Session: Class initialized using 'CodeIgniter\Session\Handlers\FileHandler' driver.
INFO - 2025-02-03 18:55:56 --> Session: Class initialized using 'CodeIgniter\Session\Handlers\FileHandler' driver.
WARNING - 2025-02-03 18:55:56 --> [DEPRECATED] Creation of dynamic property App\Controllers\Admin\Download::$session is deprecated in APPPATH/Controllers/Admin/BaseController.php on line 56.
 1 SYSTEMPATH/CodeIgniter.php(904): App\Controllers\Admin\BaseController->initController(Object(CodeIgniter\HTTP\IncomingRequest), Object(CodeIgniter\HTTP\Response), Object(CodeIgniter\Log\Logger))
 2 SYSTEMPATH/CodeIgniter.php(500): CodeIgniter\CodeIgniter->createController()
 3 SYSTEMPATH/CodeIgniter.php(355): CodeIgniter\CodeIgniter->handleRequest(null, Object(Config\Cache), false)
 4 SYSTEMPATH/Boot.php(325): CodeIgniter\CodeIgniter->run()
 5 SYSTEMPATH/Boot.php(67): CodeIgniter\Boot::runCodeIgniter(Object(CodeIgniter\CodeIgniter))
 6 FCPATH/index.php(56): CodeIgniter\Boot::bootWeb(Object(Config\Paths))
INFO - 2025-02-03 18:55:56 --> Session: Class initialized using 'CodeIgniter\Session\Handlers\FileHandler' driver.
WARNING - 2025-02-03 18:55:56 --> [DEPRECATED] Creation of dynamic property App\Controllers\Admin\Category::$session is deprecated in APPPATH/Controllers/Admin/BaseController.php on line 56.
 1 SYSTEMPATH/CodeIgniter.php(904): App\Controllers\Admin\BaseController->initController(Object(CodeIgniter\HTTP\IncomingRequest), Object(CodeIgniter\HTTP\Response), Object(CodeIgniter\Log\Logger))
 2 SYSTEMPATH/CodeIgniter.php(500): CodeIgniter\CodeIgniter->createController()
 3 SYSTEMPATH/CodeIgniter.php(355): CodeIgniter\CodeIgniter->handleRequest(null, Object(Config\Cache), false)
 4 SYSTEMPATH/Boot.php(325): CodeIgniter\CodeIgniter->run()
 5 SYSTEMPATH/Boot.php(67): CodeIgniter\Boot::runCodeIgniter(Object(CodeIgniter\CodeIgniter))
 6 FCPATH/index.php(56): CodeIgniter\Boot::bootWeb(Object(Config\Paths))
INFO - 2025-02-03 18:55:58 --> Session: Class initialized using 'CodeIgniter\Session\Handlers\FileHandler' driver.
WARNING - 2025-02-03 18:55:58 --> [DEPRECATED] Creation of dynamic property App\Controllers\Admin\Download::$session is deprecated in APPPATH/Controllers/Admin/BaseController.php on line 56.
 1 SYSTEMPATH/CodeIgniter.php(904): App\Controllers\Admin\BaseController->initController(Object(CodeIgniter\HTTP\IncomingRequest), Object(CodeIgniter\HTTP\Response), Object(CodeIgniter\Log\Logger))
 2 SYSTEMPATH/CodeIgniter.php(500): CodeIgniter\CodeIgniter->createController()
 3 SYSTEMPATH/CodeIgniter.php(355): CodeIgniter\CodeIgniter->handleRequest(null, Object(Config\Cache), false)
 4 SYSTEMPATH/Boot.php(325): CodeIgniter\CodeIgniter->run()
 5 SYSTEMPATH/Boot.php(67): CodeIgniter\Boot::runCodeIgniter(Object(CodeIgniter\CodeIgniter))
 6 FCPATH/index.php(56): CodeIgniter\Boot::bootWeb(Object(Config\Paths))
INFO - 2025-02-03 18:55:59 --> Session: Class initialized using 'CodeIgniter\Session\Handlers\FileHandler' driver.
WARNING - 2025-02-03 18:55:59 --> [DEPRECATED] Creation of dynamic property App\Controllers\Admin\Category::$session is deprecated in APPPATH/Controllers/Admin/BaseController.php on line 56.
 1 SYSTEMPATH/CodeIgniter.php(904): App\Controllers\Admin\BaseController->initController(Object(CodeIgniter\HTTP\IncomingRequest), Object(CodeIgniter\HTTP\Response), Object(CodeIgniter\Log\Logger))
 2 SYSTEMPATH/CodeIgniter.php(500): CodeIgniter\CodeIgniter->createController()
 3 SYSTEMPATH/CodeIgniter.php(355): CodeIgniter\CodeIgniter->handleRequest(null, Object(Config\Cache), false)
 4 SYSTEMPATH/Boot.php(325): CodeIgniter\CodeIgniter->run()
 5 SYSTEMPATH/Boot.php(67): CodeIgniter\Boot::runCodeIgniter(Object(CodeIgniter\CodeIgniter))
 6 FCPATH/index.php(56): CodeIgniter\Boot::bootWeb(Object(Config\Paths))
INFO - 2025-02-03 18:56:00 --> Session: Class initialized using 'CodeIgniter\Session\Handlers\FileHandler' driver.
WARNING - 2025-02-03 18:56:00 --> [DEPRECATED] Creation of dynamic property App\Controllers\Admin\Download::$session is deprecated in APPPATH/Controllers/Admin/BaseController.php on line 56.
 1 SYSTEMPATH/CodeIgniter.php(904): App\Controllers\Admin\BaseController->initController(Object(CodeIgniter\HTTP\IncomingRequest), Object(CodeIgniter\HTTP\Response), Object(CodeIgniter\Log\Logger))
 2 SYSTEMPATH/CodeIgniter.php(500): CodeIgniter\CodeIgniter->createController()
 3 SYSTEMPATH/CodeIgniter.php(355): CodeIgniter\CodeIgniter->handleRequest(null, Object(Config\Cache), false)
 4 SYSTEMPATH/Boot.php(325): CodeIgniter\CodeIgniter->run()
 5 SYSTEMPATH/Boot.php(67): CodeIgniter\Boot::runCodeIgniter(Object(CodeIgniter\CodeIgniter))
 6 FCPATH/index.php(56): CodeIgniter\Boot::bootWeb(Object(Config\Paths))
INFO - 2025-02-03 18:56:00 --> Session: Class initialized using 'CodeIgniter\Session\Handlers\FileHandler' driver.
WARNING - 2025-02-03 18:56:00 --> [DEPRECATED] Creation of dynamic property App\Controllers\Admin\Category::$session is deprecated in APPPATH/Controllers/Admin/BaseController.php on line 56.
 1 SYSTEMPATH/CodeIgniter.php(904): App\Controllers\Admin\BaseController->initController(Object(CodeIgniter\HTTP\IncomingRequest), Object(CodeIgniter\HTTP\Response), Object(CodeIgniter\Log\Logger))
 2 SYSTEMPATH/CodeIgniter.php(500): CodeIgniter\CodeIgniter->createController()
 3 SYSTEMPATH/CodeIgniter.php(355): CodeIgniter\CodeIgniter->handleRequest(null, Object(Config\Cache), false)
 4 SYSTEMPATH/Boot.php(325): CodeIgniter\CodeIgniter->run()
 5 SYSTEMPATH/Boot.php(67): CodeIgniter\Boot::runCodeIgniter(Object(CodeIgniter\CodeIgniter))
 6 FCPATH/index.php(56): CodeIgniter\Boot::bootWeb(Object(Config\Paths))
INFO - 2025-02-03 18:56:01 --> Session: Class initialized using 'CodeIgniter\Session\Handlers\FileHandler' driver.
WARNING - 2025-02-03 18:56:01 --> [DEPRECATED] Creation of dynamic property App\Controllers\Admin\Download::$session is deprecated in APPPATH/Controllers/Admin/BaseController.php on line 56.
 1 SYSTEMPATH/CodeIgniter.php(904): App\Controllers\Admin\BaseController->initController(Object(CodeIgniter\HTTP\IncomingRequest), Object(CodeIgniter\HTTP\Response), Object(CodeIgniter\Log\Logger))
 2 SYSTEMPATH/CodeIgniter.php(500): CodeIgniter\CodeIgniter->createController()
 3 SYSTEMPATH/CodeIgniter.php(355): CodeIgniter\CodeIgniter->handleRequest(null, Object(Config\Cache), false)
 4 SYSTEMPATH/Boot.php(325): CodeIgniter\CodeIgniter->run()
 5 SYSTEMPATH/Boot.php(67): CodeIgniter\Boot::runCodeIgniter(Object(CodeIgniter\CodeIgniter))
 6 FCPATH/index.php(56): CodeIgniter\Boot::bootWeb(Object(Config\Paths))
INFO - 2025-02-03 18:56:02 --> Session: Class initialized using 'CodeIgniter\Session\Handlers\FileHandler' driver.
WARNING - 2025-02-03 18:56:02 --> [DEPRECATED] Creation of dynamic property App\Controllers\Admin\Category::$session is deprecated in APPPATH/Controllers/Admin/BaseController.php on line 56.
 1 SYSTEMPATH/CodeIgniter.php(904): App\Controllers\Admin\BaseController->initController(Object(CodeIgniter\HTTP\IncomingRequest), Object(CodeIgniter\HTTP\Response), Object(CodeIgniter\Log\Logger))
 2 SYSTEMPATH/CodeIgniter.php(500): CodeIgniter\CodeIgniter->createController()
 3 SYSTEMPATH/CodeIgniter.php(355): CodeIgniter\CodeIgniter->handleRequest(null, Object(Config\Cache), false)
 4 SYSTEMPATH/Boot.php(325): CodeIgniter\CodeIgniter->run()
 5 SYSTEMPATH/Boot.php(67): CodeIgniter\Boot::runCodeIgniter(Object(CodeIgniter\CodeIgniter))
 6 FCPATH/index.php(56): CodeIgniter\Boot::bootWeb(Object(Config\Paths))
INFO - 2025-02-03 18:56:02 --> Session: Class initialized using 'CodeIgniter\Session\Handlers\FileHandler' driver.
WARNING - 2025-02-03 18:56:02 --> [DEPRECATED] Creation of dynamic property App\Controllers\Admin\Download::$session is deprecated in APPPATH/Controllers/Admin/BaseController.php on line 56.
 1 SYSTEMPATH/CodeIgniter.php(904): App\Controllers\Admin\BaseController->initController(Object(CodeIgniter\HTTP\IncomingRequest), Object(CodeIgniter\HTTP\Response), Object(CodeIgniter\Log\Logger))
 2 SYSTEMPATH/CodeIgniter.php(500): CodeIgniter\CodeIgniter->createController()
 3 SYSTEMPATH/CodeIgniter.php(355): CodeIgniter\CodeIgniter->handleRequest(null, Object(Config\Cache), false)
 4 SYSTEMPATH/Boot.php(325): CodeIgniter\CodeIgniter->run()
 5 SYSTEMPATH/Boot.php(67): CodeIgniter\Boot::runCodeIgniter(Object(CodeIgniter\CodeIgniter))
 6 FCPATH/index.php(56): CodeIgniter\Boot::bootWeb(Object(Config\Paths))
INFO - 2025-02-03 18:56:03 --> Session: Class initialized using 'CodeIgniter\Session\Handlers\FileHandler' driver.
WARNING - 2025-02-03 18:56:03 --> [DEPRECATED] Creation of dynamic property App\Controllers\Admin\Category::$session is deprecated in APPPATH/Controllers/Admin/BaseController.php on line 56.
 1 SYSTEMPATH/CodeIgniter.php(904): App\Controllers\Admin\BaseController->initController(Object(CodeIgniter\HTTP\IncomingRequest), Object(CodeIgniter\HTTP\Response), Object(CodeIgniter\Log\Logger))
 2 SYSTEMPATH/CodeIgniter.php(500): CodeIgniter\CodeIgniter->createController()
 3 SYSTEMPATH/CodeIgniter.php(355): CodeIgniter\CodeIgniter->handleRequest(null, Object(Config\Cache), false)
 4 SYSTEMPATH/Boot.php(325): CodeIgniter\CodeIgniter->run()
 5 SYSTEMPATH/Boot.php(67): CodeIgniter\Boot::runCodeIgniter(Object(CodeIgniter\CodeIgniter))
 6 FCPATH/index.php(56): CodeIgniter\Boot::bootWeb(Object(Config\Paths))
INFO - 2025-02-03 18:56:23 --> Session: Class initialized using 'CodeIgniter\Session\Handlers\FileHandler' driver.
INFO - 2025-02-03 18:56:25 --> Session: Class initialized using 'CodeIgniter\Session\Handlers\FileHandler' driver.
WARNING - 2025-02-03 18:56:25 --> [DEPRECATED] Creation of dynamic property App\Controllers\User\User::$data is deprecated in APPPATH/Controllers/User/BaseController.php on line 58.
 1 SYSTEMPATH/CodeIgniter.php(904): App\Controllers\User\BaseController->initController(Object(CodeIgniter\HTTP\IncomingRequest), Object(CodeIgniter\HTTP\Response), Object(CodeIgniter\Log\Logger))
 2 SYSTEMPATH/CodeIgniter.php(500): CodeIgniter\CodeIgniter->createController()
 3 SYSTEMPATH/CodeIgniter.php(355): CodeIgniter\CodeIgniter->handleRequest(null, Object(Config\Cache), false)
 4 SYSTEMPATH/Boot.php(325): CodeIgniter\CodeIgniter->run()
 5 SYSTEMPATH/Boot.php(67): CodeIgniter\Boot::runCodeIgniter(Object(CodeIgniter\CodeIgniter))
 6 FCPATH/index.php(56): CodeIgniter\Boot::bootWeb(Object(Config\Paths))
INFO - 2025-02-03 18:56:28 --> Session: Class initialized using 'CodeIgniter\Session\Handlers\FileHandler' driver.
INFO - 2025-02-03 18:56:30 --> Session: Class initialized using 'CodeIgniter\Session\Handlers\FileHandler' driver.
INFO - 2025-02-03 18:56:32 --> Session: Class initialized using 'CodeIgniter\Session\Handlers\FileHandler' driver.
INFO - 2025-02-03 18:56:34 --> Session: Class initialized using 'CodeIgniter\Session\Handlers\FileHandler' driver.
INFO - 2025-02-03 18:56:35 --> Session: Class initialized using 'CodeIgniter\Session\Handlers\FileHandler' driver.
INFO - 2025-02-03 18:56:36 --> Session: Class initialized using 'CodeIgniter\Session\Handlers\FileHandler' driver.
INFO - 2025-02-03 18:56:42 --> Session: Class initialized using 'CodeIgniter\Session\Handlers\FileHandler' driver.
INFO - 2025-02-03 18:56:45 --> Session: Class initialized using 'CodeIgniter\Session\Handlers\FileHandler' driver.
WARNING - 2025-02-03 18:56:45 --> [DEPRECATED] Creation of dynamic property App\Controllers\Admin\MySQLQueryExecute::$session is deprecated in APPPATH/Controllers/Admin/BaseController.php on line 56.
 1 SYSTEMPATH/CodeIgniter.php(904): App\Controllers\Admin\BaseController->initController(Object(CodeIgniter\HTTP\IncomingRequest), Object(CodeIgniter\HTTP\Response), Object(CodeIgniter\Log\Logger))
 2 SYSTEMPATH/CodeIgniter.php(500): CodeIgniter\CodeIgniter->createController()
 3 SYSTEMPATH/CodeIgniter.php(355): CodeIgniter\CodeIgniter->handleRequest(null, Object(Config\Cache), false)
 4 SYSTEMPATH/Boot.php(325): CodeIgniter\CodeIgniter->run()
 5 SYSTEMPATH/Boot.php(67): CodeIgniter\Boot::runCodeIgniter(Object(CodeIgniter\CodeIgniter))
 6 FCPATH/index.php(56): CodeIgniter\Boot::bootWeb(Object(Config\Paths))
INFO - 2025-02-03 19:02:03 --> Session: Class initialized using 'CodeIgniter\Session\Handlers\FileHandler' driver.
WARNING - 2025-02-03 19:02:03 --> [DEPRECATED] Creation of dynamic property App\Controllers\Admin\MySQLQueryExecute::$session is deprecated in APPPATH/Controllers/Admin/BaseController.php on line 56.
 1 SYSTEMPATH/CodeIgniter.php(904): App\Controllers\Admin\BaseController->initController(Object(CodeIgniter\HTTP\IncomingRequest), Object(CodeIgniter\HTTP\Response), Object(CodeIgniter\Log\Logger))
 2 SYSTEMPATH/CodeIgniter.php(500): CodeIgniter\CodeIgniter->createController()
 3 SYSTEMPATH/CodeIgniter.php(355): CodeIgniter\CodeIgniter->handleRequest(null, Object(Config\Cache), false)
 4 SYSTEMPATH/Boot.php(325): CodeIgniter\CodeIgniter->run()
 5 SYSTEMPATH/Boot.php(67): CodeIgniter\Boot::runCodeIgniter(Object(CodeIgniter\CodeIgniter))
 6 FCPATH/index.php(56): CodeIgniter\Boot::bootWeb(Object(Config\Paths))
INFO - 2025-02-03 19:02:06 --> Session: Class initialized using 'CodeIgniter\Session\Handlers\FileHandler' driver.
WARNING - 2025-02-03 19:02:06 --> [DEPRECATED] Creation of dynamic property App\Controllers\Admin\MySQLQueryExecute::$session is deprecated in APPPATH/Controllers/Admin/BaseController.php on line 56.
 1 SYSTEMPATH/CodeIgniter.php(904): App\Controllers\Admin\BaseController->initController(Object(CodeIgniter\HTTP\IncomingRequest), Object(CodeIgniter\HTTP\Response), Object(CodeIgniter\Log\Logger))
 2 SYSTEMPATH/CodeIgniter.php(500): CodeIgniter\CodeIgniter->createController()
 3 SYSTEMPATH/CodeIgniter.php(355): CodeIgniter\CodeIgniter->handleRequest(null, Object(Config\Cache), false)
 4 SYSTEMPATH/Boot.php(325): CodeIgniter\CodeIgniter->run()
 5 SYSTEMPATH/Boot.php(67): CodeIgniter\Boot::runCodeIgniter(Object(CodeIgniter\CodeIgniter))
 6 FCPATH/index.php(56): CodeIgniter\Boot::bootWeb(Object(Config\Paths))
CRITICAL - 2025-02-03 19:02:06 --> ValueError: mysqli::query(): Argument #1 ($query) cannot be empty
[Method: POST, Route: admin/mysql-query-execute/run]
in SYSTEMPATH/Database/MySQLi/Connection.php on line 312.
 1 SYSTEMPATH/Database/MySQLi/Connection.php(312): mysqli->query('', 0)
 2 SYSTEMPATH/Database/BaseConnection.php(734): CodeIgniter\Database\MySQLi\Connection->execute('')
 3 SYSTEMPATH/Database/BaseConnection.php(648): CodeIgniter\Database\BaseConnection->simpleQuery('')
 4 APPPATH/Controllers/Admin/MySQLQueryExecute.php(22): CodeIgniter\Database\BaseConnection->query('')
 5 SYSTEMPATH/CodeIgniter.php(933): App\Controllers\Admin\MySQLQueryExecute->Run()
 6 SYSTEMPATH/CodeIgniter.php(509): CodeIgniter\CodeIgniter->runController(Object(App\Controllers\Admin\MySQLQueryExecute))
 7 SYSTEMPATH/CodeIgniter.php(355): CodeIgniter\CodeIgniter->handleRequest(null, Object(Config\Cache), false)
 8 SYSTEMPATH/Boot.php(325): CodeIgniter\CodeIgniter->run()
 9 SYSTEMPATH/Boot.php(67): CodeIgniter\Boot::runCodeIgniter(Object(CodeIgniter\CodeIgniter))
10 FCPATH/index.php(56): CodeIgniter\Boot::bootWeb(Object(Config\Paths))
INFO - 2025-02-03 19:02:11 --> Session: Class initialized using 'CodeIgniter\Session\Handlers\FileHandler' driver.
WARNING - 2025-02-03 19:02:11 --> [DEPRECATED] Creation of dynamic property App\Controllers\Admin\MySQLQueryExecute::$session is deprecated in APPPATH/Controllers/Admin/BaseController.php on line 56.
 1 SYSTEMPATH/CodeIgniter.php(904): App\Controllers\Admin\BaseController->initController(Object(CodeIgniter\HTTP\IncomingRequest), Object(CodeIgniter\HTTP\Response), Object(CodeIgniter\Log\Logger))
 2 SYSTEMPATH/CodeIgniter.php(500): CodeIgniter\CodeIgniter->createController()
 3 SYSTEMPATH/CodeIgniter.php(355): CodeIgniter\CodeIgniter->handleRequest(null, Object(Config\Cache), false)
 4 SYSTEMPATH/Boot.php(325): CodeIgniter\CodeIgniter->run()
 5 SYSTEMPATH/Boot.php(67): CodeIgniter\Boot::runCodeIgniter(Object(CodeIgniter\CodeIgniter))
 6 FCPATH/index.php(56): CodeIgniter\Boot::bootWeb(Object(Config\Paths))
INFO - 2025-02-03 19:02:39 --> Session: Class initialized using 'CodeIgniter\Session\Handlers\FileHandler' driver.
INFO - 2025-02-03 19:02:43 --> Session: Class initialized using 'CodeIgniter\Session\Handlers\FileHandler' driver.
WARNING - 2025-02-03 19:02:43 --> [DEPRECATED] Creation of dynamic property App\Controllers\Admin\MySQLQueryExecute::$session is deprecated in APPPATH/Controllers/Admin/BaseController.php on line 56.
 1 SYSTEMPATH/CodeIgniter.php(904): App\Controllers\Admin\BaseController->initController(Object(CodeIgniter\HTTP\IncomingRequest), Object(CodeIgniter\HTTP\Response), Object(CodeIgniter\Log\Logger))
 2 SYSTEMPATH/CodeIgniter.php(500): CodeIgniter\CodeIgniter->createController()
 3 SYSTEMPATH/CodeIgniter.php(355): CodeIgniter\CodeIgniter->handleRequest(null, Object(Config\Cache), false)
 4 SYSTEMPATH/Boot.php(325): CodeIgniter\CodeIgniter->run()
 5 SYSTEMPATH/Boot.php(67): CodeIgniter\Boot::runCodeIgniter(Object(CodeIgniter\CodeIgniter))
 6 FCPATH/index.php(56): CodeIgniter\Boot::bootWeb(Object(Config\Paths))
INFO - 2025-02-03 19:02:47 --> Session: Class initialized using 'CodeIgniter\Session\Handlers\FileHandler' driver.
WARNING - 2025-02-03 19:02:47 --> [DEPRECATED] Creation of dynamic property App\Controllers\Admin\MySQLQueryExecute::$session is deprecated in APPPATH/Controllers/Admin/BaseController.php on line 56.
 1 SYSTEMPATH/CodeIgniter.php(904): App\Controllers\Admin\BaseController->initController(Object(CodeIgniter\HTTP\IncomingRequest), Object(CodeIgniter\HTTP\Response), Object(CodeIgniter\Log\Logger))
 2 SYSTEMPATH/CodeIgniter.php(500): CodeIgniter\CodeIgniter->createController()
 3 SYSTEMPATH/CodeIgniter.php(355): CodeIgniter\CodeIgniter->handleRequest(null, Object(Config\Cache), false)
 4 SYSTEMPATH/Boot.php(325): CodeIgniter\CodeIgniter->run()
 5 SYSTEMPATH/Boot.php(67): CodeIgniter\Boot::runCodeIgniter(Object(CodeIgniter\CodeIgniter))
 6 FCPATH/index.php(56): CodeIgniter\Boot::bootWeb(Object(Config\Paths))
INFO - 2025-02-03 19:02:48 --> Session: Class initialized using 'CodeIgniter\Session\Handlers\FileHandler' driver.
WARNING - 2025-02-03 19:02:48 --> [DEPRECATED] Creation of dynamic property App\Controllers\Admin\MySQLQueryExecute::$session is deprecated in APPPATH/Controllers/Admin/BaseController.php on line 56.
 1 SYSTEMPATH/CodeIgniter.php(904): App\Controllers\Admin\BaseController->initController(Object(CodeIgniter\HTTP\IncomingRequest), Object(CodeIgniter\HTTP\Response), Object(CodeIgniter\Log\Logger))
 2 SYSTEMPATH/CodeIgniter.php(500): CodeIgniter\CodeIgniter->createController()
 3 SYSTEMPATH/CodeIgniter.php(355): CodeIgniter\CodeIgniter->handleRequest(null, Object(Config\Cache), false)
 4 SYSTEMPATH/Boot.php(325): CodeIgniter\CodeIgniter->run()
 5 SYSTEMPATH/Boot.php(67): CodeIgniter\Boot::runCodeIgniter(Object(CodeIgniter\CodeIgniter))
 6 FCPATH/index.php(56): CodeIgniter\Boot::bootWeb(Object(Config\Paths))
INFO - 2025-02-03 19:02:53 --> Session: Class initialized using 'CodeIgniter\Session\Handlers\FileHandler' driver.
INFO - 2025-02-03 19:03:45 --> Session: Class initialized using 'CodeIgniter\Session\Handlers\FileHandler' driver.
INFO - 2025-02-03 19:03:47 --> Session: Class initialized using 'CodeIgniter\Session\Handlers\FileHandler' driver.
INFO - 2025-02-03 19:03:49 --> Session: Class initialized using 'CodeIgniter\Session\Handlers\FileHandler' driver.
INFO - 2025-02-03 19:04:03 --> Session: Class initialized using 'CodeIgniter\Session\Handlers\FileHandler' driver.
INFO - 2025-02-03 19:04:15 --> Session: Class initialized using 'CodeIgniter\Session\Handlers\FileHandler' driver.
INFO - 2025-02-03 19:04:16 --> Session: Class initialized using 'CodeIgniter\Session\Handlers\FileHandler' driver.
INFO - 2025-02-03 19:04:19 --> Session: Class initialized using 'CodeIgniter\Session\Handlers\FileHandler' driver.
INFO - 2025-02-03 19:04:21 --> Session: Class initialized using 'CodeIgniter\Session\Handlers\FileHandler' driver.
INFO - 2025-02-03 19:04:22 --> Session: Class initialized using 'CodeIgniter\Session\Handlers\FileHandler' driver.
INFO - 2025-02-03 19:04:26 --> Session: Class initialized using 'CodeIgniter\Session\Handlers\FileHandler' driver.
INFO - 2025-02-03 19:04:28 --> Session: Class initialized using 'CodeIgniter\Session\Handlers\FileHandler' driver.
INFO - 2025-02-03 19:04:34 --> Session: Class initialized using 'CodeIgniter\Session\Handlers\FileHandler' driver.
INFO - 2025-02-03 19:04:35 --> Session: Class initialized using 'CodeIgniter\Session\Handlers\FileHandler' driver.
INFO - 2025-02-03 19:04:37 --> Session: Class initialized using 'CodeIgniter\Session\Handlers\FileHandler' driver.
INFO - 2025-02-03 19:04:39 --> Session: Class initialized using 'CodeIgniter\Session\Handlers\FileHandler' driver.
INFO - 2025-02-03 19:04:40 --> Session: Class initialized using 'CodeIgniter\Session\Handlers\FileHandler' driver.
INFO - 2025-02-03 19:04:42 --> Session: Class initialized using 'CodeIgniter\Session\Handlers\FileHandler' driver.
INFO - 2025-02-03 19:44:12 --> Session: Class initialized using 'CodeIgniter\Session\Handlers\FileHandler' driver.
INFO - 2025-02-03 19:44:14 --> Session: Class initialized using 'CodeIgniter\Session\Handlers\FileHandler' driver.
INFO - 2025-02-03 19:44:16 --> Session: Class initialized using 'CodeIgniter\Session\Handlers\FileHandler' driver.
INFO - 2025-02-03 19:44:17 --> Session: Class initialized using 'CodeIgniter\Session\Handlers\FileHandler' driver.
INFO - 2025-02-03 19:44:19 --> Session: Class initialized using 'CodeIgniter\Session\Handlers\FileHandler' driver.
INFO - 2025-02-03 19:44:29 --> Session: Class initialized using 'CodeIgniter\Session\Handlers\FileHandler' driver.
WARNING - 2025-02-03 19:44:29 --> [DEPRECATED] Creation of dynamic property App\Controllers\Admin\Course::$session is deprecated in APPPATH/Controllers/Admin/BaseController.php on line 56.
 1 SYSTEMPATH/CodeIgniter.php(904): App\Controllers\Admin\BaseController->initController(Object(CodeIgniter\HTTP\IncomingRequest), Object(CodeIgniter\HTTP\Response), Object(CodeIgniter\Log\Logger))
 2 SYSTEMPATH/CodeIgniter.php(500): CodeIgniter\CodeIgniter->createController()
 3 SYSTEMPATH/CodeIgniter.php(355): CodeIgniter\CodeIgniter->handleRequest(null, Object(Config\Cache), false)
 4 SYSTEMPATH/Boot.php(325): CodeIgniter\CodeIgniter->run()
 5 SYSTEMPATH/Boot.php(67): CodeIgniter\Boot::runCodeIgniter(Object(CodeIgniter\CodeIgniter))
 6 FCPATH/index.php(56): CodeIgniter\Boot::bootWeb(Object(Config\Paths))
INFO - 2025-02-03 19:44:30 --> Session: Class initialized using 'CodeIgniter\Session\Handlers\FileHandler' driver.
WARNING - 2025-02-03 19:44:30 --> [DEPRECATED] Creation of dynamic property App\Controllers\Admin\Category::$session is deprecated in APPPATH/Controllers/Admin/BaseController.php on line 56.
 1 SYSTEMPATH/CodeIgniter.php(904): App\Controllers\Admin\BaseController->initController(Object(CodeIgniter\HTTP\IncomingRequest), Object(CodeIgniter\HTTP\Response), Object(CodeIgniter\Log\Logger))
 2 SYSTEMPATH/CodeIgniter.php(500): CodeIgniter\CodeIgniter->createController()
 3 SYSTEMPATH/CodeIgniter.php(355): CodeIgniter\CodeIgniter->handleRequest(null, Object(Config\Cache), false)
 4 SYSTEMPATH/Boot.php(325): CodeIgniter\CodeIgniter->run()
 5 SYSTEMPATH/Boot.php(67): CodeIgniter\Boot::runCodeIgniter(Object(CodeIgniter\CodeIgniter))
 6 FCPATH/index.php(56): CodeIgniter\Boot::bootWeb(Object(Config\Paths))
INFO - 2025-02-03 19:44:32 --> Session: Class initialized using 'CodeIgniter\Session\Handlers\FileHandler' driver.
WARNING - 2025-02-03 19:44:32 --> [DEPRECATED] Creation of dynamic property App\Controllers\Admin\Course::$session is deprecated in APPPATH/Controllers/Admin/BaseController.php on line 56.
 1 SYSTEMPATH/CodeIgniter.php(904): App\Controllers\Admin\BaseController->initController(Object(CodeIgniter\HTTP\IncomingRequest), Object(CodeIgniter\HTTP\Response), Object(CodeIgniter\Log\Logger))
 2 SYSTEMPATH/CodeIgniter.php(500): CodeIgniter\CodeIgniter->createController()
 3 SYSTEMPATH/CodeIgniter.php(355): CodeIgniter\CodeIgniter->handleRequest(null, Object(Config\Cache), false)
 4 SYSTEMPATH/Boot.php(325): CodeIgniter\CodeIgniter->run()
 5 SYSTEMPATH/Boot.php(67): CodeIgniter\Boot::runCodeIgniter(Object(CodeIgniter\CodeIgniter))
 6 FCPATH/index.php(56): CodeIgniter\Boot::bootWeb(Object(Config\Paths))
INFO - 2025-02-03 19:44:35 --> Session: Class initialized using 'CodeIgniter\Session\Handlers\FileHandler' driver.
WARNING - 2025-02-03 19:44:35 --> [DEPRECATED] Creation of dynamic property App\Controllers\Admin\Category::$session is deprecated in APPPATH/Controllers/Admin/BaseController.php on line 56.
 1 SYSTEMPATH/CodeIgniter.php(904): App\Controllers\Admin\BaseController->initController(Object(CodeIgniter\HTTP\IncomingRequest), Object(CodeIgniter\HTTP\Response), Object(CodeIgniter\Log\Logger))
 2 SYSTEMPATH/CodeIgniter.php(500): CodeIgniter\CodeIgniter->createController()
 3 SYSTEMPATH/CodeIgniter.php(355): CodeIgniter\CodeIgniter->handleRequest(null, Object(Config\Cache), false)
 4 SYSTEMPATH/Boot.php(325): CodeIgniter\CodeIgniter->run()
 5 SYSTEMPATH/Boot.php(67): CodeIgniter\Boot::runCodeIgniter(Object(CodeIgniter\CodeIgniter))
 6 FCPATH/index.php(56): CodeIgniter\Boot::bootWeb(Object(Config\Paths))
INFO - 2025-02-03 19:44:36 --> Session: Class initialized using 'CodeIgniter\Session\Handlers\FileHandler' driver.
WARNING - 2025-02-03 19:44:36 --> [DEPRECATED] Creation of dynamic property App\Controllers\Admin\Course::$session is deprecated in APPPATH/Controllers/Admin/BaseController.php on line 56.
 1 SYSTEMPATH/CodeIgniter.php(904): App\Controllers\Admin\BaseController->initController(Object(CodeIgniter\HTTP\IncomingRequest), Object(CodeIgniter\HTTP\Response), Object(CodeIgniter\Log\Logger))
 2 SYSTEMPATH/CodeIgniter.php(500): CodeIgniter\CodeIgniter->createController()
 3 SYSTEMPATH/CodeIgniter.php(355): CodeIgniter\CodeIgniter->handleRequest(null, Object(Config\Cache), false)
 4 SYSTEMPATH/Boot.php(325): CodeIgniter\CodeIgniter->run()
 5 SYSTEMPATH/Boot.php(67): CodeIgniter\Boot::runCodeIgniter(Object(CodeIgniter\CodeIgniter))
 6 FCPATH/index.php(56): CodeIgniter\Boot::bootWeb(Object(Config\Paths))
INFO - 2025-02-03 19:44:46 --> Session: Class initialized using 'CodeIgniter\Session\Handlers\FileHandler' driver.
WARNING - 2025-02-03 19:44:46 --> [DEPRECATED] Creation of dynamic property App\Controllers\Admin\Category::$session is deprecated in APPPATH/Controllers/Admin/BaseController.php on line 56.
 1 SYSTEMPATH/CodeIgniter.php(904): App\Controllers\Admin\BaseController->initController(Object(CodeIgniter\HTTP\IncomingRequest), Object(CodeIgniter\HTTP\Response), Object(CodeIgniter\Log\Logger))
 2 SYSTEMPATH/CodeIgniter.php(500): CodeIgniter\CodeIgniter->createController()
 3 SYSTEMPATH/CodeIgniter.php(355): CodeIgniter\CodeIgniter->handleRequest(null, Object(Config\Cache), false)
 4 SYSTEMPATH/Boot.php(325): CodeIgniter\CodeIgniter->run()
 5 SYSTEMPATH/Boot.php(67): CodeIgniter\Boot::runCodeIgniter(Object(CodeIgniter\CodeIgniter))
 6 FCPATH/index.php(56): CodeIgniter\Boot::bootWeb(Object(Config\Paths))
INFO - 2025-02-03 19:44:51 --> Session: Class initialized using 'CodeIgniter\Session\Handlers\FileHandler' driver.
WARNING - 2025-02-03 19:44:51 --> [DEPRECATED] Creation of dynamic property App\Controllers\Admin\Category::$session is deprecated in APPPATH/Controllers/Admin/BaseController.php on line 56.
 1 SYSTEMPATH/CodeIgniter.php(904): App\Controllers\Admin\BaseController->initController(Object(CodeIgniter\HTTP\IncomingRequest), Object(CodeIgniter\HTTP\Response), Object(CodeIgniter\Log\Logger))
 2 SYSTEMPATH/CodeIgniter.php(500): CodeIgniter\CodeIgniter->createController()
 3 SYSTEMPATH/CodeIgniter.php(355): CodeIgniter\CodeIgniter->handleRequest(null, Object(Config\Cache), false)
 4 SYSTEMPATH/Boot.php(325): CodeIgniter\CodeIgniter->run()
 5 SYSTEMPATH/Boot.php(67): CodeIgniter\Boot::runCodeIgniter(Object(CodeIgniter\CodeIgniter))
 6 FCPATH/index.php(56): CodeIgniter\Boot::bootWeb(Object(Config\Paths))
INFO - 2025-02-03 19:45:03 --> Session: Class initialized using 'CodeIgniter\Session\Handlers\FileHandler' driver.
WARNING - 2025-02-03 19:45:03 --> [DEPRECATED] Creation of dynamic property App\Controllers\Admin\User::$session is deprecated in APPPATH/Controllers/Admin/BaseController.php on line 56.
 1 SYSTEMPATH/CodeIgniter.php(904): App\Controllers\Admin\BaseController->initController(Object(CodeIgniter\HTTP\IncomingRequest), Object(CodeIgniter\HTTP\Response), Object(CodeIgniter\Log\Logger))
 2 SYSTEMPATH/CodeIgniter.php(500): CodeIgniter\CodeIgniter->createController()
 3 SYSTEMPATH/CodeIgniter.php(355): CodeIgniter\CodeIgniter->handleRequest(null, Object(Config\Cache), false)
 4 SYSTEMPATH/Boot.php(325): CodeIgniter\CodeIgniter->run()
 5 SYSTEMPATH/Boot.php(67): CodeIgniter\Boot::runCodeIgniter(Object(CodeIgniter\CodeIgniter))
 6 FCPATH/index.php(56): CodeIgniter\Boot::bootWeb(Object(Config\Paths))
INFO - 2025-02-03 19:45:05 --> Session: Class initialized using 'CodeIgniter\Session\Handlers\FileHandler' driver.
WARNING - 2025-02-03 19:45:05 --> [DEPRECATED] Creation of dynamic property App\Controllers\Admin\User::$session is deprecated in APPPATH/Controllers/Admin/BaseController.php on line 56.
 1 SYSTEMPATH/CodeIgniter.php(904): App\Controllers\Admin\BaseController->initController(Object(CodeIgniter\HTTP\IncomingRequest), Object(CodeIgniter\HTTP\Response), Object(CodeIgniter\Log\Logger))
 2 SYSTEMPATH/CodeIgniter.php(500): CodeIgniter\CodeIgniter->createController()
 3 SYSTEMPATH/CodeIgniter.php(355): CodeIgniter\CodeIgniter->handleRequest(null, Object(Config\Cache), false)
 4 SYSTEMPATH/Boot.php(325): CodeIgniter\CodeIgniter->run()
 5 SYSTEMPATH/Boot.php(67): CodeIgniter\Boot::runCodeIgniter(Object(CodeIgniter\CodeIgniter))
 6 FCPATH/index.php(56): CodeIgniter\Boot::bootWeb(Object(Config\Paths))
INFO - 2025-02-03 19:49:30 --> Session: Class initialized using 'CodeIgniter\Session\Handlers\FileHandler' driver.
WARNING - 2025-02-03 19:49:30 --> [DEPRECATED] Creation of dynamic property App\Controllers\Admin\User::$session is deprecated in APPPATH/Controllers/Admin/BaseController.php on line 56.
 1 SYSTEMPATH/CodeIgniter.php(904): App\Controllers\Admin\BaseController->initController(Object(CodeIgniter\HTTP\IncomingRequest), Object(CodeIgniter\HTTP\Response), Object(CodeIgniter\Log\Logger))
 2 SYSTEMPATH/CodeIgniter.php(500): CodeIgniter\CodeIgniter->createController()
 3 SYSTEMPATH/CodeIgniter.php(355): CodeIgniter\CodeIgniter->handleRequest(null, Object(Config\Cache), false)
 4 SYSTEMPATH/Boot.php(325): CodeIgniter\CodeIgniter->run()
 5 SYSTEMPATH/Boot.php(67): CodeIgniter\Boot::runCodeIgniter(Object(CodeIgniter\CodeIgniter))
 6 FCPATH/index.php(56): CodeIgniter\Boot::bootWeb(Object(Config\Paths))
INFO - 2025-02-03 19:49:32 --> Session: Class initialized using 'CodeIgniter\Session\Handlers\FileHandler' driver.
WARNING - 2025-02-03 19:49:32 --> [DEPRECATED] Creation of dynamic property App\Controllers\Admin\User::$session is deprecated in APPPATH/Controllers/Admin/BaseController.php on line 56.
 1 SYSTEMPATH/CodeIgniter.php(904): App\Controllers\Admin\BaseController->initController(Object(CodeIgniter\HTTP\IncomingRequest), Object(CodeIgniter\HTTP\Response), Object(CodeIgniter\Log\Logger))
 2 SYSTEMPATH/CodeIgniter.php(500): CodeIgniter\CodeIgniter->createController()
 3 SYSTEMPATH/CodeIgniter.php(355): CodeIgniter\CodeIgniter->handleRequest(null, Object(Config\Cache), false)
 4 SYSTEMPATH/Boot.php(325): CodeIgniter\CodeIgniter->run()
 5 SYSTEMPATH/Boot.php(67): CodeIgniter\Boot::runCodeIgniter(Object(CodeIgniter\CodeIgniter))
 6 FCPATH/index.php(56): CodeIgniter\Boot::bootWeb(Object(Config\Paths))
INFO - 2025-02-03 19:49:56 --> Session: Class initialized using 'CodeIgniter\Session\Handlers\FileHandler' driver.
WARNING - 2025-02-03 19:49:56 --> [DEPRECATED] Creation of dynamic property App\Controllers\Admin\User::$session is deprecated in APPPATH/Controllers/Admin/BaseController.php on line 56.
 1 SYSTEMPATH/CodeIgniter.php(904): App\Controllers\Admin\BaseController->initController(Object(CodeIgniter\HTTP\IncomingRequest), Object(CodeIgniter\HTTP\Response), Object(CodeIgniter\Log\Logger))
 2 SYSTEMPATH/CodeIgniter.php(500): CodeIgniter\CodeIgniter->createController()
 3 SYSTEMPATH/CodeIgniter.php(355): CodeIgniter\CodeIgniter->handleRequest(null, Object(Config\Cache), false)
 4 SYSTEMPATH/Boot.php(325): CodeIgniter\CodeIgniter->run()
 5 SYSTEMPATH/Boot.php(67): CodeIgniter\Boot::runCodeIgniter(Object(CodeIgniter\CodeIgniter))
 6 FCPATH/index.php(56): CodeIgniter\Boot::bootWeb(Object(Config\Paths))
INFO - 2025-02-03 19:50:08 --> Session: Class initialized using 'CodeIgniter\Session\Handlers\FileHandler' driver.
WARNING - 2025-02-03 19:50:08 --> [DEPRECATED] Creation of dynamic property App\Controllers\Admin\Category::$session is deprecated in APPPATH/Controllers/Admin/BaseController.php on line 56.
 1 SYSTEMPATH/CodeIgniter.php(904): App\Controllers\Admin\BaseController->initController(Object(CodeIgniter\HTTP\IncomingRequest), Object(CodeIgniter\HTTP\Response), Object(CodeIgniter\Log\Logger))
 2 SYSTEMPATH/CodeIgniter.php(500): CodeIgniter\CodeIgniter->createController()
 3 SYSTEMPATH/CodeIgniter.php(355): CodeIgniter\CodeIgniter->handleRequest(null, Object(Config\Cache), false)
 4 SYSTEMPATH/Boot.php(325): CodeIgniter\CodeIgniter->run()
 5 SYSTEMPATH/Boot.php(67): CodeIgniter\Boot::runCodeIgniter(Object(CodeIgniter\CodeIgniter))
 6 FCPATH/index.php(56): CodeIgniter\Boot::bootWeb(Object(Config\Paths))
INFO - 2025-02-03 19:50:11 --> Session: Class initialized using 'CodeIgniter\Session\Handlers\FileHandler' driver.
INFO - 2025-02-03 19:50:13 --> Session: Class initialized using 'CodeIgniter\Session\Handlers\FileHandler' driver.
INFO - 2025-02-03 19:50:14 --> Session: Class initialized using 'CodeIgniter\Session\Handlers\FileHandler' driver.
INFO - 2025-02-03 19:50:23 --> Session: Class initialized using 'CodeIgniter\Session\Handlers\FileHandler' driver.
INFO - 2025-02-03 19:50:25 --> Session: Class initialized using 'CodeIgniter\Session\Handlers\FileHandler' driver.
WARNING - 2025-02-03 19:50:25 --> [DEPRECATED] Creation of dynamic property App\Controllers\User\User::$data is deprecated in APPPATH/Controllers/User/BaseController.php on line 58.
 1 SYSTEMPATH/CodeIgniter.php(904): App\Controllers\User\BaseController->initController(Object(CodeIgniter\HTTP\IncomingRequest), Object(CodeIgniter\HTTP\Response), Object(CodeIgniter\Log\Logger))
 2 SYSTEMPATH/CodeIgniter.php(500): CodeIgniter\CodeIgniter->createController()
 3 SYSTEMPATH/CodeIgniter.php(355): CodeIgniter\CodeIgniter->handleRequest(null, Object(Config\Cache), false)
 4 SYSTEMPATH/Boot.php(325): CodeIgniter\CodeIgniter->run()
 5 SYSTEMPATH/Boot.php(67): CodeIgniter\Boot::runCodeIgniter(Object(CodeIgniter\CodeIgniter))
 6 FCPATH/index.php(56): CodeIgniter\Boot::bootWeb(Object(Config\Paths))
INFO - 2025-02-03 19:50:27 --> Session: Class initialized using 'CodeIgniter\Session\Handlers\FileHandler' driver.
WARNING - 2025-02-03 19:50:27 --> [DEPRECATED] Creation of dynamic property App\Controllers\Admin\Category::$session is deprecated in APPPATH/Controllers/Admin/BaseController.php on line 56.
 1 SYSTEMPATH/CodeIgniter.php(904): App\Controllers\Admin\BaseController->initController(Object(CodeIgniter\HTTP\IncomingRequest), Object(CodeIgniter\HTTP\Response), Object(CodeIgniter\Log\Logger))
 2 SYSTEMPATH/CodeIgniter.php(500): CodeIgniter\CodeIgniter->createController()
 3 SYSTEMPATH/CodeIgniter.php(355): CodeIgniter\CodeIgniter->handleRequest(null, Object(Config\Cache), false)
 4 SYSTEMPATH/Boot.php(325): CodeIgniter\CodeIgniter->run()
 5 SYSTEMPATH/Boot.php(67): CodeIgniter\Boot::runCodeIgniter(Object(CodeIgniter\CodeIgniter))
 6 FCPATH/index.php(56): CodeIgniter\Boot::bootWeb(Object(Config\Paths))
INFO - 2025-02-03 19:50:28 --> Session: Class initialized using 'CodeIgniter\Session\Handlers\FileHandler' driver.
WARNING - 2025-02-03 19:50:28 --> [DEPRECATED] Creation of dynamic property App\Controllers\Admin\Category::$session is deprecated in APPPATH/Controllers/Admin/BaseController.php on line 56.
 1 SYSTEMPATH/CodeIgniter.php(904): App\Controllers\Admin\BaseController->initController(Object(CodeIgniter\HTTP\IncomingRequest), Object(CodeIgniter\HTTP\Response), Object(CodeIgniter\Log\Logger))
 2 SYSTEMPATH/CodeIgniter.php(500): CodeIgniter\CodeIgniter->createController()
 3 SYSTEMPATH/CodeIgniter.php(355): CodeIgniter\CodeIgniter->handleRequest(null, Object(Config\Cache), false)
 4 SYSTEMPATH/Boot.php(325): CodeIgniter\CodeIgniter->run()
 5 SYSTEMPATH/Boot.php(67): CodeIgniter\Boot::runCodeIgniter(Object(CodeIgniter\CodeIgniter))
 6 FCPATH/index.php(56): CodeIgniter\Boot::bootWeb(Object(Config\Paths))
INFO - 2025-02-03 19:50:37 --> Session: Class initialized using 'CodeIgniter\Session\Handlers\FileHandler' driver.
WARNING - 2025-02-03 19:50:37 --> [DEPRECATED] Creation of dynamic property App\Controllers\Admin\Course::$session is deprecated in APPPATH/Controllers/Admin/BaseController.php on line 56.
 1 SYSTEMPATH/CodeIgniter.php(904): App\Controllers\Admin\BaseController->initController(Object(CodeIgniter\HTTP\IncomingRequest), Object(CodeIgniter\HTTP\Response), Object(CodeIgniter\Log\Logger))
 2 SYSTEMPATH/CodeIgniter.php(500): CodeIgniter\CodeIgniter->createController()
 3 SYSTEMPATH/CodeIgniter.php(355): CodeIgniter\CodeIgniter->handleRequest(null, Object(Config\Cache), false)
 4 SYSTEMPATH/Boot.php(325): CodeIgniter\CodeIgniter->run()
 5 SYSTEMPATH/Boot.php(67): CodeIgniter\Boot::runCodeIgniter(Object(CodeIgniter\CodeIgniter))
 6 FCPATH/index.php(56): CodeIgniter\Boot::bootWeb(Object(Config\Paths))
INFO - 2025-02-03 19:50:38 --> Session: Class initialized using 'CodeIgniter\Session\Handlers\FileHandler' driver.
WARNING - 2025-02-03 19:50:38 --> [DEPRECATED] Creation of dynamic property App\Controllers\Admin\Category::$session is deprecated in APPPATH/Controllers/Admin/BaseController.php on line 56.
 1 SYSTEMPATH/CodeIgniter.php(904): App\Controllers\Admin\BaseController->initController(Object(CodeIgniter\HTTP\IncomingRequest), Object(CodeIgniter\HTTP\Response), Object(CodeIgniter\Log\Logger))
 2 SYSTEMPATH/CodeIgniter.php(500): CodeIgniter\CodeIgniter->createController()
 3 SYSTEMPATH/CodeIgniter.php(355): CodeIgniter\CodeIgniter->handleRequest(null, Object(Config\Cache), false)
 4 SYSTEMPATH/Boot.php(325): CodeIgniter\CodeIgniter->run()
 5 SYSTEMPATH/Boot.php(67): CodeIgniter\Boot::runCodeIgniter(Object(CodeIgniter\CodeIgniter))
 6 FCPATH/index.php(56): CodeIgniter\Boot::bootWeb(Object(Config\Paths))
INFO - 2025-02-03 19:50:39 --> Session: Class initialized using 'CodeIgniter\Session\Handlers\FileHandler' driver.
WARNING - 2025-02-03 19:50:39 --> [DEPRECATED] Creation of dynamic property App\Controllers\Admin\Course::$session is deprecated in APPPATH/Controllers/Admin/BaseController.php on line 56.
 1 SYSTEMPATH/CodeIgniter.php(904): App\Controllers\Admin\BaseController->initController(Object(CodeIgniter\HTTP\IncomingRequest), Object(CodeIgniter\HTTP\Response), Object(CodeIgniter\Log\Logger))
 2 SYSTEMPATH/CodeIgniter.php(500): CodeIgniter\CodeIgniter->createController()
 3 SYSTEMPATH/CodeIgniter.php(355): CodeIgniter\CodeIgniter->handleRequest(null, Object(Config\Cache), false)
 4 SYSTEMPATH/Boot.php(325): CodeIgniter\CodeIgniter->run()
 5 SYSTEMPATH/Boot.php(67): CodeIgniter\Boot::runCodeIgniter(Object(CodeIgniter\CodeIgniter))
 6 FCPATH/index.php(56): CodeIgniter\Boot::bootWeb(Object(Config\Paths))
INFO - 2025-02-03 19:50:45 --> Session: Class initialized using 'CodeIgniter\Session\Handlers\FileHandler' driver.
WARNING - 2025-02-03 19:50:45 --> [DEPRECATED] Creation of dynamic property App\Controllers\Admin\Download::$session is deprecated in APPPATH/Controllers/Admin/BaseController.php on line 56.
 1 SYSTEMPATH/CodeIgniter.php(904): App\Controllers\Admin\BaseController->initController(Object(CodeIgniter\HTTP\IncomingRequest), Object(CodeIgniter\HTTP\Response), Object(CodeIgniter\Log\Logger))
 2 SYSTEMPATH/CodeIgniter.php(500): CodeIgniter\CodeIgniter->createController()
 3 SYSTEMPATH/CodeIgniter.php(355): CodeIgniter\CodeIgniter->handleRequest(null, Object(Config\Cache), false)
 4 SYSTEMPATH/Boot.php(325): CodeIgniter\CodeIgniter->run()
 5 SYSTEMPATH/Boot.php(67): CodeIgniter\Boot::runCodeIgniter(Object(CodeIgniter\CodeIgniter))
 6 FCPATH/index.php(56): CodeIgniter\Boot::bootWeb(Object(Config\Paths))
INFO - 2025-02-03 19:50:45 --> Session: Class initialized using 'CodeIgniter\Session\Handlers\FileHandler' driver.
WARNING - 2025-02-03 19:50:45 --> [DEPRECATED] Creation of dynamic property App\Controllers\Admin\Category::$session is deprecated in APPPATH/Controllers/Admin/BaseController.php on line 56.
 1 SYSTEMPATH/CodeIgniter.php(904): App\Controllers\Admin\BaseController->initController(Object(CodeIgniter\HTTP\IncomingRequest), Object(CodeIgniter\HTTP\Response), Object(CodeIgniter\Log\Logger))
 2 SYSTEMPATH/CodeIgniter.php(500): CodeIgniter\CodeIgniter->createController()
 3 SYSTEMPATH/CodeIgniter.php(355): CodeIgniter\CodeIgniter->handleRequest(null, Object(Config\Cache), false)
 4 SYSTEMPATH/Boot.php(325): CodeIgniter\CodeIgniter->run()
 5 SYSTEMPATH/Boot.php(67): CodeIgniter\Boot::runCodeIgniter(Object(CodeIgniter\CodeIgniter))
 6 FCPATH/index.php(56): CodeIgniter\Boot::bootWeb(Object(Config\Paths))
INFO - 2025-02-03 19:50:49 --> Session: Class initialized using 'CodeIgniter\Session\Handlers\FileHandler' driver.
WARNING - 2025-02-03 19:50:49 --> [DEPRECATED] Creation of dynamic property App\Controllers\Admin\MySQLQueryExecute::$session is deprecated in APPPATH/Controllers/Admin/BaseController.php on line 56.
 1 SYSTEMPATH/CodeIgniter.php(904): App\Controllers\Admin\BaseController->initController(Object(CodeIgniter\HTTP\IncomingRequest), Object(CodeIgniter\HTTP\Response), Object(CodeIgniter\Log\Logger))
 2 SYSTEMPATH/CodeIgniter.php(500): CodeIgniter\CodeIgniter->createController()
 3 SYSTEMPATH/CodeIgniter.php(355): CodeIgniter\CodeIgniter->handleRequest(null, Object(Config\Cache), false)
 4 SYSTEMPATH/Boot.php(325): CodeIgniter\CodeIgniter->run()
 5 SYSTEMPATH/Boot.php(67): CodeIgniter\Boot::runCodeIgniter(Object(CodeIgniter\CodeIgniter))
 6 FCPATH/index.php(56): CodeIgniter\Boot::bootWeb(Object(Config\Paths))
INFO - 2025-02-03 19:50:50 --> Session: Class initialized using 'CodeIgniter\Session\Handlers\FileHandler' driver.
INFO - 2025-02-03 19:51:00 --> Session: Class initialized using 'CodeIgniter\Session\Handlers\FileHandler' driver.
INFO - 2025-02-03 19:51:02 --> Session: Class initialized using 'CodeIgniter\Session\Handlers\FileHandler' driver.
INFO - 2025-02-03 19:51:07 --> Session: Class initialized using 'CodeIgniter\Session\Handlers\FileHandler' driver.
INFO - 2025-02-03 19:51:08 --> Session: Class initialized using 'CodeIgniter\Session\Handlers\FileHandler' driver.
INFO - 2025-02-03 19:51:10 --> Session: Class initialized using 'CodeIgniter\Session\Handlers\FileHandler' driver.
INFO - 2025-02-03 19:51:12 --> Session: Class initialized using 'CodeIgniter\Session\Handlers\FileHandler' driver.
INFO - 2025-02-03 19:51:14 --> Session: Class initialized using 'CodeIgniter\Session\Handlers\FileHandler' driver.
INFO - 2025-02-03 19:51:15 --> Session: Class initialized using 'CodeIgniter\Session\Handlers\FileHandler' driver.
INFO - 2025-02-03 19:51:18 --> Session: Class initialized using 'CodeIgniter\Session\Handlers\FileHandler' driver.
INFO - 2025-02-03 19:51:21 --> Session: Class initialized using 'CodeIgniter\Session\Handlers\FileHandler' driver.
INFO - 2025-02-03 19:51:32 --> Session: Class initialized using 'CodeIgniter\Session\Handlers\FileHandler' driver.
INFO - 2025-02-03 19:51:33 --> Session: Class initialized using 'CodeIgniter\Session\Handlers\FileHandler' driver.
INFO - 2025-02-03 19:51:35 --> Session: Class initialized using 'CodeIgniter\Session\Handlers\FileHandler' driver.
INFO - 2025-02-03 19:51:42 --> Session: Class initialized using 'CodeIgniter\Session\Handlers\FileHandler' driver.
INFO - 2025-02-03 19:51:44 --> Session: Class initialized using 'CodeIgniter\Session\Handlers\FileHandler' driver.
INFO - 2025-02-03 19:51:49 --> Session: Class initialized using 'CodeIgniter\Session\Handlers\FileHandler' driver.
INFO - 2025-02-03 19:52:08 --> Session: Class initialized using 'CodeIgniter\Session\Handlers\FileHandler' driver.
INFO - 2025-02-03 19:52:10 --> Session: Class initialized using 'CodeIgniter\Session\Handlers\FileHandler' driver.
INFO - 2025-02-03 19:52:12 --> Session: Class initialized using 'CodeIgniter\Session\Handlers\FileHandler' driver.
INFO - 2025-02-03 19:52:15 --> Session: Class initialized using 'CodeIgniter\Session\Handlers\FileHandler' driver.
INFO - 2025-02-03 19:52:19 --> Session: Class initialized using 'CodeIgniter\Session\Handlers\FileHandler' driver.
INFO - 2025-02-03 19:52:20 --> Session: Class initialized using 'CodeIgniter\Session\Handlers\FileHandler' driver.
INFO - 2025-02-03 19:52:22 --> Session: Class initialized using 'CodeIgniter\Session\Handlers\FileHandler' driver.
INFO - 2025-02-03 19:52:46 --> Session: Class initialized using 'CodeIgniter\Session\Handlers\FileHandler' driver.
INFO - 2025-02-03 19:52:58 --> Session: Class initialized using 'CodeIgniter\Session\Handlers\FileHandler' driver.
INFO - 2025-02-03 19:53:09 --> Session: Class initialized using 'CodeIgniter\Session\Handlers\FileHandler' driver.
INFO - 2025-02-03 19:53:22 --> Session: Class initialized using 'CodeIgniter\Session\Handlers\FileHandler' driver.
INFO - 2025-02-03 19:53:28 --> Session: Class initialized using 'CodeIgniter\Session\Handlers\FileHandler' driver.
INFO - 2025-02-03 19:53:31 --> Session: Class initialized using 'CodeIgniter\Session\Handlers\FileHandler' driver.
INFO - 2025-02-03 19:53:34 --> Session: Class initialized using 'CodeIgniter\Session\Handlers\FileHandler' driver.
INFO - 2025-02-03 19:53:35 --> Session: Class initialized using 'CodeIgniter\Session\Handlers\FileHandler' driver.
WARNING - 2025-02-03 19:53:35 --> [DEPRECATED] Creation of dynamic property App\Controllers\User\User::$data is deprecated in APPPATH/Controllers/User/BaseController.php on line 58.
 1 SYSTEMPATH/CodeIgniter.php(904): App\Controllers\User\BaseController->initController(Object(CodeIgniter\HTTP\IncomingRequest), Object(CodeIgniter\HTTP\Response), Object(CodeIgniter\Log\Logger))
 2 SYSTEMPATH/CodeIgniter.php(500): CodeIgniter\CodeIgniter->createController()
 3 SYSTEMPATH/CodeIgniter.php(355): CodeIgniter\CodeIgniter->handleRequest(null, Object(Config\Cache), false)
 4 SYSTEMPATH/Boot.php(325): CodeIgniter\CodeIgniter->run()
 5 SYSTEMPATH/Boot.php(67): CodeIgniter\Boot::runCodeIgniter(Object(CodeIgniter\CodeIgniter))
 6 FCPATH/index.php(56): CodeIgniter\Boot::bootWeb(Object(Config\Paths))
INFO - 2025-02-03 19:53:43 --> Session: Class initialized using 'CodeIgniter\Session\Handlers\FileHandler' driver.
WARNING - 2025-02-03 19:53:43 --> [DEPRECATED] Creation of dynamic property App\Controllers\Admin\User::$session is deprecated in APPPATH/Controllers/Admin/BaseController.php on line 56.
 1 SYSTEMPATH/CodeIgniter.php(904): App\Controllers\Admin\BaseController->initController(Object(CodeIgniter\HTTP\IncomingRequest), Object(CodeIgniter\HTTP\Response), Object(CodeIgniter\Log\Logger))
 2 SYSTEMPATH/CodeIgniter.php(500): CodeIgniter\CodeIgniter->createController()
 3 SYSTEMPATH/CodeIgniter.php(355): CodeIgniter\CodeIgniter->handleRequest(null, Object(Config\Cache), false)
 4 SYSTEMPATH/Boot.php(325): CodeIgniter\CodeIgniter->run()
 5 SYSTEMPATH/Boot.php(67): CodeIgniter\Boot::runCodeIgniter(Object(CodeIgniter\CodeIgniter))
 6 FCPATH/index.php(56): CodeIgniter\Boot::bootWeb(Object(Config\Paths))
INFO - 2025-02-03 19:53:46 --> Session: Class initialized using 'CodeIgniter\Session\Handlers\FileHandler' driver.
WARNING - 2025-02-03 19:53:46 --> [DEPRECATED] Creation of dynamic property App\Controllers\Admin\User::$session is deprecated in APPPATH/Controllers/Admin/BaseController.php on line 56.
 1 SYSTEMPATH/CodeIgniter.php(904): App\Controllers\Admin\BaseController->initController(Object(CodeIgniter\HTTP\IncomingRequest), Object(CodeIgniter\HTTP\Response), Object(CodeIgniter\Log\Logger))
 2 SYSTEMPATH/CodeIgniter.php(500): CodeIgniter\CodeIgniter->createController()
 3 SYSTEMPATH/CodeIgniter.php(355): CodeIgniter\CodeIgniter->handleRequest(null, Object(Config\Cache), false)
 4 SYSTEMPATH/Boot.php(325): CodeIgniter\CodeIgniter->run()
 5 SYSTEMPATH/Boot.php(67): CodeIgniter\Boot::runCodeIgniter(Object(CodeIgniter\CodeIgniter))
 6 FCPATH/index.php(56): CodeIgniter\Boot::bootWeb(Object(Config\Paths))
INFO - 2025-02-03 19:53:58 --> Session: Class initialized using 'CodeIgniter\Session\Handlers\FileHandler' driver.
WARNING - 2025-02-03 19:53:58 --> [DEPRECATED] Creation of dynamic property App\Controllers\Admin\User::$session is deprecated in APPPATH/Controllers/Admin/BaseController.php on line 56.
 1 SYSTEMPATH/CodeIgniter.php(904): App\Controllers\Admin\BaseController->initController(Object(CodeIgniter\HTTP\IncomingRequest), Object(CodeIgniter\HTTP\Response), Object(CodeIgniter\Log\Logger))
 2 SYSTEMPATH/CodeIgniter.php(500): CodeIgniter\CodeIgniter->createController()
 3 SYSTEMPATH/CodeIgniter.php(355): CodeIgniter\CodeIgniter->handleRequest(null, Object(Config\Cache), false)
 4 SYSTEMPATH/Boot.php(325): CodeIgniter\CodeIgniter->run()
 5 SYSTEMPATH/Boot.php(67): CodeIgniter\Boot::runCodeIgniter(Object(CodeIgniter\CodeIgniter))
 6 FCPATH/index.php(56): CodeIgniter\Boot::bootWeb(Object(Config\Paths))
INFO - 2025-02-03 19:54:03 --> Session: Class initialized using 'CodeIgniter\Session\Handlers\FileHandler' driver.
WARNING - 2025-02-03 19:54:03 --> [DEPRECATED] Creation of dynamic property App\Controllers\Admin\User::$session is deprecated in APPPATH/Controllers/Admin/BaseController.php on line 56.
 1 SYSTEMPATH/CodeIgniter.php(904): App\Controllers\Admin\BaseController->initController(Object(CodeIgniter\HTTP\IncomingRequest), Object(CodeIgniter\HTTP\Response), Object(CodeIgniter\Log\Logger))
 2 SYSTEMPATH/CodeIgniter.php(500): CodeIgniter\CodeIgniter->createController()
 3 SYSTEMPATH/CodeIgniter.php(355): CodeIgniter\CodeIgniter->handleRequest(null, Object(Config\Cache), false)
 4 SYSTEMPATH/Boot.php(325): CodeIgniter\CodeIgniter->run()
 5 SYSTEMPATH/Boot.php(67): CodeIgniter\Boot::runCodeIgniter(Object(CodeIgniter\CodeIgniter))
 6 FCPATH/index.php(56): CodeIgniter\Boot::bootWeb(Object(Config\Paths))
INFO - 2025-02-03 19:54:05 --> Session: Class initialized using 'CodeIgniter\Session\Handlers\FileHandler' driver.
WARNING - 2025-02-03 19:54:05 --> [DEPRECATED] Creation of dynamic property App\Controllers\Admin\User::$session is deprecated in APPPATH/Controllers/Admin/BaseController.php on line 56.
 1 SYSTEMPATH/CodeIgniter.php(904): App\Controllers\Admin\BaseController->initController(Object(CodeIgniter\HTTP\IncomingRequest), Object(CodeIgniter\HTTP\Response), Object(CodeIgniter\Log\Logger))
 2 SYSTEMPATH/CodeIgniter.php(500): CodeIgniter\CodeIgniter->createController()
 3 SYSTEMPATH/CodeIgniter.php(355): CodeIgniter\CodeIgniter->handleRequest(null, Object(Config\Cache), false)
 4 SYSTEMPATH/Boot.php(325): CodeIgniter\CodeIgniter->run()
 5 SYSTEMPATH/Boot.php(67): CodeIgniter\Boot::runCodeIgniter(Object(CodeIgniter\CodeIgniter))
 6 FCPATH/index.php(56): CodeIgniter\Boot::bootWeb(Object(Config\Paths))
INFO - 2025-02-03 19:54:12 --> Session: Class initialized using 'CodeIgniter\Session\Handlers\FileHandler' driver.
WARNING - 2025-02-03 19:54:12 --> [DEPRECATED] Creation of dynamic property App\Controllers\Admin\User::$session is deprecated in APPPATH/Controllers/Admin/BaseController.php on line 56.
 1 SYSTEMPATH/CodeIgniter.php(904): App\Controllers\Admin\BaseController->initController(Object(CodeIgniter\HTTP\IncomingRequest), Object(CodeIgniter\HTTP\Response), Object(CodeIgniter\Log\Logger))
 2 SYSTEMPATH/CodeIgniter.php(500): CodeIgniter\CodeIgniter->createController()
 3 SYSTEMPATH/CodeIgniter.php(355): CodeIgniter\CodeIgniter->handleRequest(null, Object(Config\Cache), false)
 4 SYSTEMPATH/Boot.php(325): CodeIgniter\CodeIgniter->run()
 5 SYSTEMPATH/Boot.php(67): CodeIgniter\Boot::runCodeIgniter(Object(CodeIgniter\CodeIgniter))
 6 FCPATH/index.php(56): CodeIgniter\Boot::bootWeb(Object(Config\Paths))
INFO - 2025-02-03 19:54:16 --> Session: Class initialized using 'CodeIgniter\Session\Handlers\FileHandler' driver.
INFO - 2025-02-03 19:54:16 --> Session: Class initialized using 'CodeIgniter\Session\Handlers\FileHandler' driver.
INFO - 2025-02-03 19:54:18 --> Session: Class initialized using 'CodeIgniter\Session\Handlers\FileHandler' driver.
INFO - 2025-02-03 19:54:48 --> Session: Class initialized using 'CodeIgniter\Session\Handlers\FileHandler' driver.
INFO - 2025-02-03 19:54:51 --> Session: Class initialized using 'CodeIgniter\Session\Handlers\FileHandler' driver.
INFO - 2025-02-03 19:54:54 --> Session: Class initialized using 'CodeIgniter\Session\Handlers\FileHandler' driver.
INFO - 2025-02-03 19:54:54 --> Session: Class initialized using 'CodeIgniter\Session\Handlers\FileHandler' driver.
WARNING - 2025-02-03 19:54:54 --> [DEPRECATED] Creation of dynamic property App\Controllers\User\User::$data is deprecated in APPPATH/Controllers/User/BaseController.php on line 58.
 1 SYSTEMPATH/CodeIgniter.php(904): App\Controllers\User\BaseController->initController(Object(CodeIgniter\HTTP\IncomingRequest), Object(CodeIgniter\HTTP\Response), Object(CodeIgniter\Log\Logger))
 2 SYSTEMPATH/CodeIgniter.php(500): CodeIgniter\CodeIgniter->createController()
 3 SYSTEMPATH/CodeIgniter.php(355): CodeIgniter\CodeIgniter->handleRequest(null, Object(Config\Cache), false)
 4 SYSTEMPATH/Boot.php(325): CodeIgniter\CodeIgniter->run()
 5 SYSTEMPATH/Boot.php(67): CodeIgniter\Boot::runCodeIgniter(Object(CodeIgniter\CodeIgniter))
 6 FCPATH/index.php(56): CodeIgniter\Boot::bootWeb(Object(Config\Paths))
INFO - 2025-02-03 19:55:05 --> Session: Class initialized using 'CodeIgniter\Session\Handlers\FileHandler' driver.
WARNING - 2025-02-03 19:55:05 --> [DEPRECATED] Creation of dynamic property App\Controllers\Admin\Category::$session is deprecated in APPPATH/Controllers/Admin/BaseController.php on line 56.
 1 SYSTEMPATH/CodeIgniter.php(904): App\Controllers\Admin\BaseController->initController(Object(CodeIgniter\HTTP\IncomingRequest), Object(CodeIgniter\HTTP\Response), Object(CodeIgniter\Log\Logger))
 2 SYSTEMPATH/CodeIgniter.php(500): CodeIgniter\CodeIgniter->createController()
 3 SYSTEMPATH/CodeIgniter.php(355): CodeIgniter\CodeIgniter->handleRequest(null, Object(Config\Cache), false)
 4 SYSTEMPATH/Boot.php(325): CodeIgniter\CodeIgniter->run()
 5 SYSTEMPATH/Boot.php(67): CodeIgniter\Boot::runCodeIgniter(Object(CodeIgniter\CodeIgniter))
 6 FCPATH/index.php(56): CodeIgniter\Boot::bootWeb(Object(Config\Paths))
INFO - 2025-02-03 19:55:09 --> Session: Class initialized using 'CodeIgniter\Session\Handlers\FileHandler' driver.
WARNING - 2025-02-03 19:55:09 --> [DEPRECATED] Creation of dynamic property App\Controllers\Admin\Category::$session is deprecated in APPPATH/Controllers/Admin/BaseController.php on line 56.
 1 SYSTEMPATH/CodeIgniter.php(904): App\Controllers\Admin\BaseController->initController(Object(CodeIgniter\HTTP\IncomingRequest), Object(CodeIgniter\HTTP\Response), Object(CodeIgniter\Log\Logger))
 2 SYSTEMPATH/CodeIgniter.php(500): CodeIgniter\CodeIgniter->createController()
 3 SYSTEMPATH/CodeIgniter.php(355): CodeIgniter\CodeIgniter->handleRequest(null, Object(Config\Cache), false)
 4 SYSTEMPATH/Boot.php(325): CodeIgniter\CodeIgniter->run()
 5 SYSTEMPATH/Boot.php(67): CodeIgniter\Boot::runCodeIgniter(Object(CodeIgniter\CodeIgniter))
 6 FCPATH/index.php(56): CodeIgniter\Boot::bootWeb(Object(Config\Paths))
INFO - 2025-02-03 19:55:17 --> Session: Class initialized using 'CodeIgniter\Session\Handlers\FileHandler' driver.
WARNING - 2025-02-03 19:55:17 --> [DEPRECATED] Creation of dynamic property App\Controllers\User\User::$data is deprecated in APPPATH/Controllers/User/BaseController.php on line 58.
 1 SYSTEMPATH/CodeIgniter.php(904): App\Controllers\User\BaseController->initController(Object(CodeIgniter\HTTP\IncomingRequest), Object(CodeIgniter\HTTP\Response), Object(CodeIgniter\Log\Logger))
 2 SYSTEMPATH/CodeIgniter.php(500): CodeIgniter\CodeIgniter->createController()
 3 SYSTEMPATH/CodeIgniter.php(355): CodeIgniter\CodeIgniter->handleRequest(null, Object(Config\Cache), false)
 4 SYSTEMPATH/Boot.php(325): CodeIgniter\CodeIgniter->run()
 5 SYSTEMPATH/Boot.php(67): CodeIgniter\Boot::runCodeIgniter(Object(CodeIgniter\CodeIgniter))
 6 FCPATH/index.php(56): CodeIgniter\Boot::bootWeb(Object(Config\Paths))
INFO - 2025-02-03 19:55:30 --> Session: Class initialized using 'CodeIgniter\Session\Handlers\FileHandler' driver.
WARNING - 2025-02-03 19:55:30 --> [DEPRECATED] Creation of dynamic property App\Controllers\User\User::$data is deprecated in APPPATH/Controllers/User/BaseController.php on line 58.
 1 SYSTEMPATH/CodeIgniter.php(904): App\Controllers\User\BaseController->initController(Object(CodeIgniter\HTTP\IncomingRequest), Object(CodeIgniter\HTTP\Response), Object(CodeIgniter\Log\Logger))
 2 SYSTEMPATH/CodeIgniter.php(500): CodeIgniter\CodeIgniter->createController()
 3 SYSTEMPATH/CodeIgniter.php(355): CodeIgniter\CodeIgniter->handleRequest(null, Object(Config\Cache), false)
 4 SYSTEMPATH/Boot.php(325): CodeIgniter\CodeIgniter->run()
 5 SYSTEMPATH/Boot.php(67): CodeIgniter\Boot::runCodeIgniter(Object(CodeIgniter\CodeIgniter))
 6 FCPATH/index.php(56): CodeIgniter\Boot::bootWeb(Object(Config\Paths))
INFO - 2025-02-03 19:55:40 --> Session: Class initialized using 'CodeIgniter\Session\Handlers\FileHandler' driver.
INFO - 2025-02-03 19:55:41 --> Session: Class initialized using 'CodeIgniter\Session\Handlers\FileHandler' driver.
INFO - 2025-02-03 19:56:15 --> Session: Class initialized using 'CodeIgniter\Session\Handlers\FileHandler' driver.
INFO - 2025-02-03 19:56:23 --> Session: Class initialized using 'CodeIgniter\Session\Handlers\FileHandler' driver.
INFO - 2025-02-03 19:56:34 --> Session: Class initialized using 'CodeIgniter\Session\Handlers\FileHandler' driver.
INFO - 2025-02-03 19:56:41 --> Session: Class initialized using 'CodeIgniter\Session\Handlers\FileHandler' driver.
INFO - 2025-02-03 19:56:47 --> Session: Class initialized using 'CodeIgniter\Session\Handlers\FileHandler' driver.
WARNING - 2025-02-03 19:56:47 --> [DEPRECATED] Creation of dynamic property App\Controllers\Admin\User::$session is deprecated in APPPATH/Controllers/Admin/BaseController.php on line 56.
 1 SYSTEMPATH/CodeIgniter.php(904): App\Controllers\Admin\BaseController->initController(Object(CodeIgniter\HTTP\IncomingRequest), Object(CodeIgniter\HTTP\Response), Object(CodeIgniter\Log\Logger))
 2 SYSTEMPATH/CodeIgniter.php(500): CodeIgniter\CodeIgniter->createController()
 3 SYSTEMPATH/CodeIgniter.php(355): CodeIgniter\CodeIgniter->handleRequest(null, Object(Config\Cache), false)
 4 SYSTEMPATH/Boot.php(325): CodeIgniter\CodeIgniter->run()
 5 SYSTEMPATH/Boot.php(67): CodeIgniter\Boot::runCodeIgniter(Object(CodeIgniter\CodeIgniter))
 6 FCPATH/index.php(56): CodeIgniter\Boot::bootWeb(Object(Config\Paths))
INFO - 2025-02-03 19:56:51 --> Session: Class initialized using 'CodeIgniter\Session\Handlers\FileHandler' driver.
WARNING - 2025-02-03 19:56:51 --> [DEPRECATED] Creation of dynamic property App\Controllers\Admin\User::$session is deprecated in APPPATH/Controllers/Admin/BaseController.php on line 56.
 1 SYSTEMPATH/CodeIgniter.php(904): App\Controllers\Admin\BaseController->initController(Object(CodeIgniter\HTTP\IncomingRequest), Object(CodeIgniter\HTTP\Response), Object(CodeIgniter\Log\Logger))
 2 SYSTEMPATH/CodeIgniter.php(500): CodeIgniter\CodeIgniter->createController()
 3 SYSTEMPATH/CodeIgniter.php(355): CodeIgniter\CodeIgniter->handleRequest(null, Object(Config\Cache), false)
 4 SYSTEMPATH/Boot.php(325): CodeIgniter\CodeIgniter->run()
 5 SYSTEMPATH/Boot.php(67): CodeIgniter\Boot::runCodeIgniter(Object(CodeIgniter\CodeIgniter))
 6 FCPATH/index.php(56): CodeIgniter\Boot::bootWeb(Object(Config\Paths))
INFO - 2025-02-03 19:56:54 --> Session: Class initialized using 'CodeIgniter\Session\Handlers\FileHandler' driver.
INFO - 2025-02-03 19:56:57 --> Session: Class initialized using 'CodeIgniter\Session\Handlers\FileHandler' driver.
INFO - 2025-02-03 19:57:06 --> Session: Class initialized using 'CodeIgniter\Session\Handlers\FileHandler' driver.
INFO - 2025-02-03 19:57:17 --> Session: Class initialized using 'CodeIgniter\Session\Handlers\FileHandler' driver.
INFO - 2025-02-03 19:57:29 --> Session: Class initialized using 'CodeIgniter\Session\Handlers\FileHandler' driver.
INFO - 2025-02-03 19:57:37 --> Session: Class initialized using 'CodeIgniter\Session\Handlers\FileHandler' driver.
INFO - 2025-02-03 19:57:42 --> Session: Class initialized using 'CodeIgniter\Session\Handlers\FileHandler' driver.
INFO - 2025-02-03 19:59:01 --> Session: Class initialized using 'CodeIgniter\Session\Handlers\FileHandler' driver.
INFO - 2025-02-03 19:59:06 --> Session: Class initialized using 'CodeIgniter\Session\Handlers\FileHandler' driver.
INFO - 2025-02-03 19:59:13 --> Session: Class initialized using 'CodeIgniter\Session\Handlers\FileHandler' driver.
INFO - 2025-02-03 19:59:26 --> Session: Class initialized using 'CodeIgniter\Session\Handlers\FileHandler' driver.
INFO - 2025-02-03 19:59:38 --> Session: Class initialized using 'CodeIgniter\Session\Handlers\FileHandler' driver.
INFO - 2025-02-03 19:59:47 --> Session: Class initialized using 'CodeIgniter\Session\Handlers\FileHandler' driver.
INFO - 2025-02-03 19:59:53 --> Session: Class initialized using 'CodeIgniter\Session\Handlers\FileHandler' driver.
INFO - 2025-02-03 20:00:12 --> Session: Class initialized using 'CodeIgniter\Session\Handlers\FileHandler' driver.
INFO - 2025-02-03 20:00:16 --> Session: Class initialized using 'CodeIgniter\Session\Handlers\FileHandler' driver.
WARNING - 2025-02-03 20:00:16 --> [DEPRECATED] Creation of dynamic property App\Controllers\Admin\Category::$session is deprecated in APPPATH/Controllers/Admin/BaseController.php on line 56.
 1 SYSTEMPATH/CodeIgniter.php(904): App\Controllers\Admin\BaseController->initController(Object(CodeIgniter\HTTP\IncomingRequest), Object(CodeIgniter\HTTP\Response), Object(CodeIgniter\Log\Logger))
 2 SYSTEMPATH/CodeIgniter.php(500): CodeIgniter\CodeIgniter->createController()
 3 SYSTEMPATH/CodeIgniter.php(355): CodeIgniter\CodeIgniter->handleRequest(null, Object(Config\Cache), false)
 4 SYSTEMPATH/Boot.php(325): CodeIgniter\CodeIgniter->run()
 5 SYSTEMPATH/Boot.php(67): CodeIgniter\Boot::runCodeIgniter(Object(CodeIgniter\CodeIgniter))
 6 FCPATH/index.php(56): CodeIgniter\Boot::bootWeb(Object(Config\Paths))
INFO - 2025-02-03 20:00:18 --> Session: Class initialized using 'CodeIgniter\Session\Handlers\FileHandler' driver.
WARNING - 2025-02-03 20:00:18 --> [DEPRECATED] Creation of dynamic property App\Controllers\Admin\Category::$session is deprecated in APPPATH/Controllers/Admin/BaseController.php on line 56.
 1 SYSTEMPATH/CodeIgniter.php(904): App\Controllers\Admin\BaseController->initController(Object(CodeIgniter\HTTP\IncomingRequest), Object(CodeIgniter\HTTP\Response), Object(CodeIgniter\Log\Logger))
 2 SYSTEMPATH/CodeIgniter.php(500): CodeIgniter\CodeIgniter->createController()
 3 SYSTEMPATH/CodeIgniter.php(355): CodeIgniter\CodeIgniter->handleRequest(null, Object(Config\Cache), false)
 4 SYSTEMPATH/Boot.php(325): CodeIgniter\CodeIgniter->run()
 5 SYSTEMPATH/Boot.php(67): CodeIgniter\Boot::runCodeIgniter(Object(CodeIgniter\CodeIgniter))
 6 FCPATH/index.php(56): CodeIgniter\Boot::bootWeb(Object(Config\Paths))
INFO - 2025-02-03 20:00:37 --> Session: Class initialized using 'CodeIgniter\Session\Handlers\FileHandler' driver.
WARNING - 2025-02-03 20:00:37 --> [DEPRECATED] Creation of dynamic property App\Controllers\Admin\Image::$session is deprecated in APPPATH/Controllers/Admin/BaseController.php on line 56.
 1 SYSTEMPATH/CodeIgniter.php(904): App\Controllers\Admin\BaseController->initController(Object(CodeIgniter\HTTP\IncomingRequest), Object(CodeIgniter\HTTP\Response), Object(CodeIgniter\Log\Logger))
 2 SYSTEMPATH/CodeIgniter.php(500): CodeIgniter\CodeIgniter->createController()
 3 SYSTEMPATH/CodeIgniter.php(355): CodeIgniter\CodeIgniter->handleRequest(null, Object(Config\Cache), false)
 4 SYSTEMPATH/Boot.php(325): CodeIgniter\CodeIgniter->run()
 5 SYSTEMPATH/Boot.php(67): CodeIgniter\Boot::runCodeIgniter(Object(CodeIgniter\CodeIgniter))
 6 FCPATH/index.php(56): CodeIgniter\Boot::bootWeb(Object(Config\Paths))
INFO - 2025-02-03 20:00:37 --> Session: Class initialized using 'CodeIgniter\Session\Handlers\FileHandler' driver.
WARNING - 2025-02-03 20:00:37 --> [DEPRECATED] Creation of dynamic property App\Controllers\Admin\Category::$session is deprecated in APPPATH/Controllers/Admin/BaseController.php on line 56.
 1 SYSTEMPATH/CodeIgniter.php(904): App\Controllers\Admin\BaseController->initController(Object(CodeIgniter\HTTP\IncomingRequest), Object(CodeIgniter\HTTP\Response), Object(CodeIgniter\Log\Logger))
 2 SYSTEMPATH/CodeIgniter.php(500): CodeIgniter\CodeIgniter->createController()
 3 SYSTEMPATH/CodeIgniter.php(355): CodeIgniter\CodeIgniter->handleRequest(null, Object(Config\Cache), false)
 4 SYSTEMPATH/Boot.php(325): CodeIgniter\CodeIgniter->run()
 5 SYSTEMPATH/Boot.php(67): CodeIgniter\Boot::runCodeIgniter(Object(CodeIgniter\CodeIgniter))
 6 FCPATH/index.php(56): CodeIgniter\Boot::bootWeb(Object(Config\Paths))
INFO - 2025-02-03 20:00:48 --> Session: Class initialized using 'CodeIgniter\Session\Handlers\FileHandler' driver.
WARNING - 2025-02-03 20:00:48 --> [DEPRECATED] Creation of dynamic property App\Controllers\Admin\Category::$session is deprecated in APPPATH/Controllers/Admin/BaseController.php on line 56.
 1 SYSTEMPATH/CodeIgniter.php(904): App\Controllers\Admin\BaseController->initController(Object(CodeIgniter\HTTP\IncomingRequest), Object(CodeIgniter\HTTP\Response), Object(CodeIgniter\Log\Logger))
 2 SYSTEMPATH/CodeIgniter.php(500): CodeIgniter\CodeIgniter->createController()
 3 SYSTEMPATH/CodeIgniter.php(355): CodeIgniter\CodeIgniter->handleRequest(null, Object(Config\Cache), false)
 4 SYSTEMPATH/Boot.php(325): CodeIgniter\CodeIgniter->run()
 5 SYSTEMPATH/Boot.php(67): CodeIgniter\Boot::runCodeIgniter(Object(CodeIgniter\CodeIgniter))
 6 FCPATH/index.php(56): CodeIgniter\Boot::bootWeb(Object(Config\Paths))
INFO - 2025-02-03 20:00:50 --> Session: Class initialized using 'CodeIgniter\Session\Handlers\FileHandler' driver.
WARNING - 2025-02-03 20:00:50 --> [DEPRECATED] Creation of dynamic property App\Controllers\Admin\Category::$session is deprecated in APPPATH/Controllers/Admin/BaseController.php on line 56.
 1 SYSTEMPATH/CodeIgniter.php(904): App\Controllers\Admin\BaseController->initController(Object(CodeIgniter\HTTP\IncomingRequest), Object(CodeIgniter\HTTP\Response), Object(CodeIgniter\Log\Logger))
 2 SYSTEMPATH/CodeIgniter.php(500): CodeIgniter\CodeIgniter->createController()
 3 SYSTEMPATH/CodeIgniter.php(355): CodeIgniter\CodeIgniter->handleRequest(null, Object(Config\Cache), false)
 4 SYSTEMPATH/Boot.php(325): CodeIgniter\CodeIgniter->run()
 5 SYSTEMPATH/Boot.php(67): CodeIgniter\Boot::runCodeIgniter(Object(CodeIgniter\CodeIgniter))
 6 FCPATH/index.php(56): CodeIgniter\Boot::bootWeb(Object(Config\Paths))
INFO - 2025-02-03 20:00:58 --> Session: Class initialized using 'CodeIgniter\Session\Handlers\FileHandler' driver.
WARNING - 2025-02-03 20:00:58 --> [DEPRECATED] Creation of dynamic property App\Controllers\Admin\Course::$session is deprecated in APPPATH/Controllers/Admin/BaseController.php on line 56.
 1 SYSTEMPATH/CodeIgniter.php(904): App\Controllers\Admin\BaseController->initController(Object(CodeIgniter\HTTP\IncomingRequest), Object(CodeIgniter\HTTP\Response), Object(CodeIgniter\Log\Logger))
 2 SYSTEMPATH/CodeIgniter.php(500): CodeIgniter\CodeIgniter->createController()
 3 SYSTEMPATH/CodeIgniter.php(355): CodeIgniter\CodeIgniter->handleRequest(null, Object(Config\Cache), false)
 4 SYSTEMPATH/Boot.php(325): CodeIgniter\CodeIgniter->run()
 5 SYSTEMPATH/Boot.php(67): CodeIgniter\Boot::runCodeIgniter(Object(CodeIgniter\CodeIgniter))
 6 FCPATH/index.php(56): CodeIgniter\Boot::bootWeb(Object(Config\Paths))
INFO - 2025-02-03 20:00:59 --> Session: Class initialized using 'CodeIgniter\Session\Handlers\FileHandler' driver.
WARNING - 2025-02-03 20:00:59 --> [DEPRECATED] Creation of dynamic property App\Controllers\Admin\Category::$session is deprecated in APPPATH/Controllers/Admin/BaseController.php on line 56.
 1 SYSTEMPATH/CodeIgniter.php(904): App\Controllers\Admin\BaseController->initController(Object(CodeIgniter\HTTP\IncomingRequest), Object(CodeIgniter\HTTP\Response), Object(CodeIgniter\Log\Logger))
 2 SYSTEMPATH/CodeIgniter.php(500): CodeIgniter\CodeIgniter->createController()
 3 SYSTEMPATH/CodeIgniter.php(355): CodeIgniter\CodeIgniter->handleRequest(null, Object(Config\Cache), false)
 4 SYSTEMPATH/Boot.php(325): CodeIgniter\CodeIgniter->run()
 5 SYSTEMPATH/Boot.php(67): CodeIgniter\Boot::runCodeIgniter(Object(CodeIgniter\CodeIgniter))
 6 FCPATH/index.php(56): CodeIgniter\Boot::bootWeb(Object(Config\Paths))
INFO - 2025-02-03 20:01:00 --> Session: Class initialized using 'CodeIgniter\Session\Handlers\FileHandler' driver.
WARNING - 2025-02-03 20:01:00 --> [DEPRECATED] Creation of dynamic property App\Controllers\Admin\Course::$session is deprecated in APPPATH/Controllers/Admin/BaseController.php on line 56.
 1 SYSTEMPATH/CodeIgniter.php(904): App\Controllers\Admin\BaseController->initController(Object(CodeIgniter\HTTP\IncomingRequest), Object(CodeIgniter\HTTP\Response), Object(CodeIgniter\Log\Logger))
 2 SYSTEMPATH/CodeIgniter.php(500): CodeIgniter\CodeIgniter->createController()
 3 SYSTEMPATH/CodeIgniter.php(355): CodeIgniter\CodeIgniter->handleRequest(null, Object(Config\Cache), false)
 4 SYSTEMPATH/Boot.php(325): CodeIgniter\CodeIgniter->run()
 5 SYSTEMPATH/Boot.php(67): CodeIgniter\Boot::runCodeIgniter(Object(CodeIgniter\CodeIgniter))
 6 FCPATH/index.php(56): CodeIgniter\Boot::bootWeb(Object(Config\Paths))
INFO - 2025-02-03 20:07:18 --> Session: Class initialized using 'CodeIgniter\Session\Handlers\FileHandler' driver.
INFO - 2025-02-03 20:09:26 --> Session: Class initialized using 'CodeIgniter\Session\Handlers\FileHandler' driver.
INFO - 2025-02-03 20:09:46 --> Session: Class initialized using 'CodeIgniter\Session\Handlers\FileHandler' driver.
INFO - 2025-02-03 20:09:53 --> Session: Class initialized using 'CodeIgniter\Session\Handlers\FileHandler' driver.
INFO - 2025-02-03 20:09:55 --> Session: Class initialized using 'CodeIgniter\Session\Handlers\FileHandler' driver.
INFO - 2025-02-03 20:09:56 --> Session: Class initialized using 'CodeIgniter\Session\Handlers\FileHandler' driver.
INFO - 2025-02-03 20:09:57 --> Session: Class initialized using 'CodeIgniter\Session\Handlers\FileHandler' driver.
INFO - 2025-02-03 20:09:58 --> Session: Class initialized using 'CodeIgniter\Session\Handlers\FileHandler' driver.
INFO - 2025-02-03 20:10:03 --> Session: Class initialized using 'CodeIgniter\Session\Handlers\FileHandler' driver.
INFO - 2025-02-03 20:10:09 --> Session: Class initialized using 'CodeIgniter\Session\Handlers\FileHandler' driver.
INFO - 2025-02-03 20:10:10 --> Session: Class initialized using 'CodeIgniter\Session\Handlers\FileHandler' driver.
INFO - 2025-02-03 20:10:13 --> Session: Class initialized using 'CodeIgniter\Session\Handlers\FileHandler' driver.
WARNING - 2025-02-03 20:10:13 --> [DEPRECATED] Creation of dynamic property App\Controllers\Admin\Category::$session is deprecated in APPPATH/Controllers/Admin/BaseController.php on line 56.
 1 SYSTEMPATH/CodeIgniter.php(904): App\Controllers\Admin\BaseController->initController(Object(CodeIgniter\HTTP\IncomingRequest), Object(CodeIgniter\HTTP\Response), Object(CodeIgniter\Log\Logger))
 2 SYSTEMPATH/CodeIgniter.php(500): CodeIgniter\CodeIgniter->createController()
 3 SYSTEMPATH/CodeIgniter.php(355): CodeIgniter\CodeIgniter->handleRequest(null, Object(Config\Cache), false)
 4 SYSTEMPATH/Boot.php(325): CodeIgniter\CodeIgniter->run()
 5 SYSTEMPATH/Boot.php(67): CodeIgniter\Boot::runCodeIgniter(Object(CodeIgniter\CodeIgniter))
 6 FCPATH/index.php(56): CodeIgniter\Boot::bootWeb(Object(Config\Paths))
INFO - 2025-02-03 20:10:14 --> Session: Class initialized using 'CodeIgniter\Session\Handlers\FileHandler' driver.
WARNING - 2025-02-03 20:10:14 --> [DEPRECATED] Creation of dynamic property App\Controllers\Admin\Category::$session is deprecated in APPPATH/Controllers/Admin/BaseController.php on line 56.
 1 SYSTEMPATH/CodeIgniter.php(904): App\Controllers\Admin\BaseController->initController(Object(CodeIgniter\HTTP\IncomingRequest), Object(CodeIgniter\HTTP\Response), Object(CodeIgniter\Log\Logger))
 2 SYSTEMPATH/CodeIgniter.php(500): CodeIgniter\CodeIgniter->createController()
 3 SYSTEMPATH/CodeIgniter.php(355): CodeIgniter\CodeIgniter->handleRequest(null, Object(Config\Cache), false)
 4 SYSTEMPATH/Boot.php(325): CodeIgniter\CodeIgniter->run()
 5 SYSTEMPATH/Boot.php(67): CodeIgniter\Boot::runCodeIgniter(Object(CodeIgniter\CodeIgniter))
 6 FCPATH/index.php(56): CodeIgniter\Boot::bootWeb(Object(Config\Paths))
INFO - 2025-02-03 20:10:20 --> Session: Class initialized using 'CodeIgniter\Session\Handlers\FileHandler' driver.
WARNING - 2025-02-03 20:10:20 --> [DEPRECATED] Creation of dynamic property App\Controllers\Admin\Course::$session is deprecated in APPPATH/Controllers/Admin/BaseController.php on line 56.
 1 SYSTEMPATH/CodeIgniter.php(904): App\Controllers\Admin\BaseController->initController(Object(CodeIgniter\HTTP\IncomingRequest), Object(CodeIgniter\HTTP\Response), Object(CodeIgniter\Log\Logger))
 2 SYSTEMPATH/CodeIgniter.php(500): CodeIgniter\CodeIgniter->createController()
 3 SYSTEMPATH/CodeIgniter.php(355): CodeIgniter\CodeIgniter->handleRequest(null, Object(Config\Cache), false)
 4 SYSTEMPATH/Boot.php(325): CodeIgniter\CodeIgniter->run()
 5 SYSTEMPATH/Boot.php(67): CodeIgniter\Boot::runCodeIgniter(Object(CodeIgniter\CodeIgniter))
 6 FCPATH/index.php(56): CodeIgniter\Boot::bootWeb(Object(Config\Paths))
INFO - 2025-02-03 20:10:21 --> Session: Class initialized using 'CodeIgniter\Session\Handlers\FileHandler' driver.
WARNING - 2025-02-03 20:10:21 --> [DEPRECATED] Creation of dynamic property App\Controllers\Admin\Category::$session is deprecated in APPPATH/Controllers/Admin/BaseController.php on line 56.
 1 SYSTEMPATH/CodeIgniter.php(904): App\Controllers\Admin\BaseController->initController(Object(CodeIgniter\HTTP\IncomingRequest), Object(CodeIgniter\HTTP\Response), Object(CodeIgniter\Log\Logger))
 2 SYSTEMPATH/CodeIgniter.php(500): CodeIgniter\CodeIgniter->createController()
 3 SYSTEMPATH/CodeIgniter.php(355): CodeIgniter\CodeIgniter->handleRequest(null, Object(Config\Cache), false)
 4 SYSTEMPATH/Boot.php(325): CodeIgniter\CodeIgniter->run()
 5 SYSTEMPATH/Boot.php(67): CodeIgniter\Boot::runCodeIgniter(Object(CodeIgniter\CodeIgniter))
 6 FCPATH/index.php(56): CodeIgniter\Boot::bootWeb(Object(Config\Paths))
INFO - 2025-02-03 20:10:22 --> Session: Class initialized using 'CodeIgniter\Session\Handlers\FileHandler' driver.
WARNING - 2025-02-03 20:10:22 --> [DEPRECATED] Creation of dynamic property App\Controllers\Admin\Course::$session is deprecated in APPPATH/Controllers/Admin/BaseController.php on line 56.
 1 SYSTEMPATH/CodeIgniter.php(904): App\Controllers\Admin\BaseController->initController(Object(CodeIgniter\HTTP\IncomingRequest), Object(CodeIgniter\HTTP\Response), Object(CodeIgniter\Log\Logger))
 2 SYSTEMPATH/CodeIgniter.php(500): CodeIgniter\CodeIgniter->createController()
 3 SYSTEMPATH/CodeIgniter.php(355): CodeIgniter\CodeIgniter->handleRequest(null, Object(Config\Cache), false)
 4 SYSTEMPATH/Boot.php(325): CodeIgniter\CodeIgniter->run()
 5 SYSTEMPATH/Boot.php(67): CodeIgniter\Boot::runCodeIgniter(Object(CodeIgniter\CodeIgniter))
 6 FCPATH/index.php(56): CodeIgniter\Boot::bootWeb(Object(Config\Paths))
INFO - 2025-02-03 20:13:57 --> Session: Class initialized using 'CodeIgniter\Session\Handlers\FileHandler' driver.
INFO - 2025-02-03 20:14:01 --> Session: Class initialized using 'CodeIgniter\Session\Handlers\FileHandler' driver.
INFO - 2025-02-03 20:53:08 --> Session: Class initialized using 'CodeIgniter\Session\Handlers\FileHandler' driver.
INFO - 2025-02-03 20:53:09 --> Session: Class initialized using 'CodeIgniter\Session\Handlers\FileHandler' driver.
INFO - 2025-02-03 20:53:10 --> Session: Class initialized using 'CodeIgniter\Session\Handlers\FileHandler' driver.
INFO - 2025-02-03 20:53:19 --> Session: Class initialized using 'CodeIgniter\Session\Handlers\FileHandler' driver.
WARNING - 2025-02-03 20:53:19 --> [DEPRECATED] Creation of dynamic property App\Controllers\Admin\Course::$session is deprecated in APPPATH/Controllers/Admin/BaseController.php on line 56.
 1 SYSTEMPATH/CodeIgniter.php(904): App\Controllers\Admin\BaseController->initController(Object(CodeIgniter\HTTP\IncomingRequest), Object(CodeIgniter\HTTP\Response), Object(CodeIgniter\Log\Logger))
 2 SYSTEMPATH/CodeIgniter.php(500): CodeIgniter\CodeIgniter->createController()
 3 SYSTEMPATH/CodeIgniter.php(355): CodeIgniter\CodeIgniter->handleRequest(null, Object(Config\Cache), false)
 4 SYSTEMPATH/Boot.php(325): CodeIgniter\CodeIgniter->run()
 5 SYSTEMPATH/Boot.php(67): CodeIgniter\Boot::runCodeIgniter(Object(CodeIgniter\CodeIgniter))
 6 FCPATH/index.php(56): CodeIgniter\Boot::bootWeb(Object(Config\Paths))
INFO - 2025-02-03 20:53:20 --> Session: Class initialized using 'CodeIgniter\Session\Handlers\FileHandler' driver.
WARNING - 2025-02-03 20:53:20 --> [DEPRECATED] Creation of dynamic property App\Controllers\Admin\Category::$session is deprecated in APPPATH/Controllers/Admin/BaseController.php on line 56.
 1 SYSTEMPATH/CodeIgniter.php(904): App\Controllers\Admin\BaseController->initController(Object(CodeIgniter\HTTP\IncomingRequest), Object(CodeIgniter\HTTP\Response), Object(CodeIgniter\Log\Logger))
 2 SYSTEMPATH/CodeIgniter.php(500): CodeIgniter\CodeIgniter->createController()
 3 SYSTEMPATH/CodeIgniter.php(355): CodeIgniter\CodeIgniter->handleRequest(null, Object(Config\Cache), false)
 4 SYSTEMPATH/Boot.php(325): CodeIgniter\CodeIgniter->run()
 5 SYSTEMPATH/Boot.php(67): CodeIgniter\Boot::runCodeIgniter(Object(CodeIgniter\CodeIgniter))
 6 FCPATH/index.php(56): CodeIgniter\Boot::bootWeb(Object(Config\Paths))
INFO - 2025-02-03 20:53:21 --> Session: Class initialized using 'CodeIgniter\Session\Handlers\FileHandler' driver.
WARNING - 2025-02-03 20:53:21 --> [DEPRECATED] Creation of dynamic property App\Controllers\Admin\Course::$session is deprecated in APPPATH/Controllers/Admin/BaseController.php on line 56.
 1 SYSTEMPATH/CodeIgniter.php(904): App\Controllers\Admin\BaseController->initController(Object(CodeIgniter\HTTP\IncomingRequest), Object(CodeIgniter\HTTP\Response), Object(CodeIgniter\Log\Logger))
 2 SYSTEMPATH/CodeIgniter.php(500): CodeIgniter\CodeIgniter->createController()
 3 SYSTEMPATH/CodeIgniter.php(355): CodeIgniter\CodeIgniter->handleRequest(null, Object(Config\Cache), false)
 4 SYSTEMPATH/Boot.php(325): CodeIgniter\CodeIgniter->run()
 5 SYSTEMPATH/Boot.php(67): CodeIgniter\Boot::runCodeIgniter(Object(CodeIgniter\CodeIgniter))
 6 FCPATH/index.php(56): CodeIgniter\Boot::bootWeb(Object(Config\Paths))
INFO - 2025-02-03 20:53:24 --> Session: Class initialized using 'CodeIgniter\Session\Handlers\FileHandler' driver.
WARNING - 2025-02-03 20:53:24 --> [DEPRECATED] Creation of dynamic property App\Controllers\Admin\Course::$session is deprecated in APPPATH/Controllers/Admin/BaseController.php on line 56.
 1 SYSTEMPATH/CodeIgniter.php(904): App\Controllers\Admin\BaseController->initController(Object(CodeIgniter\HTTP\IncomingRequest), Object(CodeIgniter\HTTP\Response), Object(CodeIgniter\Log\Logger))
 2 SYSTEMPATH/CodeIgniter.php(500): CodeIgniter\CodeIgniter->createController()
 3 SYSTEMPATH/CodeIgniter.php(355): CodeIgniter\CodeIgniter->handleRequest(null, Object(Config\Cache), false)
 4 SYSTEMPATH/Boot.php(325): CodeIgniter\CodeIgniter->run()
 5 SYSTEMPATH/Boot.php(67): CodeIgniter\Boot::runCodeIgniter(Object(CodeIgniter\CodeIgniter))
 6 FCPATH/index.php(56): CodeIgniter\Boot::bootWeb(Object(Config\Paths))
INFO - 2025-02-03 20:53:28 --> Session: Class initialized using 'CodeIgniter\Session\Handlers\FileHandler' driver.
WARNING - 2025-02-03 20:53:28 --> [DEPRECATED] Creation of dynamic property App\Controllers\Admin\Category::$session is deprecated in APPPATH/Controllers/Admin/BaseController.php on line 56.
 1 SYSTEMPATH/CodeIgniter.php(904): App\Controllers\Admin\BaseController->initController(Object(CodeIgniter\HTTP\IncomingRequest), Object(CodeIgniter\HTTP\Response), Object(CodeIgniter\Log\Logger))
 2 SYSTEMPATH/CodeIgniter.php(500): CodeIgniter\CodeIgniter->createController()
 3 SYSTEMPATH/CodeIgniter.php(355): CodeIgniter\CodeIgniter->handleRequest(null, Object(Config\Cache), false)
 4 SYSTEMPATH/Boot.php(325): CodeIgniter\CodeIgniter->run()
 5 SYSTEMPATH/Boot.php(67): CodeIgniter\Boot::runCodeIgniter(Object(CodeIgniter\CodeIgniter))
 6 FCPATH/index.php(56): CodeIgniter\Boot::bootWeb(Object(Config\Paths))
INFO - 2025-02-03 20:53:29 --> Session: Class initialized using 'CodeIgniter\Session\Handlers\FileHandler' driver.
WARNING - 2025-02-03 20:53:29 --> [DEPRECATED] Creation of dynamic property App\Controllers\Admin\Course::$session is deprecated in APPPATH/Controllers/Admin/BaseController.php on line 56.
 1 SYSTEMPATH/CodeIgniter.php(904): App\Controllers\Admin\BaseController->initController(Object(CodeIgniter\HTTP\IncomingRequest), Object(CodeIgniter\HTTP\Response), Object(CodeIgniter\Log\Logger))
 2 SYSTEMPATH/CodeIgniter.php(500): CodeIgniter\CodeIgniter->createController()
 3 SYSTEMPATH/CodeIgniter.php(355): CodeIgniter\CodeIgniter->handleRequest(null, Object(Config\Cache), false)
 4 SYSTEMPATH/Boot.php(325): CodeIgniter\CodeIgniter->run()
 5 SYSTEMPATH/Boot.php(67): CodeIgniter\Boot::runCodeIgniter(Object(CodeIgniter\CodeIgniter))
 6 FCPATH/index.php(56): CodeIgniter\Boot::bootWeb(Object(Config\Paths))
INFO - 2025-02-03 20:53:47 --> Session: Class initialized using 'CodeIgniter\Session\Handlers\FileHandler' driver.
INFO - 2025-02-03 20:53:50 --> Session: Class initialized using 'CodeIgniter\Session\Handlers\FileHandler' driver.
INFO - 2025-02-03 20:53:53 --> Session: Class initialized using 'CodeIgniter\Session\Handlers\FileHandler' driver.
INFO - 2025-02-03 20:54:05 --> Session: Class initialized using 'CodeIgniter\Session\Handlers\FileHandler' driver.
INFO - 2025-02-03 20:55:42 --> Session: Class initialized using 'CodeIgniter\Session\Handlers\FileHandler' driver.
INFO - 2025-02-03 20:56:23 --> Session: Class initialized using 'CodeIgniter\Session\Handlers\FileHandler' driver.
INFO - 2025-02-03 20:56:29 --> Session: Class initialized using 'CodeIgniter\Session\Handlers\FileHandler' driver.
INFO - 2025-02-03 20:56:35 --> Session: Class initialized using 'CodeIgniter\Session\Handlers\FileHandler' driver.
INFO - 2025-02-03 20:56:36 --> Session: Class initialized using 'CodeIgniter\Session\Handlers\FileHandler' driver.
INFO - 2025-02-03 20:56:36 --> Session: Class initialized using 'CodeIgniter\Session\Handlers\FileHandler' driver.
INFO - 2025-02-03 20:56:37 --> Session: Class initialized using 'CodeIgniter\Session\Handlers\FileHandler' driver.
INFO - 2025-02-03 20:56:37 --> Session: Class initialized using 'CodeIgniter\Session\Handlers\FileHandler' driver.
INFO - 2025-02-03 20:56:37 --> Session: Class initialized using 'CodeIgniter\Session\Handlers\FileHandler' driver.
INFO - 2025-02-03 20:56:37 --> Session: Class initialized using 'CodeIgniter\Session\Handlers\FileHandler' driver.
INFO - 2025-02-03 20:56:37 --> Session: Class initialized using 'CodeIgniter\Session\Handlers\FileHandler' driver.
INFO - 2025-02-03 20:56:46 --> Session: Class initialized using 'CodeIgniter\Session\Handlers\FileHandler' driver.
INFO - 2025-02-03 20:56:59 --> Session: Class initialized using 'CodeIgniter\Session\Handlers\FileHandler' driver.
INFO - 2025-02-03 21:00:34 --> Session: Class initialized using 'CodeIgniter\Session\Handlers\FileHandler' driver.
INFO - 2025-02-03 21:00:35 --> Session: Class initialized using 'CodeIgniter\Session\Handlers\FileHandler' driver.
INFO - 2025-02-03 21:00:36 --> Session: Class initialized using 'CodeIgniter\Session\Handlers\FileHandler' driver.
INFO - 2025-02-03 21:00:39 --> Session: Class initialized using 'CodeIgniter\Session\Handlers\FileHandler' driver.
INFO - 2025-02-03 21:01:09 --> Session: Class initialized using 'CodeIgniter\Session\Handlers\FileHandler' driver.
INFO - 2025-02-03 21:01:11 --> Session: Class initialized using 'CodeIgniter\Session\Handlers\FileHandler' driver.
INFO - 2025-02-03 21:01:12 --> Session: Class initialized using 'CodeIgniter\Session\Handlers\FileHandler' driver.
INFO - 2025-02-03 21:01:52 --> Session: Class initialized using 'CodeIgniter\Session\Handlers\FileHandler' driver.
INFO - 2025-02-03 21:02:01 --> Session: Class initialized using 'CodeIgniter\Session\Handlers\FileHandler' driver.
INFO - 2025-02-03 21:02:04 --> Session: Class initialized using 'CodeIgniter\Session\Handlers\FileHandler' driver.
INFO - 2025-02-03 21:02:46 --> Session: Class initialized using 'CodeIgniter\Session\Handlers\FileHandler' driver.
INFO - 2025-02-03 21:02:50 --> Session: Class initialized using 'CodeIgniter\Session\Handlers\FileHandler' driver.
INFO - 2025-02-03 21:03:12 --> Session: Class initialized using 'CodeIgniter\Session\Handlers\FileHandler' driver.
INFO - 2025-02-03 21:03:19 --> Session: Class initialized using 'CodeIgniter\Session\Handlers\FileHandler' driver.
INFO - 2025-02-03 21:03:33 --> Session: Class initialized using 'CodeIgniter\Session\Handlers\FileHandler' driver.
INFO - 2025-02-03 21:03:37 --> Session: Class initialized using 'CodeIgniter\Session\Handlers\FileHandler' driver.
INFO - 2025-02-03 21:03:56 --> Session: Class initialized using 'CodeIgniter\Session\Handlers\FileHandler' driver.
INFO - 2025-02-03 21:03:58 --> Session: Class initialized using 'CodeIgniter\Session\Handlers\FileHandler' driver.
INFO - 2025-02-03 21:04:01 --> Session: Class initialized using 'CodeIgniter\Session\Handlers\FileHandler' driver.
INFO - 2025-02-03 21:04:02 --> Session: Class initialized using 'CodeIgniter\Session\Handlers\FileHandler' driver.
WARNING - 2025-02-03 21:04:02 --> [DEPRECATED] Creation of dynamic property App\Controllers\User\User::$data is deprecated in APPPATH/Controllers/User/BaseController.php on line 58.
 1 SYSTEMPATH/CodeIgniter.php(904): App\Controllers\User\BaseController->initController(Object(CodeIgniter\HTTP\IncomingRequest), Object(CodeIgniter\HTTP\Response), Object(CodeIgniter\Log\Logger))
 2 SYSTEMPATH/CodeIgniter.php(500): CodeIgniter\CodeIgniter->createController()
 3 SYSTEMPATH/CodeIgniter.php(355): CodeIgniter\CodeIgniter->handleRequest(null, Object(Config\Cache), false)
 4 SYSTEMPATH/Boot.php(325): CodeIgniter\CodeIgniter->run()
 5 SYSTEMPATH/Boot.php(67): CodeIgniter\Boot::runCodeIgniter(Object(CodeIgniter\CodeIgniter))
 6 FCPATH/index.php(56): CodeIgniter\Boot::bootWeb(Object(Config\Paths))
CRITICAL - 2025-02-03 21:04:02 --> ErrorException: Undefined variable $dt
[Method: GET, Route: user/profile/]
in APPPATH/Libraries/DateTimeLibrary.php on line 24.
 1 APPPATH/Libraries/DateTimeLibrary.php(24): CodeIgniter\Debug\Exceptions->errorHandler(2, 'Undefined variable $dt', '/home/vol2_8/byethost24.com/b24_38059003/htdocs/app/Libraries/DateTimeLibrary.php', 24)
 2 APPPATH/Views/user/profile.php(27): App\Libraries\DateTimeLibrary::strToDbDateTime('2025-02-04 00:04:01')
 3 SYSTEMPATH/View/View.php(234): include('/home/vol2_8/byethost24.com/b24_38059003/htdocs/app/Views/user/profile.php')
 4 SYSTEMPATH/View/View.php(237): CodeIgniter\View\View->CodeIgniter\View\{closure}()
 5 SYSTEMPATH/Common.php(1171): CodeIgniter\View\View->render('user/profile.php', [], true)
 6 APPPATH/Controllers/User/User.php(17): view('user/profile.php', [...])
 7 SYSTEMPATH/CodeIgniter.php(933): App\Controllers\User\User->index()
 8 SYSTEMPATH/CodeIgniter.php(509): CodeIgniter\CodeIgniter->runController(Object(App\Controllers\User\User))
 9 SYSTEMPATH/CodeIgniter.php(355): CodeIgniter\CodeIgniter->handleRequest(null, Object(Config\Cache), false)
10 SYSTEMPATH/Boot.php(325): CodeIgniter\CodeIgniter->run()
11 SYSTEMPATH/Boot.php(67): CodeIgniter\Boot::runCodeIgniter(Object(CodeIgniter\CodeIgniter))
12 FCPATH/index.php(56): CodeIgniter\Boot::bootWeb(Object(Config\Paths))
INFO - 2025-02-03 21:04:21 --> Session: Class initialized using 'CodeIgniter\Session\Handlers\FileHandler' driver.
WARNING - 2025-02-03 21:04:21 --> [DEPRECATED] Creation of dynamic property App\Controllers\User\User::$data is deprecated in APPPATH/Controllers/User/BaseController.php on line 58.
 1 SYSTEMPATH/CodeIgniter.php(904): App\Controllers\User\BaseController->initController(Object(CodeIgniter\HTTP\IncomingRequest), Object(CodeIgniter\HTTP\Response), Object(CodeIgniter\Log\Logger))
 2 SYSTEMPATH/CodeIgniter.php(500): CodeIgniter\CodeIgniter->createController()
 3 SYSTEMPATH/CodeIgniter.php(355): CodeIgniter\CodeIgniter->handleRequest(null, Object(Config\Cache), false)
 4 SYSTEMPATH/Boot.php(325): CodeIgniter\CodeIgniter->run()
 5 SYSTEMPATH/Boot.php(67): CodeIgniter\Boot::runCodeIgniter(Object(CodeIgniter\CodeIgniter))
 6 FCPATH/index.php(56): CodeIgniter\Boot::bootWeb(Object(Config\Paths))
CRITICAL - 2025-02-03 21:04:21 --> ErrorException: Undefined variable $dt
[Method: GET, Route: user/profile/]
in APPPATH/Libraries/DateTimeLibrary.php on line 24.
 1 APPPATH/Libraries/DateTimeLibrary.php(24): CodeIgniter\Debug\Exceptions->errorHandler(2, 'Undefined variable $dt', '/home/vol2_8/byethost24.com/b24_38059003/htdocs/app/Libraries/DateTimeLibrary.php', 24)
 2 APPPATH/Views/user/profile.php(27): App\Libraries\DateTimeLibrary::strToDbDateTime('2025-02-04 00:04:01')
 3 SYSTEMPATH/View/View.php(234): include('/home/vol2_8/byethost24.com/b24_38059003/htdocs/app/Views/user/profile.php')
 4 SYSTEMPATH/View/View.php(237): CodeIgniter\View\View->CodeIgniter\View\{closure}()
 5 SYSTEMPATH/Common.php(1171): CodeIgniter\View\View->render('user/profile.php', [], true)
 6 APPPATH/Controllers/User/User.php(17): view('user/profile.php', [...])
 7 SYSTEMPATH/CodeIgniter.php(933): App\Controllers\User\User->index()
 8 SYSTEMPATH/CodeIgniter.php(509): CodeIgniter\CodeIgniter->runController(Object(App\Controllers\User\User))
 9 SYSTEMPATH/CodeIgniter.php(355): CodeIgniter\CodeIgniter->handleRequest(null, Object(Config\Cache), false)
10 SYSTEMPATH/Boot.php(325): CodeIgniter\CodeIgniter->run()
11 SYSTEMPATH/Boot.php(67): CodeIgniter\Boot::runCodeIgniter(Object(CodeIgniter\CodeIgniter))
12 FCPATH/index.php(56): CodeIgniter\Boot::bootWeb(Object(Config\Paths))
INFO - 2025-02-03 21:04:24 --> Session: Class initialized using 'CodeIgniter\Session\Handlers\FileHandler' driver.
WARNING - 2025-02-03 21:04:24 --> [DEPRECATED] Creation of dynamic property App\Controllers\User\User::$data is deprecated in APPPATH/Controllers/User/BaseController.php on line 58.
 1 SYSTEMPATH/CodeIgniter.php(904): App\Controllers\User\BaseController->initController(Object(CodeIgniter\HTTP\IncomingRequest), Object(CodeIgniter\HTTP\Response), Object(CodeIgniter\Log\Logger))
 2 SYSTEMPATH/CodeIgniter.php(500): CodeIgniter\CodeIgniter->createController()
 3 SYSTEMPATH/CodeIgniter.php(355): CodeIgniter\CodeIgniter->handleRequest(null, Object(Config\Cache), false)
 4 SYSTEMPATH/Boot.php(325): CodeIgniter\CodeIgniter->run()
 5 SYSTEMPATH/Boot.php(67): CodeIgniter\Boot::runCodeIgniter(Object(CodeIgniter\CodeIgniter))
 6 FCPATH/index.php(56): CodeIgniter\Boot::bootWeb(Object(Config\Paths))
CRITICAL - 2025-02-03 21:04:24 --> ErrorException: Undefined variable $dt
[Method: GET, Route: user/profile/]
in APPPATH/Libraries/DateTimeLibrary.php on line 24.
 1 APPPATH/Libraries/DateTimeLibrary.php(24): CodeIgniter\Debug\Exceptions->errorHandler(2, 'Undefined variable $dt', '/home/vol2_8/byethost24.com/b24_38059003/htdocs/app/Libraries/DateTimeLibrary.php', 24)
 2 APPPATH/Views/user/profile.php(27): App\Libraries\DateTimeLibrary::strToDbDateTime('2025-02-04 00:04:01')
 3 SYSTEMPATH/View/View.php(234): include('/home/vol2_8/byethost24.com/b24_38059003/htdocs/app/Views/user/profile.php')
 4 SYSTEMPATH/View/View.php(237): CodeIgniter\View\View->CodeIgniter\View\{closure}()
 5 SYSTEMPATH/Common.php(1171): CodeIgniter\View\View->render('user/profile.php', [], true)
 6 APPPATH/Controllers/User/User.php(17): view('user/profile.php', [...])
 7 SYSTEMPATH/CodeIgniter.php(933): App\Controllers\User\User->index()
 8 SYSTEMPATH/CodeIgniter.php(509): CodeIgniter\CodeIgniter->runController(Object(App\Controllers\User\User))
 9 SYSTEMPATH/CodeIgniter.php(355): CodeIgniter\CodeIgniter->handleRequest(null, Object(Config\Cache), false)
10 SYSTEMPATH/Boot.php(325): CodeIgniter\CodeIgniter->run()
11 SYSTEMPATH/Boot.php(67): CodeIgniter\Boot::runCodeIgniter(Object(CodeIgniter\CodeIgniter))
12 FCPATH/index.php(56): CodeIgniter\Boot::bootWeb(Object(Config\Paths))
INFO - 2025-02-03 21:04:30 --> Session: Class initialized using 'CodeIgniter\Session\Handlers\FileHandler' driver.
INFO - 2025-02-03 21:04:30 --> Session: Class initialized using 'CodeIgniter\Session\Handlers\FileHandler' driver.
INFO - 2025-02-03 21:04:32 --> Session: Class initialized using 'CodeIgniter\Session\Handlers\FileHandler' driver.
INFO - 2025-02-03 21:04:34 --> Session: Class initialized using 'CodeIgniter\Session\Handlers\FileHandler' driver.
INFO - 2025-02-03 21:04:38 --> Session: Class initialized using 'CodeIgniter\Session\Handlers\FileHandler' driver.
INFO - 2025-02-03 21:04:38 --> Session: Class initialized using 'CodeIgniter\Session\Handlers\FileHandler' driver.
WARNING - 2025-02-03 21:04:38 --> [DEPRECATED] Creation of dynamic property App\Controllers\User\User::$data is deprecated in APPPATH/Controllers/User/BaseController.php on line 58.
 1 SYSTEMPATH/CodeIgniter.php(904): App\Controllers\User\BaseController->initController(Object(CodeIgniter\HTTP\IncomingRequest), Object(CodeIgniter\HTTP\Response), Object(CodeIgniter\Log\Logger))
 2 SYSTEMPATH/CodeIgniter.php(500): CodeIgniter\CodeIgniter->createController()
 3 SYSTEMPATH/CodeIgniter.php(355): CodeIgniter\CodeIgniter->handleRequest(null, Object(Config\Cache), false)
 4 SYSTEMPATH/Boot.php(325): CodeIgniter\CodeIgniter->run()
 5 SYSTEMPATH/Boot.php(67): CodeIgniter\Boot::runCodeIgniter(Object(CodeIgniter\CodeIgniter))
 6 FCPATH/index.php(56): CodeIgniter\Boot::bootWeb(Object(Config\Paths))
CRITICAL - 2025-02-03 21:04:38 --> ErrorException: Undefined variable $dt
[Method: GET, Route: user/profile/]
in APPPATH/Libraries/DateTimeLibrary.php on line 24.
 1 APPPATH/Libraries/DateTimeLibrary.php(24): CodeIgniter\Debug\Exceptions->errorHandler(2, 'Undefined variable $dt', '/home/vol2_8/byethost24.com/b24_38059003/htdocs/app/Libraries/DateTimeLibrary.php', 24)
 2 APPPATH/Views/user/profile.php(27): App\Libraries\DateTimeLibrary::strToDbDateTime('2025-02-04 00:04:38')
 3 SYSTEMPATH/View/View.php(234): include('/home/vol2_8/byethost24.com/b24_38059003/htdocs/app/Views/user/profile.php')
 4 SYSTEMPATH/View/View.php(237): CodeIgniter\View\View->CodeIgniter\View\{closure}()
 5 SYSTEMPATH/Common.php(1171): CodeIgniter\View\View->render('user/profile.php', [], true)
 6 APPPATH/Controllers/User/User.php(17): view('user/profile.php', [...])
 7 SYSTEMPATH/CodeIgniter.php(933): App\Controllers\User\User->index()
 8 SYSTEMPATH/CodeIgniter.php(509): CodeIgniter\CodeIgniter->runController(Object(App\Controllers\User\User))
 9 SYSTEMPATH/CodeIgniter.php(355): CodeIgniter\CodeIgniter->handleRequest(null, Object(Config\Cache), false)
10 SYSTEMPATH/Boot.php(325): CodeIgniter\CodeIgniter->run()
11 SYSTEMPATH/Boot.php(67): CodeIgniter\Boot::runCodeIgniter(Object(CodeIgniter\CodeIgniter))
12 FCPATH/index.php(56): CodeIgniter\Boot::bootWeb(Object(Config\Paths))
INFO - 2025-02-03 21:06:00 --> Session: Class initialized using 'CodeIgniter\Session\Handlers\FileHandler' driver.
WARNING - 2025-02-03 21:06:00 --> [DEPRECATED] Creation of dynamic property App\Controllers\User\User::$data is deprecated in APPPATH/Controllers/User/BaseController.php on line 58.
 1 SYSTEMPATH/CodeIgniter.php(904): App\Controllers\User\BaseController->initController(Object(CodeIgniter\HTTP\IncomingRequest), Object(CodeIgniter\HTTP\Response), Object(CodeIgniter\Log\Logger))
 2 SYSTEMPATH/CodeIgniter.php(500): CodeIgniter\CodeIgniter->createController()
 3 SYSTEMPATH/CodeIgniter.php(355): CodeIgniter\CodeIgniter->handleRequest(null, Object(Config\Cache), false)
 4 SYSTEMPATH/Boot.php(325): CodeIgniter\CodeIgniter->run()
 5 SYSTEMPATH/Boot.php(67): CodeIgniter\Boot::runCodeIgniter(Object(CodeIgniter\CodeIgniter))
 6 FCPATH/index.php(56): CodeIgniter\Boot::bootWeb(Object(Config\Paths))
CRITICAL - 2025-02-03 21:06:00 --> ErrorException: Undefined variable $dt
[Method: GET, Route: user/profile/]
in APPPATH/Libraries/DateTimeLibrary.php on line 24.
 1 APPPATH/Libraries/DateTimeLibrary.php(24): CodeIgniter\Debug\Exceptions->errorHandler(2, 'Undefined variable $dt', '/home/vol2_8/byethost24.com/b24_38059003/htdocs/app/Libraries/DateTimeLibrary.php', 24)
 2 APPPATH/Views/user/profile.php(27): App\Libraries\DateTimeLibrary::strToDbDateTime('2025-02-04 00:04:38')
 3 SYSTEMPATH/View/View.php(234): include('/home/vol2_8/byethost24.com/b24_38059003/htdocs/app/Views/user/profile.php')
 4 SYSTEMPATH/View/View.php(237): CodeIgniter\View\View->CodeIgniter\View\{closure}()
 5 SYSTEMPATH/Common.php(1171): CodeIgniter\View\View->render('user/profile.php', [], true)
 6 APPPATH/Controllers/User/User.php(17): view('user/profile.php', [...])
 7 SYSTEMPATH/CodeIgniter.php(933): App\Controllers\User\User->index()
 8 SYSTEMPATH/CodeIgniter.php(509): CodeIgniter\CodeIgniter->runController(Object(App\Controllers\User\User))
 9 SYSTEMPATH/CodeIgniter.php(355): CodeIgniter\CodeIgniter->handleRequest(null, Object(Config\Cache), false)
10 SYSTEMPATH/Boot.php(325): CodeIgniter\CodeIgniter->run()
11 SYSTEMPATH/Boot.php(67): CodeIgniter\Boot::runCodeIgniter(Object(CodeIgniter\CodeIgniter))
12 FCPATH/index.php(56): CodeIgniter\Boot::bootWeb(Object(Config\Paths))
INFO - 2025-02-03 21:06:02 --> Session: Class initialized using 'CodeIgniter\Session\Handlers\FileHandler' driver.
WARNING - 2025-02-03 21:06:02 --> [DEPRECATED] Creation of dynamic property App\Controllers\User\User::$data is deprecated in APPPATH/Controllers/User/BaseController.php on line 58.
 1 SYSTEMPATH/CodeIgniter.php(904): App\Controllers\User\BaseController->initController(Object(CodeIgniter\HTTP\IncomingRequest), Object(CodeIgniter\HTTP\Response), Object(CodeIgniter\Log\Logger))
 2 SYSTEMPATH/CodeIgniter.php(500): CodeIgniter\CodeIgniter->createController()
 3 SYSTEMPATH/CodeIgniter.php(355): CodeIgniter\CodeIgniter->handleRequest(null, Object(Config\Cache), false)
 4 SYSTEMPATH/Boot.php(325): CodeIgniter\CodeIgniter->run()
 5 SYSTEMPATH/Boot.php(67): CodeIgniter\Boot::runCodeIgniter(Object(CodeIgniter\CodeIgniter))
 6 FCPATH/index.php(56): CodeIgniter\Boot::bootWeb(Object(Config\Paths))
CRITICAL - 2025-02-03 21:06:02 --> ErrorException: Undefined variable $dt
[Method: GET, Route: user/profile/]
in APPPATH/Libraries/DateTimeLibrary.php on line 24.
 1 APPPATH/Libraries/DateTimeLibrary.php(24): CodeIgniter\Debug\Exceptions->errorHandler(2, 'Undefined variable $dt', '/home/vol2_8/byethost24.com/b24_38059003/htdocs/app/Libraries/DateTimeLibrary.php', 24)
 2 APPPATH/Views/user/profile.php(27): App\Libraries\DateTimeLibrary::strToDbDateTime('2025-02-04 00:04:38')
 3 SYSTEMPATH/View/View.php(234): include('/home/vol2_8/byethost24.com/b24_38059003/htdocs/app/Views/user/profile.php')
 4 SYSTEMPATH/View/View.php(237): CodeIgniter\View\View->CodeIgniter\View\{closure}()
 5 SYSTEMPATH/Common.php(1171): CodeIgniter\View\View->render('user/profile.php', [], true)
 6 APPPATH/Controllers/User/User.php(17): view('user/profile.php', [...])
 7 SYSTEMPATH/CodeIgniter.php(933): App\Controllers\User\User->index()
 8 SYSTEMPATH/CodeIgniter.php(509): CodeIgniter\CodeIgniter->runController(Object(App\Controllers\User\User))
 9 SYSTEMPATH/CodeIgniter.php(355): CodeIgniter\CodeIgniter->handleRequest(null, Object(Config\Cache), false)
10 SYSTEMPATH/Boot.php(325): CodeIgniter\CodeIgniter->run()
11 SYSTEMPATH/Boot.php(67): CodeIgniter\Boot::runCodeIgniter(Object(CodeIgniter\CodeIgniter))
12 FCPATH/index.php(56): CodeIgniter\Boot::bootWeb(Object(Config\Paths))
INFO - 2025-02-03 21:06:30 --> Session: Class initialized using 'CodeIgniter\Session\Handlers\FileHandler' driver.
WARNING - 2025-02-03 21:06:30 --> [DEPRECATED] Creation of dynamic property App\Controllers\User\User::$data is deprecated in APPPATH/Controllers/User/BaseController.php on line 58.
 1 SYSTEMPATH/CodeIgniter.php(904): App\Controllers\User\BaseController->initController(Object(CodeIgniter\HTTP\IncomingRequest), Object(CodeIgniter\HTTP\Response), Object(CodeIgniter\Log\Logger))
 2 SYSTEMPATH/CodeIgniter.php(500): CodeIgniter\CodeIgniter->createController()
 3 SYSTEMPATH/CodeIgniter.php(355): CodeIgniter\CodeIgniter->handleRequest(null, Object(Config\Cache), false)
 4 SYSTEMPATH/Boot.php(325): CodeIgniter\CodeIgniter->run()
 5 SYSTEMPATH/Boot.php(67): CodeIgniter\Boot::runCodeIgniter(Object(CodeIgniter\CodeIgniter))
 6 FCPATH/index.php(56): CodeIgniter\Boot::bootWeb(Object(Config\Paths))
CRITICAL - 2025-02-03 21:06:30 --> ErrorException: Undefined variable $dt
[Method: GET, Route: user/profile/]
in APPPATH/Libraries/DateTimeLibrary.php on line 24.
 1 APPPATH/Libraries/DateTimeLibrary.php(24): CodeIgniter\Debug\Exceptions->errorHandler(2, 'Undefined variable $dt', '/home/vol2_8/byethost24.com/b24_38059003/htdocs/app/Libraries/DateTimeLibrary.php', 24)
 2 APPPATH/Views/user/profile.php(27): App\Libraries\DateTimeLibrary::strToDbDateTime('2025-02-04 00:04:38')
 3 SYSTEMPATH/View/View.php(234): include('/home/vol2_8/byethost24.com/b24_38059003/htdocs/app/Views/user/profile.php')
 4 SYSTEMPATH/View/View.php(237): CodeIgniter\View\View->CodeIgniter\View\{closure}()
 5 SYSTEMPATH/Common.php(1171): CodeIgniter\View\View->render('user/profile.php', [], true)
 6 APPPATH/Controllers/User/User.php(17): view('user/profile.php', [...])
 7 SYSTEMPATH/CodeIgniter.php(933): App\Controllers\User\User->index()
 8 SYSTEMPATH/CodeIgniter.php(509): CodeIgniter\CodeIgniter->runController(Object(App\Controllers\User\User))
 9 SYSTEMPATH/CodeIgniter.php(355): CodeIgniter\CodeIgniter->handleRequest(null, Object(Config\Cache), false)
10 SYSTEMPATH/Boot.php(325): CodeIgniter\CodeIgniter->run()
11 SYSTEMPATH/Boot.php(67): CodeIgniter\Boot::runCodeIgniter(Object(CodeIgniter\CodeIgniter))
12 FCPATH/index.php(56): CodeIgniter\Boot::bootWeb(Object(Config\Paths))
INFO - 2025-02-03 21:07:20 --> Session: Class initialized using 'CodeIgniter\Session\Handlers\FileHandler' driver.
WARNING - 2025-02-03 21:07:20 --> [DEPRECATED] Creation of dynamic property App\Controllers\User\User::$data is deprecated in APPPATH/Controllers/User/BaseController.php on line 58.
 1 SYSTEMPATH/CodeIgniter.php(904): App\Controllers\User\BaseController->initController(Object(CodeIgniter\HTTP\IncomingRequest), Object(CodeIgniter\HTTP\Response), Object(CodeIgniter\Log\Logger))
 2 SYSTEMPATH/CodeIgniter.php(500): CodeIgniter\CodeIgniter->createController()
 3 SYSTEMPATH/CodeIgniter.php(355): CodeIgniter\CodeIgniter->handleRequest(null, Object(Config\Cache), false)
 4 SYSTEMPATH/Boot.php(325): CodeIgniter\CodeIgniter->run()
 5 SYSTEMPATH/Boot.php(67): CodeIgniter\Boot::runCodeIgniter(Object(CodeIgniter\CodeIgniter))
 6 FCPATH/index.php(56): CodeIgniter\Boot::bootWeb(Object(Config\Paths))
CRITICAL - 2025-02-03 21:07:20 --> ErrorException: Undefined variable $dt
[Method: GET, Route: user/profile/]
in APPPATH/Libraries/DateTimeLibrary.php on line 24.
 1 APPPATH/Libraries/DateTimeLibrary.php(24): CodeIgniter\Debug\Exceptions->errorHandler(2, 'Undefined variable $dt', '/home/vol2_8/byethost24.com/b24_38059003/htdocs/app/Libraries/DateTimeLibrary.php', 24)
 2 APPPATH/Views/user/profile.php(27): App\Libraries\DateTimeLibrary::strToDbDateTime('2025-02-04 00:04:38')
 3 SYSTEMPATH/View/View.php(234): include('/home/vol2_8/byethost24.com/b24_38059003/htdocs/app/Views/user/profile.php')
 4 SYSTEMPATH/View/View.php(237): CodeIgniter\View\View->CodeIgniter\View\{closure}()
 5 SYSTEMPATH/Common.php(1171): CodeIgniter\View\View->render('user/profile.php', [], true)
 6 APPPATH/Controllers/User/User.php(17): view('user/profile.php', [...])
 7 SYSTEMPATH/CodeIgniter.php(933): App\Controllers\User\User->index()
 8 SYSTEMPATH/CodeIgniter.php(509): CodeIgniter\CodeIgniter->runController(Object(App\Controllers\User\User))
 9 SYSTEMPATH/CodeIgniter.php(355): CodeIgniter\CodeIgniter->handleRequest(null, Object(Config\Cache), false)
10 SYSTEMPATH/Boot.php(325): CodeIgniter\CodeIgniter->run()
11 SYSTEMPATH/Boot.php(67): CodeIgniter\Boot::runCodeIgniter(Object(CodeIgniter\CodeIgniter))
12 FCPATH/index.php(56): CodeIgniter\Boot::bootWeb(Object(Config\Paths))
INFO - 2025-02-03 21:07:21 --> Session: Class initialized using 'CodeIgniter\Session\Handlers\FileHandler' driver.
WARNING - 2025-02-03 21:07:21 --> [DEPRECATED] Creation of dynamic property App\Controllers\User\User::$data is deprecated in APPPATH/Controllers/User/BaseController.php on line 58.
 1 SYSTEMPATH/CodeIgniter.php(904): App\Controllers\User\BaseController->initController(Object(CodeIgniter\HTTP\IncomingRequest), Object(CodeIgniter\HTTP\Response), Object(CodeIgniter\Log\Logger))
 2 SYSTEMPATH/CodeIgniter.php(500): CodeIgniter\CodeIgniter->createController()
 3 SYSTEMPATH/CodeIgniter.php(355): CodeIgniter\CodeIgniter->handleRequest(null, Object(Config\Cache), false)
 4 SYSTEMPATH/Boot.php(325): CodeIgniter\CodeIgniter->run()
 5 SYSTEMPATH/Boot.php(67): CodeIgniter\Boot::runCodeIgniter(Object(CodeIgniter\CodeIgniter))
 6 FCPATH/index.php(56): CodeIgniter\Boot::bootWeb(Object(Config\Paths))
CRITICAL - 2025-02-03 21:07:21 --> ErrorException: Undefined variable $dt
[Method: GET, Route: user/profile/]
in APPPATH/Libraries/DateTimeLibrary.php on line 24.
 1 APPPATH/Libraries/DateTimeLibrary.php(24): CodeIgniter\Debug\Exceptions->errorHandler(2, 'Undefined variable $dt', '/home/vol2_8/byethost24.com/b24_38059003/htdocs/app/Libraries/DateTimeLibrary.php', 24)
 2 APPPATH/Views/user/profile.php(27): App\Libraries\DateTimeLibrary::strToDbDateTime('2025-02-04 00:04:38')
 3 SYSTEMPATH/View/View.php(234): include('/home/vol2_8/byethost24.com/b24_38059003/htdocs/app/Views/user/profile.php')
 4 SYSTEMPATH/View/View.php(237): CodeIgniter\View\View->CodeIgniter\View\{closure}()
 5 SYSTEMPATH/Common.php(1171): CodeIgniter\View\View->render('user/profile.php', [], true)
 6 APPPATH/Controllers/User/User.php(17): view('user/profile.php', [...])
 7 SYSTEMPATH/CodeIgniter.php(933): App\Controllers\User\User->index()
 8 SYSTEMPATH/CodeIgniter.php(509): CodeIgniter\CodeIgniter->runController(Object(App\Controllers\User\User))
 9 SYSTEMPATH/CodeIgniter.php(355): CodeIgniter\CodeIgniter->handleRequest(null, Object(Config\Cache), false)
10 SYSTEMPATH/Boot.php(325): CodeIgniter\CodeIgniter->run()
11 SYSTEMPATH/Boot.php(67): CodeIgniter\Boot::runCodeIgniter(Object(CodeIgniter\CodeIgniter))
12 FCPATH/index.php(56): CodeIgniter\Boot::bootWeb(Object(Config\Paths))
INFO - 2025-02-03 21:07:23 --> Session: Class initialized using 'CodeIgniter\Session\Handlers\FileHandler' driver.
INFO - 2025-02-03 21:07:26 --> Session: Class initialized using 'CodeIgniter\Session\Handlers\FileHandler' driver.
WARNING - 2025-02-03 21:07:26 --> [DEPRECATED] Creation of dynamic property App\Controllers\User\User::$data is deprecated in APPPATH/Controllers/User/BaseController.php on line 58.
 1 SYSTEMPATH/CodeIgniter.php(904): App\Controllers\User\BaseController->initController(Object(CodeIgniter\HTTP\IncomingRequest), Object(CodeIgniter\HTTP\Response), Object(CodeIgniter\Log\Logger))
 2 SYSTEMPATH/CodeIgniter.php(500): CodeIgniter\CodeIgniter->createController()
 3 SYSTEMPATH/CodeIgniter.php(355): CodeIgniter\CodeIgniter->handleRequest(null, Object(Config\Cache), false)
 4 SYSTEMPATH/Boot.php(325): CodeIgniter\CodeIgniter->run()
 5 SYSTEMPATH/Boot.php(67): CodeIgniter\Boot::runCodeIgniter(Object(CodeIgniter\CodeIgniter))
 6 FCPATH/index.php(56): CodeIgniter\Boot::bootWeb(Object(Config\Paths))
CRITICAL - 2025-02-03 21:07:26 --> ErrorException: Undefined variable $dt
[Method: GET, Route: user/profile]
in APPPATH/Libraries/DateTimeLibrary.php on line 24.
 1 APPPATH/Libraries/DateTimeLibrary.php(24): CodeIgniter\Debug\Exceptions->errorHandler(2, 'Undefined variable $dt', '/home/vol2_8/byethost24.com/b24_38059003/htdocs/app/Libraries/DateTimeLibrary.php', 24)
 2 APPPATH/Views/user/profile.php(27): App\Libraries\DateTimeLibrary::strToDbDateTime('2025-02-04 00:04:38')
 3 SYSTEMPATH/View/View.php(234): include('/home/vol2_8/byethost24.com/b24_38059003/htdocs/app/Views/user/profile.php')
 4 SYSTEMPATH/View/View.php(237): CodeIgniter\View\View->CodeIgniter\View\{closure}()
 5 SYSTEMPATH/Common.php(1171): CodeIgniter\View\View->render('user/profile.php', [], true)
 6 APPPATH/Controllers/User/User.php(17): view('user/profile.php', [...])
 7 SYSTEMPATH/CodeIgniter.php(933): App\Controllers\User\User->index()
 8 SYSTEMPATH/CodeIgniter.php(509): CodeIgniter\CodeIgniter->runController(Object(App\Controllers\User\User))
 9 SYSTEMPATH/CodeIgniter.php(355): CodeIgniter\CodeIgniter->handleRequest(null, Object(Config\Cache), false)
10 SYSTEMPATH/Boot.php(325): CodeIgniter\CodeIgniter->run()
11 SYSTEMPATH/Boot.php(67): CodeIgniter\Boot::runCodeIgniter(Object(CodeIgniter\CodeIgniter))
12 FCPATH/index.php(56): CodeIgniter\Boot::bootWeb(Object(Config\Paths))
INFO - 2025-02-03 21:08:37 --> Session: Class initialized using 'CodeIgniter\Session\Handlers\FileHandler' driver.
WARNING - 2025-02-03 21:08:37 --> [DEPRECATED] Creation of dynamic property App\Controllers\User\User::$data is deprecated in APPPATH/Controllers/User/BaseController.php on line 58.
 1 SYSTEMPATH/CodeIgniter.php(904): App\Controllers\User\BaseController->initController(Object(CodeIgniter\HTTP\IncomingRequest), Object(CodeIgniter\HTTP\Response), Object(CodeIgniter\Log\Logger))
 2 SYSTEMPATH/CodeIgniter.php(500): CodeIgniter\CodeIgniter->createController()
 3 SYSTEMPATH/CodeIgniter.php(355): CodeIgniter\CodeIgniter->handleRequest(null, Object(Config\Cache), false)
 4 SYSTEMPATH/Boot.php(325): CodeIgniter\CodeIgniter->run()
 5 SYSTEMPATH/Boot.php(67): CodeIgniter\Boot::runCodeIgniter(Object(CodeIgniter\CodeIgniter))
 6 FCPATH/index.php(56): CodeIgniter\Boot::bootWeb(Object(Config\Paths))
CRITICAL - 2025-02-03 21:08:37 --> ErrorException: Undefined variable $dt
[Method: GET, Route: user/profile]
in APPPATH/Libraries/DateTimeLibrary.php on line 24.
 1 APPPATH/Libraries/DateTimeLibrary.php(24): CodeIgniter\Debug\Exceptions->errorHandler(2, 'Undefined variable $dt', '/home/vol2_8/byethost24.com/b24_38059003/htdocs/app/Libraries/DateTimeLibrary.php', 24)
 2 APPPATH/Views/user/profile.php(27): App\Libraries\DateTimeLibrary::strToDbDateTime('2025-02-04 00:04:38')
 3 SYSTEMPATH/View/View.php(234): include('/home/vol2_8/byethost24.com/b24_38059003/htdocs/app/Views/user/profile.php')
 4 SYSTEMPATH/View/View.php(237): CodeIgniter\View\View->CodeIgniter\View\{closure}()
 5 SYSTEMPATH/Common.php(1171): CodeIgniter\View\View->render('user/profile.php', [], true)
 6 APPPATH/Controllers/User/User.php(17): view('user/profile.php', [...])
 7 SYSTEMPATH/CodeIgniter.php(933): App\Controllers\User\User->index()
 8 SYSTEMPATH/CodeIgniter.php(509): CodeIgniter\CodeIgniter->runController(Object(App\Controllers\User\User))
 9 SYSTEMPATH/CodeIgniter.php(355): CodeIgniter\CodeIgniter->handleRequest(null, Object(Config\Cache), false)
10 SYSTEMPATH/Boot.php(325): CodeIgniter\CodeIgniter->run()
11 SYSTEMPATH/Boot.php(67): CodeIgniter\Boot::runCodeIgniter(Object(CodeIgniter\CodeIgniter))
12 FCPATH/index.php(56): CodeIgniter\Boot::bootWeb(Object(Config\Paths))
INFO - 2025-02-03 21:08:39 --> Session: Class initialized using 'CodeIgniter\Session\Handlers\FileHandler' driver.
WARNING - 2025-02-03 21:08:39 --> [DEPRECATED] Creation of dynamic property App\Controllers\User\User::$data is deprecated in APPPATH/Controllers/User/BaseController.php on line 58.
 1 SYSTEMPATH/CodeIgniter.php(904): App\Controllers\User\BaseController->initController(Object(CodeIgniter\HTTP\IncomingRequest), Object(CodeIgniter\HTTP\Response), Object(CodeIgniter\Log\Logger))
 2 SYSTEMPATH/CodeIgniter.php(500): CodeIgniter\CodeIgniter->createController()
 3 SYSTEMPATH/CodeIgniter.php(355): CodeIgniter\CodeIgniter->handleRequest(null, Object(Config\Cache), false)
 4 SYSTEMPATH/Boot.php(325): CodeIgniter\CodeIgniter->run()
 5 SYSTEMPATH/Boot.php(67): CodeIgniter\Boot::runCodeIgniter(Object(CodeIgniter\CodeIgniter))
 6 FCPATH/index.php(56): CodeIgniter\Boot::bootWeb(Object(Config\Paths))
CRITICAL - 2025-02-03 21:08:39 --> ErrorException: Undefined variable $dt
[Method: GET, Route: user/profile]
in APPPATH/Libraries/DateTimeLibrary.php on line 24.
 1 APPPATH/Libraries/DateTimeLibrary.php(24): CodeIgniter\Debug\Exceptions->errorHandler(2, 'Undefined variable $dt', '/home/vol2_8/byethost24.com/b24_38059003/htdocs/app/Libraries/DateTimeLibrary.php', 24)
 2 APPPATH/Views/user/profile.php(27): App\Libraries\DateTimeLibrary::strToDbDateTime('2025-02-04 00:04:38')
 3 SYSTEMPATH/View/View.php(234): include('/home/vol2_8/byethost24.com/b24_38059003/htdocs/app/Views/user/profile.php')
 4 SYSTEMPATH/View/View.php(237): CodeIgniter\View\View->CodeIgniter\View\{closure}()
 5 SYSTEMPATH/Common.php(1171): CodeIgniter\View\View->render('user/profile.php', [], true)
 6 APPPATH/Controllers/User/User.php(17): view('user/profile.php', [...])
 7 SYSTEMPATH/CodeIgniter.php(933): App\Controllers\User\User->index()
 8 SYSTEMPATH/CodeIgniter.php(509): CodeIgniter\CodeIgniter->runController(Object(App\Controllers\User\User))
 9 SYSTEMPATH/CodeIgniter.php(355): CodeIgniter\CodeIgniter->handleRequest(null, Object(Config\Cache), false)
10 SYSTEMPATH/Boot.php(325): CodeIgniter\CodeIgniter->run()
11 SYSTEMPATH/Boot.php(67): CodeIgniter\Boot::runCodeIgniter(Object(CodeIgniter\CodeIgniter))
12 FCPATH/index.php(56): CodeIgniter\Boot::bootWeb(Object(Config\Paths))
INFO - 2025-02-03 21:08:58 --> Session: Class initialized using 'CodeIgniter\Session\Handlers\FileHandler' driver.
WARNING - 2025-02-03 21:08:58 --> [DEPRECATED] Creation of dynamic property App\Controllers\User\User::$data is deprecated in APPPATH/Controllers/User/BaseController.php on line 58.
 1 SYSTEMPATH/CodeIgniter.php(904): App\Controllers\User\BaseController->initController(Object(CodeIgniter\HTTP\IncomingRequest), Object(CodeIgniter\HTTP\Response), Object(CodeIgniter\Log\Logger))
 2 SYSTEMPATH/CodeIgniter.php(500): CodeIgniter\CodeIgniter->createController()
 3 SYSTEMPATH/CodeIgniter.php(355): CodeIgniter\CodeIgniter->handleRequest(null, Object(Config\Cache), false)
 4 SYSTEMPATH/Boot.php(325): CodeIgniter\CodeIgniter->run()
 5 SYSTEMPATH/Boot.php(67): CodeIgniter\Boot::runCodeIgniter(Object(CodeIgniter\CodeIgniter))
 6 FCPATH/index.php(56): CodeIgniter\Boot::bootWeb(Object(Config\Paths))
CRITICAL - 2025-02-03 21:08:58 --> ErrorException: Undefined variable $dt
[Method: GET, Route: user/profile]
in APPPATH/Libraries/DateTimeLibrary.php on line 24.
 1 APPPATH/Libraries/DateTimeLibrary.php(24): CodeIgniter\Debug\Exceptions->errorHandler(2, 'Undefined variable $dt', '/home/vol2_8/byethost24.com/b24_38059003/htdocs/app/Libraries/DateTimeLibrary.php', 24)
 2 APPPATH/Views/user/profile.php(27): App\Libraries\DateTimeLibrary::strToDbDateTime('2025-02-04 00:04:38')
 3 SYSTEMPATH/View/View.php(234): include('/home/vol2_8/byethost24.com/b24_38059003/htdocs/app/Views/user/profile.php')
 4 SYSTEMPATH/View/View.php(237): CodeIgniter\View\View->CodeIgniter\View\{closure}()
 5 SYSTEMPATH/Common.php(1171): CodeIgniter\View\View->render('user/profile.php', [], true)
 6 APPPATH/Controllers/User/User.php(17): view('user/profile.php', [...])
 7 SYSTEMPATH/CodeIgniter.php(933): App\Controllers\User\User->index()
 8 SYSTEMPATH/CodeIgniter.php(509): CodeIgniter\CodeIgniter->runController(Object(App\Controllers\User\User))
 9 SYSTEMPATH/CodeIgniter.php(355): CodeIgniter\CodeIgniter->handleRequest(null, Object(Config\Cache), false)
10 SYSTEMPATH/Boot.php(325): CodeIgniter\CodeIgniter->run()
11 SYSTEMPATH/Boot.php(67): CodeIgniter\Boot::runCodeIgniter(Object(CodeIgniter\CodeIgniter))
12 FCPATH/index.php(56): CodeIgniter\Boot::bootWeb(Object(Config\Paths))
INFO - 2025-02-03 21:09:32 --> Session: Class initialized using 'CodeIgniter\Session\Handlers\FileHandler' driver.
WARNING - 2025-02-03 21:09:32 --> [DEPRECATED] Creation of dynamic property App\Controllers\User\User::$data is deprecated in APPPATH/Controllers/User/BaseController.php on line 58.
 1 SYSTEMPATH/CodeIgniter.php(904): App\Controllers\User\BaseController->initController(Object(CodeIgniter\HTTP\IncomingRequest), Object(CodeIgniter\HTTP\Response), Object(CodeIgniter\Log\Logger))
 2 SYSTEMPATH/CodeIgniter.php(500): CodeIgniter\CodeIgniter->createController()
 3 SYSTEMPATH/CodeIgniter.php(355): CodeIgniter\CodeIgniter->handleRequest(null, Object(Config\Cache), false)
 4 SYSTEMPATH/Boot.php(325): CodeIgniter\CodeIgniter->run()
 5 SYSTEMPATH/Boot.php(67): CodeIgniter\Boot::runCodeIgniter(Object(CodeIgniter\CodeIgniter))
 6 FCPATH/index.php(56): CodeIgniter\Boot::bootWeb(Object(Config\Paths))
CRITICAL - 2025-02-03 21:09:32 --> ErrorException: Undefined variable $dt
[Method: GET, Route: user/profile]
in APPPATH/Libraries/DateTimeLibrary.php on line 24.
 1 APPPATH/Libraries/DateTimeLibrary.php(24): CodeIgniter\Debug\Exceptions->errorHandler(2, 'Undefined variable $dt', '/home/vol2_8/byethost24.com/b24_38059003/htdocs/app/Libraries/DateTimeLibrary.php', 24)
 2 APPPATH/Views/user/profile.php(27): App\Libraries\DateTimeLibrary::strToDbDateTime('2025-02-04 00:04:38')
 3 SYSTEMPATH/View/View.php(234): include('/home/vol2_8/byethost24.com/b24_38059003/htdocs/app/Views/user/profile.php')
 4 SYSTEMPATH/View/View.php(237): CodeIgniter\View\View->CodeIgniter\View\{closure}()
 5 SYSTEMPATH/Common.php(1171): CodeIgniter\View\View->render('user/profile.php', [], true)
 6 APPPATH/Controllers/User/User.php(17): view('user/profile.php', [...])
 7 SYSTEMPATH/CodeIgniter.php(933): App\Controllers\User\User->index()
 8 SYSTEMPATH/CodeIgniter.php(509): CodeIgniter\CodeIgniter->runController(Object(App\Controllers\User\User))
 9 SYSTEMPATH/CodeIgniter.php(355): CodeIgniter\CodeIgniter->handleRequest(null, Object(Config\Cache), false)
10 SYSTEMPATH/Boot.php(325): CodeIgniter\CodeIgniter->run()
11 SYSTEMPATH/Boot.php(67): CodeIgniter\Boot::runCodeIgniter(Object(CodeIgniter\CodeIgniter))
12 FCPATH/index.php(56): CodeIgniter\Boot::bootWeb(Object(Config\Paths))
INFO - 2025-02-03 21:09:33 --> Session: Class initialized using 'CodeIgniter\Session\Handlers\FileHandler' driver.
WARNING - 2025-02-03 21:09:33 --> [DEPRECATED] Creation of dynamic property App\Controllers\User\User::$data is deprecated in APPPATH/Controllers/User/BaseController.php on line 58.
 1 SYSTEMPATH/CodeIgniter.php(904): App\Controllers\User\BaseController->initController(Object(CodeIgniter\HTTP\IncomingRequest), Object(CodeIgniter\HTTP\Response), Object(CodeIgniter\Log\Logger))
 2 SYSTEMPATH/CodeIgniter.php(500): CodeIgniter\CodeIgniter->createController()
 3 SYSTEMPATH/CodeIgniter.php(355): CodeIgniter\CodeIgniter->handleRequest(null, Object(Config\Cache), false)
 4 SYSTEMPATH/Boot.php(325): CodeIgniter\CodeIgniter->run()
 5 SYSTEMPATH/Boot.php(67): CodeIgniter\Boot::runCodeIgniter(Object(CodeIgniter\CodeIgniter))
 6 FCPATH/index.php(56): CodeIgniter\Boot::bootWeb(Object(Config\Paths))
CRITICAL - 2025-02-03 21:09:33 --> ErrorException: Undefined variable $dt
[Method: GET, Route: user/profile]
in APPPATH/Libraries/DateTimeLibrary.php on line 24.
 1 APPPATH/Libraries/DateTimeLibrary.php(24): CodeIgniter\Debug\Exceptions->errorHandler(2, 'Undefined variable $dt', '/home/vol2_8/byethost24.com/b24_38059003/htdocs/app/Libraries/DateTimeLibrary.php', 24)
 2 APPPATH/Views/user/profile.php(27): App\Libraries\DateTimeLibrary::strToDbDateTime('2025-02-04 00:04:38')
 3 SYSTEMPATH/View/View.php(234): include('/home/vol2_8/byethost24.com/b24_38059003/htdocs/app/Views/user/profile.php')
 4 SYSTEMPATH/View/View.php(237): CodeIgniter\View\View->CodeIgniter\View\{closure}()
 5 SYSTEMPATH/Common.php(1171): CodeIgniter\View\View->render('user/profile.php', [], true)
 6 APPPATH/Controllers/User/User.php(17): view('user/profile.php', [...])
 7 SYSTEMPATH/CodeIgniter.php(933): App\Controllers\User\User->index()
 8 SYSTEMPATH/CodeIgniter.php(509): CodeIgniter\CodeIgniter->runController(Object(App\Controllers\User\User))
 9 SYSTEMPATH/CodeIgniter.php(355): CodeIgniter\CodeIgniter->handleRequest(null, Object(Config\Cache), false)
10 SYSTEMPATH/Boot.php(325): CodeIgniter\CodeIgniter->run()
11 SYSTEMPATH/Boot.php(67): CodeIgniter\Boot::runCodeIgniter(Object(CodeIgniter\CodeIgniter))
12 FCPATH/index.php(56): CodeIgniter\Boot::bootWeb(Object(Config\Paths))
INFO - 2025-02-03 21:09:35 --> Session: Class initialized using 'CodeIgniter\Session\Handlers\FileHandler' driver.
WARNING - 2025-02-03 21:09:35 --> [DEPRECATED] Creation of dynamic property App\Controllers\User\User::$data is deprecated in APPPATH/Controllers/User/BaseController.php on line 58.
 1 SYSTEMPATH/CodeIgniter.php(904): App\Controllers\User\BaseController->initController(Object(CodeIgniter\HTTP\IncomingRequest), Object(CodeIgniter\HTTP\Response), Object(CodeIgniter\Log\Logger))
 2 SYSTEMPATH/CodeIgniter.php(500): CodeIgniter\CodeIgniter->createController()
 3 SYSTEMPATH/CodeIgniter.php(355): CodeIgniter\CodeIgniter->handleRequest(null, Object(Config\Cache), false)
 4 SYSTEMPATH/Boot.php(325): CodeIgniter\CodeIgniter->run()
 5 SYSTEMPATH/Boot.php(67): CodeIgniter\Boot::runCodeIgniter(Object(CodeIgniter\CodeIgniter))
 6 FCPATH/index.php(56): CodeIgniter\Boot::bootWeb(Object(Config\Paths))
CRITICAL - 2025-02-03 21:09:35 --> ErrorException: Undefined variable $dt
[Method: GET, Route: user/profile]
in APPPATH/Libraries/DateTimeLibrary.php on line 24.
 1 APPPATH/Libraries/DateTimeLibrary.php(24): CodeIgniter\Debug\Exceptions->errorHandler(2, 'Undefined variable $dt', '/home/vol2_8/byethost24.com/b24_38059003/htdocs/app/Libraries/DateTimeLibrary.php', 24)
 2 APPPATH/Views/user/profile.php(27): App\Libraries\DateTimeLibrary::strToDbDateTime('2025-02-04 00:04:38')
 3 SYSTEMPATH/View/View.php(234): include('/home/vol2_8/byethost24.com/b24_38059003/htdocs/app/Views/user/profile.php')
 4 SYSTEMPATH/View/View.php(237): CodeIgniter\View\View->CodeIgniter\View\{closure}()
 5 SYSTEMPATH/Common.php(1171): CodeIgniter\View\View->render('user/profile.php', [], true)
 6 APPPATH/Controllers/User/User.php(17): view('user/profile.php', [...])
 7 SYSTEMPATH/CodeIgniter.php(933): App\Controllers\User\User->index()
 8 SYSTEMPATH/CodeIgniter.php(509): CodeIgniter\CodeIgniter->runController(Object(App\Controllers\User\User))
 9 SYSTEMPATH/CodeIgniter.php(355): CodeIgniter\CodeIgniter->handleRequest(null, Object(Config\Cache), false)
10 SYSTEMPATH/Boot.php(325): CodeIgniter\CodeIgniter->run()
11 SYSTEMPATH/Boot.php(67): CodeIgniter\Boot::runCodeIgniter(Object(CodeIgniter\CodeIgniter))
12 FCPATH/index.php(56): CodeIgniter\Boot::bootWeb(Object(Config\Paths))
INFO - 2025-02-03 21:10:07 --> Session: Class initialized using 'CodeIgniter\Session\Handlers\FileHandler' driver.
WARNING - 2025-02-03 21:10:07 --> [DEPRECATED] Creation of dynamic property App\Controllers\User\User::$data is deprecated in APPPATH/Controllers/User/BaseController.php on line 58.
 1 SYSTEMPATH/CodeIgniter.php(904): App\Controllers\User\BaseController->initController(Object(CodeIgniter\HTTP\IncomingRequest), Object(CodeIgniter\HTTP\Response), Object(CodeIgniter\Log\Logger))
 2 SYSTEMPATH/CodeIgniter.php(500): CodeIgniter\CodeIgniter->createController()
 3 SYSTEMPATH/CodeIgniter.php(355): CodeIgniter\CodeIgniter->handleRequest(null, Object(Config\Cache), false)
 4 SYSTEMPATH/Boot.php(325): CodeIgniter\CodeIgniter->run()
 5 SYSTEMPATH/Boot.php(67): CodeIgniter\Boot::runCodeIgniter(Object(CodeIgniter\CodeIgniter))
 6 FCPATH/index.php(56): CodeIgniter\Boot::bootWeb(Object(Config\Paths))
CRITICAL - 2025-02-03 21:10:07 --> TypeError: DateTime::__construct(): Argument #1 ($datetime) must be of type string, DateTime given
[Method: GET, Route: user/profile]
in APPPATH/Libraries/DateTimeLibrary.php on line 25.
 1 APPPATH/Libraries/DateTimeLibrary.php(25): DateTime->__construct(Object(DateTime), Object(DateTimeZone))
 2 APPPATH/Views/user/profile.php(27): App\Libraries\DateTimeLibrary::strToDbDateTime('2025-02-04 00:04:38')
 3 SYSTEMPATH/View/View.php(234): include('/home/vol2_8/byethost24.com/b24_38059003/htdocs/app/Views/user/profile.php')
 4 SYSTEMPATH/View/View.php(237): CodeIgniter\View\View->CodeIgniter\View\{closure}()
 5 SYSTEMPATH/Common.php(1171): CodeIgniter\View\View->render('user/profile.php', [], true)
 6 APPPATH/Controllers/User/User.php(17): view('user/profile.php', [...])
 7 SYSTEMPATH/CodeIgniter.php(933): App\Controllers\User\User->index()
 8 SYSTEMPATH/CodeIgniter.php(509): CodeIgniter\CodeIgniter->runController(Object(App\Controllers\User\User))
 9 SYSTEMPATH/CodeIgniter.php(355): CodeIgniter\CodeIgniter->handleRequest(null, Object(Config\Cache), false)
10 SYSTEMPATH/Boot.php(325): CodeIgniter\CodeIgniter->run()
11 SYSTEMPATH/Boot.php(67): CodeIgniter\Boot::runCodeIgniter(Object(CodeIgniter\CodeIgniter))
12 FCPATH/index.php(56): CodeIgniter\Boot::bootWeb(Object(Config\Paths))
INFO - 2025-02-03 21:10:08 --> Session: Class initialized using 'CodeIgniter\Session\Handlers\FileHandler' driver.
WARNING - 2025-02-03 21:10:08 --> [DEPRECATED] Creation of dynamic property App\Controllers\User\User::$data is deprecated in APPPATH/Controllers/User/BaseController.php on line 58.
 1 SYSTEMPATH/CodeIgniter.php(904): App\Controllers\User\BaseController->initController(Object(CodeIgniter\HTTP\IncomingRequest), Object(CodeIgniter\HTTP\Response), Object(CodeIgniter\Log\Logger))
 2 SYSTEMPATH/CodeIgniter.php(500): CodeIgniter\CodeIgniter->createController()
 3 SYSTEMPATH/CodeIgniter.php(355): CodeIgniter\CodeIgniter->handleRequest(null, Object(Config\Cache), false)
 4 SYSTEMPATH/Boot.php(325): CodeIgniter\CodeIgniter->run()
 5 SYSTEMPATH/Boot.php(67): CodeIgniter\Boot::runCodeIgniter(Object(CodeIgniter\CodeIgniter))
 6 FCPATH/index.php(56): CodeIgniter\Boot::bootWeb(Object(Config\Paths))
CRITICAL - 2025-02-03 21:10:08 --> TypeError: DateTime::__construct(): Argument #1 ($datetime) must be of type string, DateTime given
[Method: GET, Route: user/profile]
in APPPATH/Libraries/DateTimeLibrary.php on line 25.
 1 APPPATH/Libraries/DateTimeLibrary.php(25): DateTime->__construct(Object(DateTime), Object(DateTimeZone))
 2 APPPATH/Views/user/profile.php(27): App\Libraries\DateTimeLibrary::strToDbDateTime('2025-02-04 00:04:38')
 3 SYSTEMPATH/View/View.php(234): include('/home/vol2_8/byethost24.com/b24_38059003/htdocs/app/Views/user/profile.php')
 4 SYSTEMPATH/View/View.php(237): CodeIgniter\View\View->CodeIgniter\View\{closure}()
 5 SYSTEMPATH/Common.php(1171): CodeIgniter\View\View->render('user/profile.php', [], true)
 6 APPPATH/Controllers/User/User.php(17): view('user/profile.php', [...])
 7 SYSTEMPATH/CodeIgniter.php(933): App\Controllers\User\User->index()
 8 SYSTEMPATH/CodeIgniter.php(509): CodeIgniter\CodeIgniter->runController(Object(App\Controllers\User\User))
 9 SYSTEMPATH/CodeIgniter.php(355): CodeIgniter\CodeIgniter->handleRequest(null, Object(Config\Cache), false)
10 SYSTEMPATH/Boot.php(325): CodeIgniter\CodeIgniter->run()
11 SYSTEMPATH/Boot.php(67): CodeIgniter\Boot::runCodeIgniter(Object(CodeIgniter\CodeIgniter))
12 FCPATH/index.php(56): CodeIgniter\Boot::bootWeb(Object(Config\Paths))
INFO - 2025-02-03 21:10:17 --> Session: Class initialized using 'CodeIgniter\Session\Handlers\FileHandler' driver.
INFO - 2025-02-03 21:10:22 --> Session: Class initialized using 'CodeIgniter\Session\Handlers\FileHandler' driver.
WARNING - 2025-02-03 21:10:22 --> [DEPRECATED] Creation of dynamic property App\Controllers\User\User::$data is deprecated in APPPATH/Controllers/User/BaseController.php on line 58.
 1 SYSTEMPATH/CodeIgniter.php(904): App\Controllers\User\BaseController->initController(Object(CodeIgniter\HTTP\IncomingRequest), Object(CodeIgniter\HTTP\Response), Object(CodeIgniter\Log\Logger))
 2 SYSTEMPATH/CodeIgniter.php(500): CodeIgniter\CodeIgniter->createController()
 3 SYSTEMPATH/CodeIgniter.php(355): CodeIgniter\CodeIgniter->handleRequest(null, Object(Config\Cache), false)
 4 SYSTEMPATH/Boot.php(325): CodeIgniter\CodeIgniter->run()
 5 SYSTEMPATH/Boot.php(67): CodeIgniter\Boot::runCodeIgniter(Object(CodeIgniter\CodeIgniter))
 6 FCPATH/index.php(56): CodeIgniter\Boot::bootWeb(Object(Config\Paths))
CRITICAL - 2025-02-03 21:10:22 --> TypeError: DateTime::__construct(): Argument #1 ($datetime) must be of type string, DateTime given
[Method: GET, Route: user/profile]
in APPPATH/Libraries/DateTimeLibrary.php on line 25.
 1 APPPATH/Libraries/DateTimeLibrary.php(25): DateTime->__construct(Object(DateTime), Object(DateTimeZone))
 2 APPPATH/Views/user/profile.php(27): App\Libraries\DateTimeLibrary::strToDbDateTime('2025-02-04 00:04:38')
 3 SYSTEMPATH/View/View.php(234): include('/home/vol2_8/byethost24.com/b24_38059003/htdocs/app/Views/user/profile.php')
 4 SYSTEMPATH/View/View.php(237): CodeIgniter\View\View->CodeIgniter\View\{closure}()
 5 SYSTEMPATH/Common.php(1171): CodeIgniter\View\View->render('user/profile.php', [], true)
 6 APPPATH/Controllers/User/User.php(17): view('user/profile.php', [...])
 7 SYSTEMPATH/CodeIgniter.php(933): App\Controllers\User\User->index()
 8 SYSTEMPATH/CodeIgniter.php(509): CodeIgniter\CodeIgniter->runController(Object(App\Controllers\User\User))
 9 SYSTEMPATH/CodeIgniter.php(355): CodeIgniter\CodeIgniter->handleRequest(null, Object(Config\Cache), false)
10 SYSTEMPATH/Boot.php(325): CodeIgniter\CodeIgniter->run()
11 SYSTEMPATH/Boot.php(67): CodeIgniter\Boot::runCodeIgniter(Object(CodeIgniter\CodeIgniter))
12 FCPATH/index.php(56): CodeIgniter\Boot::bootWeb(Object(Config\Paths))
INFO - 2025-02-03 21:10:30 --> Session: Class initialized using 'CodeIgniter\Session\Handlers\FileHandler' driver.
WARNING - 2025-02-03 21:10:30 --> [DEPRECATED] Creation of dynamic property App\Controllers\User\User::$data is deprecated in APPPATH/Controllers/User/BaseController.php on line 58.
 1 SYSTEMPATH/CodeIgniter.php(904): App\Controllers\User\BaseController->initController(Object(CodeIgniter\HTTP\IncomingRequest), Object(CodeIgniter\HTTP\Response), Object(CodeIgniter\Log\Logger))
 2 SYSTEMPATH/CodeIgniter.php(500): CodeIgniter\CodeIgniter->createController()
 3 SYSTEMPATH/CodeIgniter.php(355): CodeIgniter\CodeIgniter->handleRequest(null, Object(Config\Cache), false)
 4 SYSTEMPATH/Boot.php(325): CodeIgniter\CodeIgniter->run()
 5 SYSTEMPATH/Boot.php(67): CodeIgniter\Boot::runCodeIgniter(Object(CodeIgniter\CodeIgniter))
 6 FCPATH/index.php(56): CodeIgniter\Boot::bootWeb(Object(Config\Paths))
CRITICAL - 2025-02-03 21:10:30 --> TypeError: DateTime::__construct(): Argument #1 ($datetime) must be of type string, DateTime given
[Method: GET, Route: user/profile]
in APPPATH/Libraries/DateTimeLibrary.php on line 25.
 1 APPPATH/Libraries/DateTimeLibrary.php(25): DateTime->__construct(Object(DateTime), Object(DateTimeZone))
 2 APPPATH/Views/user/profile.php(27): App\Libraries\DateTimeLibrary::strToDbDateTime('2025-02-04 00:04:38')
 3 SYSTEMPATH/View/View.php(234): include('/home/vol2_8/byethost24.com/b24_38059003/htdocs/app/Views/user/profile.php')
 4 SYSTEMPATH/View/View.php(237): CodeIgniter\View\View->CodeIgniter\View\{closure}()
 5 SYSTEMPATH/Common.php(1171): CodeIgniter\View\View->render('user/profile.php', [], true)
 6 APPPATH/Controllers/User/User.php(17): view('user/profile.php', [...])
 7 SYSTEMPATH/CodeIgniter.php(933): App\Controllers\User\User->index()
 8 SYSTEMPATH/CodeIgniter.php(509): CodeIgniter\CodeIgniter->runController(Object(App\Controllers\User\User))
 9 SYSTEMPATH/CodeIgniter.php(355): CodeIgniter\CodeIgniter->handleRequest(null, Object(Config\Cache), false)
10 SYSTEMPATH/Boot.php(325): CodeIgniter\CodeIgniter->run()
11 SYSTEMPATH/Boot.php(67): CodeIgniter\Boot::runCodeIgniter(Object(CodeIgniter\CodeIgniter))
12 FCPATH/index.php(56): CodeIgniter\Boot::bootWeb(Object(Config\Paths))
INFO - 2025-02-03 21:10:49 --> Session: Class initialized using 'CodeIgniter\Session\Handlers\FileHandler' driver.
WARNING - 2025-02-03 21:10:49 --> [DEPRECATED] Creation of dynamic property App\Controllers\User\User::$data is deprecated in APPPATH/Controllers/User/BaseController.php on line 58.
 1 SYSTEMPATH/CodeIgniter.php(904): App\Controllers\User\BaseController->initController(Object(CodeIgniter\HTTP\IncomingRequest), Object(CodeIgniter\HTTP\Response), Object(CodeIgniter\Log\Logger))
 2 SYSTEMPATH/CodeIgniter.php(500): CodeIgniter\CodeIgniter->createController()
 3 SYSTEMPATH/CodeIgniter.php(355): CodeIgniter\CodeIgniter->handleRequest(null, Object(Config\Cache), false)
 4 SYSTEMPATH/Boot.php(325): CodeIgniter\CodeIgniter->run()
 5 SYSTEMPATH/Boot.php(67): CodeIgniter\Boot::runCodeIgniter(Object(CodeIgniter\CodeIgniter))
 6 FCPATH/index.php(56): CodeIgniter\Boot::bootWeb(Object(Config\Paths))
CRITICAL - 2025-02-03 21:10:49 --> TypeError: DateTime::__construct(): Argument #1 ($datetime) must be of type string, DateTime given
[Method: GET, Route: user/profile]
in APPPATH/Libraries/DateTimeLibrary.php on line 25.
 1 APPPATH/Libraries/DateTimeLibrary.php(25): DateTime->__construct(Object(DateTime), Object(DateTimeZone))
 2 APPPATH/Views/user/profile.php(27): App\Libraries\DateTimeLibrary::strToDbDateTime('2025-02-04 00:04:38')
 3 SYSTEMPATH/View/View.php(234): include('/home/vol2_8/byethost24.com/b24_38059003/htdocs/app/Views/user/profile.php')
 4 SYSTEMPATH/View/View.php(237): CodeIgniter\View\View->CodeIgniter\View\{closure}()
 5 SYSTEMPATH/Common.php(1171): CodeIgniter\View\View->render('user/profile.php', [], true)
 6 APPPATH/Controllers/User/User.php(17): view('user/profile.php', [...])
 7 SYSTEMPATH/CodeIgniter.php(933): App\Controllers\User\User->index()
 8 SYSTEMPATH/CodeIgniter.php(509): CodeIgniter\CodeIgniter->runController(Object(App\Controllers\User\User))
 9 SYSTEMPATH/CodeIgniter.php(355): CodeIgniter\CodeIgniter->handleRequest(null, Object(Config\Cache), false)
10 SYSTEMPATH/Boot.php(325): CodeIgniter\CodeIgniter->run()
11 SYSTEMPATH/Boot.php(67): CodeIgniter\Boot::runCodeIgniter(Object(CodeIgniter\CodeIgniter))
12 FCPATH/index.php(56): CodeIgniter\Boot::bootWeb(Object(Config\Paths))
INFO - 2025-02-03 21:11:12 --> Session: Class initialized using 'CodeIgniter\Session\Handlers\FileHandler' driver.
WARNING - 2025-02-03 21:11:12 --> [DEPRECATED] Creation of dynamic property App\Controllers\User\User::$data is deprecated in APPPATH/Controllers/User/BaseController.php on line 58.
 1 SYSTEMPATH/CodeIgniter.php(904): App\Controllers\User\BaseController->initController(Object(CodeIgniter\HTTP\IncomingRequest), Object(CodeIgniter\HTTP\Response), Object(CodeIgniter\Log\Logger))
 2 SYSTEMPATH/CodeIgniter.php(500): CodeIgniter\CodeIgniter->createController()
 3 SYSTEMPATH/CodeIgniter.php(355): CodeIgniter\CodeIgniter->handleRequest(null, Object(Config\Cache), false)
 4 SYSTEMPATH/Boot.php(325): CodeIgniter\CodeIgniter->run()
 5 SYSTEMPATH/Boot.php(67): CodeIgniter\Boot::runCodeIgniter(Object(CodeIgniter\CodeIgniter))
 6 FCPATH/index.php(56): CodeIgniter\Boot::bootWeb(Object(Config\Paths))
INFO - 2025-02-03 21:11:21 --> Session: Class initialized using 'CodeIgniter\Session\Handlers\FileHandler' driver.
INFO - 2025-02-03 21:11:24 --> Session: Class initialized using 'CodeIgniter\Session\Handlers\FileHandler' driver.
INFO - 2025-02-03 21:11:25 --> Session: Class initialized using 'CodeIgniter\Session\Handlers\FileHandler' driver.
INFO - 2025-02-03 21:11:28 --> Session: Class initialized using 'CodeIgniter\Session\Handlers\FileHandler' driver.
INFO - 2025-02-03 21:11:31 --> Session: Class initialized using 'CodeIgniter\Session\Handlers\FileHandler' driver.
WARNING - 2025-02-03 21:11:31 --> [DEPRECATED] Creation of dynamic property App\Controllers\User\User::$data is deprecated in APPPATH/Controllers/User/BaseController.php on line 58.
 1 SYSTEMPATH/CodeIgniter.php(904): App\Controllers\User\BaseController->initController(Object(CodeIgniter\HTTP\IncomingRequest), Object(CodeIgniter\HTTP\Response), Object(CodeIgniter\Log\Logger))
 2 SYSTEMPATH/CodeIgniter.php(500): CodeIgniter\CodeIgniter->createController()
 3 SYSTEMPATH/CodeIgniter.php(355): CodeIgniter\CodeIgniter->handleRequest(null, Object(Config\Cache), false)
 4 SYSTEMPATH/Boot.php(325): CodeIgniter\CodeIgniter->run()
 5 SYSTEMPATH/Boot.php(67): CodeIgniter\Boot::runCodeIgniter(Object(CodeIgniter\CodeIgniter))
 6 FCPATH/index.php(56): CodeIgniter\Boot::bootWeb(Object(Config\Paths))
INFO - 2025-02-03 21:11:33 --> Session: Class initialized using 'CodeIgniter\Session\Handlers\FileHandler' driver.
INFO - 2025-02-03 21:11:33 --> Session: Class initialized using 'CodeIgniter\Session\Handlers\FileHandler' driver.
INFO - 2025-02-03 21:11:34 --> Session: Class initialized using 'CodeIgniter\Session\Handlers\FileHandler' driver.
INFO - 2025-02-03 21:11:36 --> Session: Class initialized using 'CodeIgniter\Session\Handlers\FileHandler' driver.
INFO - 2025-02-03 21:11:37 --> Session: Class initialized using 'CodeIgniter\Session\Handlers\FileHandler' driver.
WARNING - 2025-02-03 21:11:37 --> [DEPRECATED] Creation of dynamic property App\Controllers\User\User::$data is deprecated in APPPATH/Controllers/User/BaseController.php on line 58.
 1 SYSTEMPATH/CodeIgniter.php(904): App\Controllers\User\BaseController->initController(Object(CodeIgniter\HTTP\IncomingRequest), Object(CodeIgniter\HTTP\Response), Object(CodeIgniter\Log\Logger))
 2 SYSTEMPATH/CodeIgniter.php(500): CodeIgniter\CodeIgniter->createController()
 3 SYSTEMPATH/CodeIgniter.php(355): CodeIgniter\CodeIgniter->handleRequest(null, Object(Config\Cache), false)
 4 SYSTEMPATH/Boot.php(325): CodeIgniter\CodeIgniter->run()
 5 SYSTEMPATH/Boot.php(67): CodeIgniter\Boot::runCodeIgniter(Object(CodeIgniter\CodeIgniter))
 6 FCPATH/index.php(56): CodeIgniter\Boot::bootWeb(Object(Config\Paths))
INFO - 2025-02-03 21:11:39 --> Session: Class initialized using 'CodeIgniter\Session\Handlers\FileHandler' driver.
WARNING - 2025-02-03 21:11:39 --> [DEPRECATED] Creation of dynamic property App\Controllers\Admin\Category::$session is deprecated in APPPATH/Controllers/Admin/BaseController.php on line 56.
 1 SYSTEMPATH/CodeIgniter.php(904): App\Controllers\Admin\BaseController->initController(Object(CodeIgniter\HTTP\IncomingRequest), Object(CodeIgniter\HTTP\Response), Object(CodeIgniter\Log\Logger))
 2 SYSTEMPATH/CodeIgniter.php(500): CodeIgniter\CodeIgniter->createController()
 3 SYSTEMPATH/CodeIgniter.php(355): CodeIgniter\CodeIgniter->handleRequest(null, Object(Config\Cache), false)
 4 SYSTEMPATH/Boot.php(325): CodeIgniter\CodeIgniter->run()
 5 SYSTEMPATH/Boot.php(67): CodeIgniter\Boot::runCodeIgniter(Object(CodeIgniter\CodeIgniter))
 6 FCPATH/index.php(56): CodeIgniter\Boot::bootWeb(Object(Config\Paths))
INFO - 2025-02-03 21:11:40 --> Session: Class initialized using 'CodeIgniter\Session\Handlers\FileHandler' driver.
WARNING - 2025-02-03 21:11:40 --> [DEPRECATED] Creation of dynamic property App\Controllers\Admin\Category::$session is deprecated in APPPATH/Controllers/Admin/BaseController.php on line 56.
 1 SYSTEMPATH/CodeIgniter.php(904): App\Controllers\Admin\BaseController->initController(Object(CodeIgniter\HTTP\IncomingRequest), Object(CodeIgniter\HTTP\Response), Object(CodeIgniter\Log\Logger))
 2 SYSTEMPATH/CodeIgniter.php(500): CodeIgniter\CodeIgniter->createController()
 3 SYSTEMPATH/CodeIgniter.php(355): CodeIgniter\CodeIgniter->handleRequest(null, Object(Config\Cache), false)
 4 SYSTEMPATH/Boot.php(325): CodeIgniter\CodeIgniter->run()
 5 SYSTEMPATH/Boot.php(67): CodeIgniter\Boot::runCodeIgniter(Object(CodeIgniter\CodeIgniter))
 6 FCPATH/index.php(56): CodeIgniter\Boot::bootWeb(Object(Config\Paths))
INFO - 2025-02-03 21:11:42 --> Session: Class initialized using 'CodeIgniter\Session\Handlers\FileHandler' driver.
WARNING - 2025-02-03 21:11:42 --> [DEPRECATED] Creation of dynamic property App\Controllers\Admin\Course::$session is deprecated in APPPATH/Controllers/Admin/BaseController.php on line 56.
 1 SYSTEMPATH/CodeIgniter.php(904): App\Controllers\Admin\BaseController->initController(Object(CodeIgniter\HTTP\IncomingRequest), Object(CodeIgniter\HTTP\Response), Object(CodeIgniter\Log\Logger))
 2 SYSTEMPATH/CodeIgniter.php(500): CodeIgniter\CodeIgniter->createController()
 3 SYSTEMPATH/CodeIgniter.php(355): CodeIgniter\CodeIgniter->handleRequest(null, Object(Config\Cache), false)
 4 SYSTEMPATH/Boot.php(325): CodeIgniter\CodeIgniter->run()
 5 SYSTEMPATH/Boot.php(67): CodeIgniter\Boot::runCodeIgniter(Object(CodeIgniter\CodeIgniter))
 6 FCPATH/index.php(56): CodeIgniter\Boot::bootWeb(Object(Config\Paths))
INFO - 2025-02-03 21:11:42 --> Session: Class initialized using 'CodeIgniter\Session\Handlers\FileHandler' driver.
WARNING - 2025-02-03 21:11:42 --> [DEPRECATED] Creation of dynamic property App\Controllers\Admin\Course::$session is deprecated in APPPATH/Controllers/Admin/BaseController.php on line 56.
 1 SYSTEMPATH/CodeIgniter.php(904): App\Controllers\Admin\BaseController->initController(Object(CodeIgniter\HTTP\IncomingRequest), Object(CodeIgniter\HTTP\Response), Object(CodeIgniter\Log\Logger))
 2 SYSTEMPATH/CodeIgniter.php(500): CodeIgniter\CodeIgniter->createController()
 3 SYSTEMPATH/CodeIgniter.php(355): CodeIgniter\CodeIgniter->handleRequest(null, Object(Config\Cache), false)
 4 SYSTEMPATH/Boot.php(325): CodeIgniter\CodeIgniter->run()
 5 SYSTEMPATH/Boot.php(67): CodeIgniter\Boot::runCodeIgniter(Object(CodeIgniter\CodeIgniter))
 6 FCPATH/index.php(56): CodeIgniter\Boot::bootWeb(Object(Config\Paths))
INFO - 2025-02-03 21:11:43 --> Session: Class initialized using 'CodeIgniter\Session\Handlers\FileHandler' driver.
WARNING - 2025-02-03 21:11:43 --> [DEPRECATED] Creation of dynamic property App\Controllers\Admin\Category::$session is deprecated in APPPATH/Controllers/Admin/BaseController.php on line 56.
 1 SYSTEMPATH/CodeIgniter.php(904): App\Controllers\Admin\BaseController->initController(Object(CodeIgniter\HTTP\IncomingRequest), Object(CodeIgniter\HTTP\Response), Object(CodeIgniter\Log\Logger))
 2 SYSTEMPATH/CodeIgniter.php(500): CodeIgniter\CodeIgniter->createController()
 3 SYSTEMPATH/CodeIgniter.php(355): CodeIgniter\CodeIgniter->handleRequest(null, Object(Config\Cache), false)
 4 SYSTEMPATH/Boot.php(325): CodeIgniter\CodeIgniter->run()
 5 SYSTEMPATH/Boot.php(67): CodeIgniter\Boot::runCodeIgniter(Object(CodeIgniter\CodeIgniter))
 6 FCPATH/index.php(56): CodeIgniter\Boot::bootWeb(Object(Config\Paths))
INFO - 2025-02-03 21:11:46 --> Session: Class initialized using 'CodeIgniter\Session\Handlers\FileHandler' driver.
WARNING - 2025-02-03 21:11:46 --> [DEPRECATED] Creation of dynamic property App\Controllers\Admin\Image::$session is deprecated in APPPATH/Controllers/Admin/BaseController.php on line 56.
 1 SYSTEMPATH/CodeIgniter.php(904): App\Controllers\Admin\BaseController->initController(Object(CodeIgniter\HTTP\IncomingRequest), Object(CodeIgniter\HTTP\Response), Object(CodeIgniter\Log\Logger))
 2 SYSTEMPATH/CodeIgniter.php(500): CodeIgniter\CodeIgniter->createController()
 3 SYSTEMPATH/CodeIgniter.php(355): CodeIgniter\CodeIgniter->handleRequest(null, Object(Config\Cache), false)
 4 SYSTEMPATH/Boot.php(325): CodeIgniter\CodeIgniter->run()
 5 SYSTEMPATH/Boot.php(67): CodeIgniter\Boot::runCodeIgniter(Object(CodeIgniter\CodeIgniter))
 6 FCPATH/index.php(56): CodeIgniter\Boot::bootWeb(Object(Config\Paths))
INFO - 2025-02-03 21:11:47 --> Session: Class initialized using 'CodeIgniter\Session\Handlers\FileHandler' driver.
WARNING - 2025-02-03 21:11:47 --> [DEPRECATED] Creation of dynamic property App\Controllers\Admin\Category::$session is deprecated in APPPATH/Controllers/Admin/BaseController.php on line 56.
 1 SYSTEMPATH/CodeIgniter.php(904): App\Controllers\Admin\BaseController->initController(Object(CodeIgniter\HTTP\IncomingRequest), Object(CodeIgniter\HTTP\Response), Object(CodeIgniter\Log\Logger))
 2 SYSTEMPATH/CodeIgniter.php(500): CodeIgniter\CodeIgniter->createController()
 3 SYSTEMPATH/CodeIgniter.php(355): CodeIgniter\CodeIgniter->handleRequest(null, Object(Config\Cache), false)
 4 SYSTEMPATH/Boot.php(325): CodeIgniter\CodeIgniter->run()
 5 SYSTEMPATH/Boot.php(67): CodeIgniter\Boot::runCodeIgniter(Object(CodeIgniter\CodeIgniter))
 6 FCPATH/index.php(56): CodeIgniter\Boot::bootWeb(Object(Config\Paths))
INFO - 2025-02-03 21:11:49 --> Session: Class initialized using 'CodeIgniter\Session\Handlers\FileHandler' driver.
WARNING - 2025-02-03 21:11:49 --> [DEPRECATED] Creation of dynamic property App\Controllers\Admin\User::$session is deprecated in APPPATH/Controllers/Admin/BaseController.php on line 56.
 1 SYSTEMPATH/CodeIgniter.php(904): App\Controllers\Admin\BaseController->initController(Object(CodeIgniter\HTTP\IncomingRequest), Object(CodeIgniter\HTTP\Response), Object(CodeIgniter\Log\Logger))
 2 SYSTEMPATH/CodeIgniter.php(500): CodeIgniter\CodeIgniter->createController()
 3 SYSTEMPATH/CodeIgniter.php(355): CodeIgniter\CodeIgniter->handleRequest(null, Object(Config\Cache), false)
 4 SYSTEMPATH/Boot.php(325): CodeIgniter\CodeIgniter->run()
 5 SYSTEMPATH/Boot.php(67): CodeIgniter\Boot::runCodeIgniter(Object(CodeIgniter\CodeIgniter))
 6 FCPATH/index.php(56): CodeIgniter\Boot::bootWeb(Object(Config\Paths))
INFO - 2025-02-03 21:11:50 --> Session: Class initialized using 'CodeIgniter\Session\Handlers\FileHandler' driver.
WARNING - 2025-02-03 21:11:50 --> [DEPRECATED] Creation of dynamic property App\Controllers\Admin\User::$session is deprecated in APPPATH/Controllers/Admin/BaseController.php on line 56.
 1 SYSTEMPATH/CodeIgniter.php(904): App\Controllers\Admin\BaseController->initController(Object(CodeIgniter\HTTP\IncomingRequest), Object(CodeIgniter\HTTP\Response), Object(CodeIgniter\Log\Logger))
 2 SYSTEMPATH/CodeIgniter.php(500): CodeIgniter\CodeIgniter->createController()
 3 SYSTEMPATH/CodeIgniter.php(355): CodeIgniter\CodeIgniter->handleRequest(null, Object(Config\Cache), false)
 4 SYSTEMPATH/Boot.php(325): CodeIgniter\CodeIgniter->run()
 5 SYSTEMPATH/Boot.php(67): CodeIgniter\Boot::runCodeIgniter(Object(CodeIgniter\CodeIgniter))
 6 FCPATH/index.php(56): CodeIgniter\Boot::bootWeb(Object(Config\Paths))
INFO - 2025-02-03 21:12:59 --> Session: Class initialized using 'CodeIgniter\Session\Handlers\FileHandler' driver.
WARNING - 2025-02-03 21:12:59 --> [DEPRECATED] Creation of dynamic property App\Controllers\Admin\User::$session is deprecated in APPPATH/Controllers/Admin/BaseController.php on line 56.
 1 SYSTEMPATH/CodeIgniter.php(904): App\Controllers\Admin\BaseController->initController(Object(CodeIgniter\HTTP\IncomingRequest), Object(CodeIgniter\HTTP\Response), Object(CodeIgniter\Log\Logger))
 2 SYSTEMPATH/CodeIgniter.php(500): CodeIgniter\CodeIgniter->createController()
 3 SYSTEMPATH/CodeIgniter.php(355): CodeIgniter\CodeIgniter->handleRequest(null, Object(Config\Cache), false)
 4 SYSTEMPATH/Boot.php(325): CodeIgniter\CodeIgniter->run()
 5 SYSTEMPATH/Boot.php(67): CodeIgniter\Boot::runCodeIgniter(Object(CodeIgniter\CodeIgniter))
 6 FCPATH/index.php(56): CodeIgniter\Boot::bootWeb(Object(Config\Paths))
INFO - 2025-02-03 21:13:00 --> Session: Class initialized using 'CodeIgniter\Session\Handlers\FileHandler' driver.
WARNING - 2025-02-03 21:13:00 --> [DEPRECATED] Creation of dynamic property App\Controllers\Admin\User::$session is deprecated in APPPATH/Controllers/Admin/BaseController.php on line 56.
 1 SYSTEMPATH/CodeIgniter.php(904): App\Controllers\Admin\BaseController->initController(Object(CodeIgniter\HTTP\IncomingRequest), Object(CodeIgniter\HTTP\Response), Object(CodeIgniter\Log\Logger))
 2 SYSTEMPATH/CodeIgniter.php(500): CodeIgniter\CodeIgniter->createController()
 3 SYSTEMPATH/CodeIgniter.php(355): CodeIgniter\CodeIgniter->handleRequest(null, Object(Config\Cache), false)
 4 SYSTEMPATH/Boot.php(325): CodeIgniter\CodeIgniter->run()
 5 SYSTEMPATH/Boot.php(67): CodeIgniter\Boot::runCodeIgniter(Object(CodeIgniter\CodeIgniter))
 6 FCPATH/index.php(56): CodeIgniter\Boot::bootWeb(Object(Config\Paths))
INFO - 2025-02-03 21:13:58 --> Session: Class initialized using 'CodeIgniter\Session\Handlers\FileHandler' driver.
WARNING - 2025-02-03 21:13:58 --> [DEPRECATED] Creation of dynamic property App\Controllers\Admin\User::$session is deprecated in APPPATH/Controllers/Admin/BaseController.php on line 56.
 1 SYSTEMPATH/CodeIgniter.php(904): App\Controllers\Admin\BaseController->initController(Object(CodeIgniter\HTTP\IncomingRequest), Object(CodeIgniter\HTTP\Response), Object(CodeIgniter\Log\Logger))
 2 SYSTEMPATH/CodeIgniter.php(500): CodeIgniter\CodeIgniter->createController()
 3 SYSTEMPATH/CodeIgniter.php(355): CodeIgniter\CodeIgniter->handleRequest(null, Object(Config\Cache), false)
 4 SYSTEMPATH/Boot.php(325): CodeIgniter\CodeIgniter->run()
 5 SYSTEMPATH/Boot.php(67): CodeIgniter\Boot::runCodeIgniter(Object(CodeIgniter\CodeIgniter))
 6 FCPATH/index.php(56): CodeIgniter\Boot::bootWeb(Object(Config\Paths))
INFO - 2025-02-03 21:14:01 --> Session: Class initialized using 'CodeIgniter\Session\Handlers\FileHandler' driver.
WARNING - 2025-02-03 21:14:01 --> [DEPRECATED] Creation of dynamic property App\Controllers\Admin\Course::$session is deprecated in APPPATH/Controllers/Admin/BaseController.php on line 56.
 1 SYSTEMPATH/CodeIgniter.php(904): App\Controllers\Admin\BaseController->initController(Object(CodeIgniter\HTTP\IncomingRequest), Object(CodeIgniter\HTTP\Response), Object(CodeIgniter\Log\Logger))
 2 SYSTEMPATH/CodeIgniter.php(500): CodeIgniter\CodeIgniter->createController()
 3 SYSTEMPATH/CodeIgniter.php(355): CodeIgniter\CodeIgniter->handleRequest(null, Object(Config\Cache), false)
 4 SYSTEMPATH/Boot.php(325): CodeIgniter\CodeIgniter->run()
 5 SYSTEMPATH/Boot.php(67): CodeIgniter\Boot::runCodeIgniter(Object(CodeIgniter\CodeIgniter))
 6 FCPATH/index.php(56): CodeIgniter\Boot::bootWeb(Object(Config\Paths))
INFO - 2025-02-03 21:14:02 --> Session: Class initialized using 'CodeIgniter\Session\Handlers\FileHandler' driver.
WARNING - 2025-02-03 21:14:02 --> [DEPRECATED] Creation of dynamic property App\Controllers\Admin\Category::$session is deprecated in APPPATH/Controllers/Admin/BaseController.php on line 56.
 1 SYSTEMPATH/CodeIgniter.php(904): App\Controllers\Admin\BaseController->initController(Object(CodeIgniter\HTTP\IncomingRequest), Object(CodeIgniter\HTTP\Response), Object(CodeIgniter\Log\Logger))
 2 SYSTEMPATH/CodeIgniter.php(500): CodeIgniter\CodeIgniter->createController()
 3 SYSTEMPATH/CodeIgniter.php(355): CodeIgniter\CodeIgniter->handleRequest(null, Object(Config\Cache), false)
 4 SYSTEMPATH/Boot.php(325): CodeIgniter\CodeIgniter->run()
 5 SYSTEMPATH/Boot.php(67): CodeIgniter\Boot::runCodeIgniter(Object(CodeIgniter\CodeIgniter))
 6 FCPATH/index.php(56): CodeIgniter\Boot::bootWeb(Object(Config\Paths))
INFO - 2025-02-03 21:14:02 --> Session: Class initialized using 'CodeIgniter\Session\Handlers\FileHandler' driver.
WARNING - 2025-02-03 21:14:02 --> [DEPRECATED] Creation of dynamic property App\Controllers\Admin\Course::$session is deprecated in APPPATH/Controllers/Admin/BaseController.php on line 56.
 1 SYSTEMPATH/CodeIgniter.php(904): App\Controllers\Admin\BaseController->initController(Object(CodeIgniter\HTTP\IncomingRequest), Object(CodeIgniter\HTTP\Response), Object(CodeIgniter\Log\Logger))
 2 SYSTEMPATH/CodeIgniter.php(500): CodeIgniter\CodeIgniter->createController()
 3 SYSTEMPATH/CodeIgniter.php(355): CodeIgniter\CodeIgniter->handleRequest(null, Object(Config\Cache), false)
 4 SYSTEMPATH/Boot.php(325): CodeIgniter\CodeIgniter->run()
 5 SYSTEMPATH/Boot.php(67): CodeIgniter\Boot::runCodeIgniter(Object(CodeIgniter\CodeIgniter))
 6 FCPATH/index.php(56): CodeIgniter\Boot::bootWeb(Object(Config\Paths))
INFO - 2025-02-03 21:14:06 --> Session: Class initialized using 'CodeIgniter\Session\Handlers\FileHandler' driver.
WARNING - 2025-02-03 21:14:06 --> [DEPRECATED] Creation of dynamic property App\Controllers\Admin\Course::$session is deprecated in APPPATH/Controllers/Admin/BaseController.php on line 56.
 1 SYSTEMPATH/CodeIgniter.php(904): App\Controllers\Admin\BaseController->initController(Object(CodeIgniter\HTTP\IncomingRequest), Object(CodeIgniter\HTTP\Response), Object(CodeIgniter\Log\Logger))
 2 SYSTEMPATH/CodeIgniter.php(500): CodeIgniter\CodeIgniter->createController()
 3 SYSTEMPATH/CodeIgniter.php(355): CodeIgniter\CodeIgniter->handleRequest(null, Object(Config\Cache), false)
 4 SYSTEMPATH/Boot.php(325): CodeIgniter\CodeIgniter->run()
 5 SYSTEMPATH/Boot.php(67): CodeIgniter\Boot::runCodeIgniter(Object(CodeIgniter\CodeIgniter))
 6 FCPATH/index.php(56): CodeIgniter\Boot::bootWeb(Object(Config\Paths))
INFO - 2025-02-03 21:14:07 --> Session: Class initialized using 'CodeIgniter\Session\Handlers\FileHandler' driver.
WARNING - 2025-02-03 21:14:07 --> [DEPRECATED] Creation of dynamic property App\Controllers\Admin\Course::$session is deprecated in APPPATH/Controllers/Admin/BaseController.php on line 56.
 1 SYSTEMPATH/CodeIgniter.php(904): App\Controllers\Admin\BaseController->initController(Object(CodeIgniter\HTTP\IncomingRequest), Object(CodeIgniter\HTTP\Response), Object(CodeIgniter\Log\Logger))
 2 SYSTEMPATH/CodeIgniter.php(500): CodeIgniter\CodeIgniter->createController()
 3 SYSTEMPATH/CodeIgniter.php(355): CodeIgniter\CodeIgniter->handleRequest(null, Object(Config\Cache), false)
 4 SYSTEMPATH/Boot.php(325): CodeIgniter\CodeIgniter->run()
 5 SYSTEMPATH/Boot.php(67): CodeIgniter\Boot::runCodeIgniter(Object(CodeIgniter\CodeIgniter))
 6 FCPATH/index.php(56): CodeIgniter\Boot::bootWeb(Object(Config\Paths))
INFO - 2025-02-03 21:14:11 --> Session: Class initialized using 'CodeIgniter\Session\Handlers\FileHandler' driver.
WARNING - 2025-02-03 21:14:11 --> [DEPRECATED] Creation of dynamic property App\Controllers\Admin\Course::$session is deprecated in APPPATH/Controllers/Admin/BaseController.php on line 56.
 1 SYSTEMPATH/CodeIgniter.php(904): App\Controllers\Admin\BaseController->initController(Object(CodeIgniter\HTTP\IncomingRequest), Object(CodeIgniter\HTTP\Response), Object(CodeIgniter\Log\Logger))
 2 SYSTEMPATH/CodeIgniter.php(500): CodeIgniter\CodeIgniter->createController()
 3 SYSTEMPATH/CodeIgniter.php(355): CodeIgniter\CodeIgniter->handleRequest(null, Object(Config\Cache), false)
 4 SYSTEMPATH/Boot.php(325): CodeIgniter\CodeIgniter->run()
 5 SYSTEMPATH/Boot.php(67): CodeIgniter\Boot::runCodeIgniter(Object(CodeIgniter\CodeIgniter))
 6 FCPATH/index.php(56): CodeIgniter\Boot::bootWeb(Object(Config\Paths))
INFO - 2025-02-03 21:14:11 --> Session: Class initialized using 'CodeIgniter\Session\Handlers\FileHandler' driver.
WARNING - 2025-02-03 21:14:11 --> [DEPRECATED] Creation of dynamic property App\Controllers\Admin\Category::$session is deprecated in APPPATH/Controllers/Admin/BaseController.php on line 56.
 1 SYSTEMPATH/CodeIgniter.php(904): App\Controllers\Admin\BaseController->initController(Object(CodeIgniter\HTTP\IncomingRequest), Object(CodeIgniter\HTTP\Response), Object(CodeIgniter\Log\Logger))
 2 SYSTEMPATH/CodeIgniter.php(500): CodeIgniter\CodeIgniter->createController()
 3 SYSTEMPATH/CodeIgniter.php(355): CodeIgniter\CodeIgniter->handleRequest(null, Object(Config\Cache), false)
 4 SYSTEMPATH/Boot.php(325): CodeIgniter\CodeIgniter->run()
 5 SYSTEMPATH/Boot.php(67): CodeIgniter\Boot::runCodeIgniter(Object(CodeIgniter\CodeIgniter))
 6 FCPATH/index.php(56): CodeIgniter\Boot::bootWeb(Object(Config\Paths))
INFO - 2025-02-03 21:14:12 --> Session: Class initialized using 'CodeIgniter\Session\Handlers\FileHandler' driver.
WARNING - 2025-02-03 21:14:12 --> [DEPRECATED] Creation of dynamic property App\Controllers\Admin\Course::$session is deprecated in APPPATH/Controllers/Admin/BaseController.php on line 56.
 1 SYSTEMPATH/CodeIgniter.php(904): App\Controllers\Admin\BaseController->initController(Object(CodeIgniter\HTTP\IncomingRequest), Object(CodeIgniter\HTTP\Response), Object(CodeIgniter\Log\Logger))
 2 SYSTEMPATH/CodeIgniter.php(500): CodeIgniter\CodeIgniter->createController()
 3 SYSTEMPATH/CodeIgniter.php(355): CodeIgniter\CodeIgniter->handleRequest(null, Object(Config\Cache), false)
 4 SYSTEMPATH/Boot.php(325): CodeIgniter\CodeIgniter->run()
 5 SYSTEMPATH/Boot.php(67): CodeIgniter\Boot::runCodeIgniter(Object(CodeIgniter\CodeIgniter))
 6 FCPATH/index.php(56): CodeIgniter\Boot::bootWeb(Object(Config\Paths))
INFO - 2025-02-03 21:14:16 --> Session: Class initialized using 'CodeIgniter\Session\Handlers\FileHandler' driver.
WARNING - 2025-02-03 21:14:16 --> [DEPRECATED] Creation of dynamic property App\Controllers\Admin\Course::$session is deprecated in APPPATH/Controllers/Admin/BaseController.php on line 56.
 1 SYSTEMPATH/CodeIgniter.php(904): App\Controllers\Admin\BaseController->initController(Object(CodeIgniter\HTTP\IncomingRequest), Object(CodeIgniter\HTTP\Response), Object(CodeIgniter\Log\Logger))
 2 SYSTEMPATH/CodeIgniter.php(500): CodeIgniter\CodeIgniter->createController()
 3 SYSTEMPATH/CodeIgniter.php(355): CodeIgniter\CodeIgniter->handleRequest(null, Object(Config\Cache), false)
 4 SYSTEMPATH/Boot.php(325): CodeIgniter\CodeIgniter->run()
 5 SYSTEMPATH/Boot.php(67): CodeIgniter\Boot::runCodeIgniter(Object(CodeIgniter\CodeIgniter))
 6 FCPATH/index.php(56): CodeIgniter\Boot::bootWeb(Object(Config\Paths))
INFO - 2025-02-03 21:14:17 --> Session: Class initialized using 'CodeIgniter\Session\Handlers\FileHandler' driver.
WARNING - 2025-02-03 21:14:17 --> [DEPRECATED] Creation of dynamic property App\Controllers\Admin\Course::$session is deprecated in APPPATH/Controllers/Admin/BaseController.php on line 56.
 1 SYSTEMPATH/CodeIgniter.php(904): App\Controllers\Admin\BaseController->initController(Object(CodeIgniter\HTTP\IncomingRequest), Object(CodeIgniter\HTTP\Response), Object(CodeIgniter\Log\Logger))
 2 SYSTEMPATH/CodeIgniter.php(500): CodeIgniter\CodeIgniter->createController()
 3 SYSTEMPATH/CodeIgniter.php(355): CodeIgniter\CodeIgniter->handleRequest(null, Object(Config\Cache), false)
 4 SYSTEMPATH/Boot.php(325): CodeIgniter\CodeIgniter->run()
 5 SYSTEMPATH/Boot.php(67): CodeIgniter\Boot::runCodeIgniter(Object(CodeIgniter\CodeIgniter))
 6 FCPATH/index.php(56): CodeIgniter\Boot::bootWeb(Object(Config\Paths))
INFO - 2025-02-03 21:14:21 --> Session: Class initialized using 'CodeIgniter\Session\Handlers\FileHandler' driver.
WARNING - 2025-02-03 21:14:21 --> [DEPRECATED] Creation of dynamic property App\Controllers\Admin\Course::$session is deprecated in APPPATH/Controllers/Admin/BaseController.php on line 56.
 1 SYSTEMPATH/CodeIgniter.php(904): App\Controllers\Admin\BaseController->initController(Object(CodeIgniter\HTTP\IncomingRequest), Object(CodeIgniter\HTTP\Response), Object(CodeIgniter\Log\Logger))
 2 SYSTEMPATH/CodeIgniter.php(500): CodeIgniter\CodeIgniter->createController()
 3 SYSTEMPATH/CodeIgniter.php(355): CodeIgniter\CodeIgniter->handleRequest(null, Object(Config\Cache), false)
 4 SYSTEMPATH/Boot.php(325): CodeIgniter\CodeIgniter->run()
 5 SYSTEMPATH/Boot.php(67): CodeIgniter\Boot::runCodeIgniter(Object(CodeIgniter\CodeIgniter))
 6 FCPATH/index.php(56): CodeIgniter\Boot::bootWeb(Object(Config\Paths))
INFO - 2025-02-03 21:14:23 --> Session: Class initialized using 'CodeIgniter\Session\Handlers\FileHandler' driver.
WARNING - 2025-02-03 21:14:23 --> [DEPRECATED] Creation of dynamic property App\Controllers\Admin\Category::$session is deprecated in APPPATH/Controllers/Admin/BaseController.php on line 56.
 1 SYSTEMPATH/CodeIgniter.php(904): App\Controllers\Admin\BaseController->initController(Object(CodeIgniter\HTTP\IncomingRequest), Object(CodeIgniter\HTTP\Response), Object(CodeIgniter\Log\Logger))
 2 SYSTEMPATH/CodeIgniter.php(500): CodeIgniter\CodeIgniter->createController()
 3 SYSTEMPATH/CodeIgniter.php(355): CodeIgniter\CodeIgniter->handleRequest(null, Object(Config\Cache), false)
 4 SYSTEMPATH/Boot.php(325): CodeIgniter\CodeIgniter->run()
 5 SYSTEMPATH/Boot.php(67): CodeIgniter\Boot::runCodeIgniter(Object(CodeIgniter\CodeIgniter))
 6 FCPATH/index.php(56): CodeIgniter\Boot::bootWeb(Object(Config\Paths))
INFO - 2025-02-03 21:14:23 --> Session: Class initialized using 'CodeIgniter\Session\Handlers\FileHandler' driver.
WARNING - 2025-02-03 21:14:23 --> [DEPRECATED] Creation of dynamic property App\Controllers\Admin\Course::$session is deprecated in APPPATH/Controllers/Admin/BaseController.php on line 56.
 1 SYSTEMPATH/CodeIgniter.php(904): App\Controllers\Admin\BaseController->initController(Object(CodeIgniter\HTTP\IncomingRequest), Object(CodeIgniter\HTTP\Response), Object(CodeIgniter\Log\Logger))
 2 SYSTEMPATH/CodeIgniter.php(500): CodeIgniter\CodeIgniter->createController()
 3 SYSTEMPATH/CodeIgniter.php(355): CodeIgniter\CodeIgniter->handleRequest(null, Object(Config\Cache), false)
 4 SYSTEMPATH/Boot.php(325): CodeIgniter\CodeIgniter->run()
 5 SYSTEMPATH/Boot.php(67): CodeIgniter\Boot::runCodeIgniter(Object(CodeIgniter\CodeIgniter))
 6 FCPATH/index.php(56): CodeIgniter\Boot::bootWeb(Object(Config\Paths))
INFO - 2025-02-03 21:14:27 --> Session: Class initialized using 'CodeIgniter\Session\Handlers\FileHandler' driver.
WARNING - 2025-02-03 21:14:27 --> [DEPRECATED] Creation of dynamic property App\Controllers\Admin\Course::$session is deprecated in APPPATH/Controllers/Admin/BaseController.php on line 56.
 1 SYSTEMPATH/CodeIgniter.php(904): App\Controllers\Admin\BaseController->initController(Object(CodeIgniter\HTTP\IncomingRequest), Object(CodeIgniter\HTTP\Response), Object(CodeIgniter\Log\Logger))
 2 SYSTEMPATH/CodeIgniter.php(500): CodeIgniter\CodeIgniter->createController()
 3 SYSTEMPATH/CodeIgniter.php(355): CodeIgniter\CodeIgniter->handleRequest(null, Object(Config\Cache), false)
 4 SYSTEMPATH/Boot.php(325): CodeIgniter\CodeIgniter->run()
 5 SYSTEMPATH/Boot.php(67): CodeIgniter\Boot::runCodeIgniter(Object(CodeIgniter\CodeIgniter))
 6 FCPATH/index.php(56): CodeIgniter\Boot::bootWeb(Object(Config\Paths))
INFO - 2025-02-03 21:14:28 --> Session: Class initialized using 'CodeIgniter\Session\Handlers\FileHandler' driver.
WARNING - 2025-02-03 21:14:28 --> [DEPRECATED] Creation of dynamic property App\Controllers\Admin\Course::$session is deprecated in APPPATH/Controllers/Admin/BaseController.php on line 56.
 1 SYSTEMPATH/CodeIgniter.php(904): App\Controllers\Admin\BaseController->initController(Object(CodeIgniter\HTTP\IncomingRequest), Object(CodeIgniter\HTTP\Response), Object(CodeIgniter\Log\Logger))
 2 SYSTEMPATH/CodeIgniter.php(500): CodeIgniter\CodeIgniter->createController()
 3 SYSTEMPATH/CodeIgniter.php(355): CodeIgniter\CodeIgniter->handleRequest(null, Object(Config\Cache), false)
 4 SYSTEMPATH/Boot.php(325): CodeIgniter\CodeIgniter->run()
 5 SYSTEMPATH/Boot.php(67): CodeIgniter\Boot::runCodeIgniter(Object(CodeIgniter\CodeIgniter))
 6 FCPATH/index.php(56): CodeIgniter\Boot::bootWeb(Object(Config\Paths))
INFO - 2025-02-03 21:14:49 --> Session: Class initialized using 'CodeIgniter\Session\Handlers\FileHandler' driver.
WARNING - 2025-02-03 21:14:49 --> [DEPRECATED] Creation of dynamic property App\Controllers\Admin\Course::$session is deprecated in APPPATH/Controllers/Admin/BaseController.php on line 56.
 1 SYSTEMPATH/CodeIgniter.php(904): App\Controllers\Admin\BaseController->initController(Object(CodeIgniter\HTTP\IncomingRequest), Object(CodeIgniter\HTTP\Response), Object(CodeIgniter\Log\Logger))
 2 SYSTEMPATH/CodeIgniter.php(500): CodeIgniter\CodeIgniter->createController()
 3 SYSTEMPATH/CodeIgniter.php(355): CodeIgniter\CodeIgniter->handleRequest(null, Object(Config\Cache), false)
 4 SYSTEMPATH/Boot.php(325): CodeIgniter\CodeIgniter->run()
 5 SYSTEMPATH/Boot.php(67): CodeIgniter\Boot::runCodeIgniter(Object(CodeIgniter\CodeIgniter))
 6 FCPATH/index.php(56): CodeIgniter\Boot::bootWeb(Object(Config\Paths))
INFO - 2025-02-03 21:14:49 --> Session: Class initialized using 'CodeIgniter\Session\Handlers\FileHandler' driver.
WARNING - 2025-02-03 21:14:49 --> [DEPRECATED] Creation of dynamic property App\Controllers\Admin\Category::$session is deprecated in APPPATH/Controllers/Admin/BaseController.php on line 56.
 1 SYSTEMPATH/CodeIgniter.php(904): App\Controllers\Admin\BaseController->initController(Object(CodeIgniter\HTTP\IncomingRequest), Object(CodeIgniter\HTTP\Response), Object(CodeIgniter\Log\Logger))
 2 SYSTEMPATH/CodeIgniter.php(500): CodeIgniter\CodeIgniter->createController()
 3 SYSTEMPATH/CodeIgniter.php(355): CodeIgniter\CodeIgniter->handleRequest(null, Object(Config\Cache), false)
 4 SYSTEMPATH/Boot.php(325): CodeIgniter\CodeIgniter->run()
 5 SYSTEMPATH/Boot.php(67): CodeIgniter\Boot::runCodeIgniter(Object(CodeIgniter\CodeIgniter))
 6 FCPATH/index.php(56): CodeIgniter\Boot::bootWeb(Object(Config\Paths))
INFO - 2025-02-03 21:14:51 --> Session: Class initialized using 'CodeIgniter\Session\Handlers\FileHandler' driver.
WARNING - 2025-02-03 21:14:51 --> [DEPRECATED] Creation of dynamic property App\Controllers\Admin\Course::$session is deprecated in APPPATH/Controllers/Admin/BaseController.php on line 56.
 1 SYSTEMPATH/CodeIgniter.php(904): App\Controllers\Admin\BaseController->initController(Object(CodeIgniter\HTTP\IncomingRequest), Object(CodeIgniter\HTTP\Response), Object(CodeIgniter\Log\Logger))
 2 SYSTEMPATH/CodeIgniter.php(500): CodeIgniter\CodeIgniter->createController()
 3 SYSTEMPATH/CodeIgniter.php(355): CodeIgniter\CodeIgniter->handleRequest(null, Object(Config\Cache), false)
 4 SYSTEMPATH/Boot.php(325): CodeIgniter\CodeIgniter->run()
 5 SYSTEMPATH/Boot.php(67): CodeIgniter\Boot::runCodeIgniter(Object(CodeIgniter\CodeIgniter))
 6 FCPATH/index.php(56): CodeIgniter\Boot::bootWeb(Object(Config\Paths))
INFO - 2025-02-03 21:14:54 --> Session: Class initialized using 'CodeIgniter\Session\Handlers\FileHandler' driver.
WARNING - 2025-02-03 21:14:54 --> [DEPRECATED] Creation of dynamic property App\Controllers\Admin\Course::$session is deprecated in APPPATH/Controllers/Admin/BaseController.php on line 56.
 1 SYSTEMPATH/CodeIgniter.php(904): App\Controllers\Admin\BaseController->initController(Object(CodeIgniter\HTTP\IncomingRequest), Object(CodeIgniter\HTTP\Response), Object(CodeIgniter\Log\Logger))
 2 SYSTEMPATH/CodeIgniter.php(500): CodeIgniter\CodeIgniter->createController()
 3 SYSTEMPATH/CodeIgniter.php(355): CodeIgniter\CodeIgniter->handleRequest(null, Object(Config\Cache), false)
 4 SYSTEMPATH/Boot.php(325): CodeIgniter\CodeIgniter->run()
 5 SYSTEMPATH/Boot.php(67): CodeIgniter\Boot::runCodeIgniter(Object(CodeIgniter\CodeIgniter))
 6 FCPATH/index.php(56): CodeIgniter\Boot::bootWeb(Object(Config\Paths))
INFO - 2025-02-03 21:14:55 --> Session: Class initialized using 'CodeIgniter\Session\Handlers\FileHandler' driver.
WARNING - 2025-02-03 21:14:55 --> [DEPRECATED] Creation of dynamic property App\Controllers\Admin\Course::$session is deprecated in APPPATH/Controllers/Admin/BaseController.php on line 56.
 1 SYSTEMPATH/CodeIgniter.php(904): App\Controllers\Admin\BaseController->initController(Object(CodeIgniter\HTTP\IncomingRequest), Object(CodeIgniter\HTTP\Response), Object(CodeIgniter\Log\Logger))
 2 SYSTEMPATH/CodeIgniter.php(500): CodeIgniter\CodeIgniter->createController()
 3 SYSTEMPATH/CodeIgniter.php(355): CodeIgniter\CodeIgniter->handleRequest(null, Object(Config\Cache), false)
 4 SYSTEMPATH/Boot.php(325): CodeIgniter\CodeIgniter->run()
 5 SYSTEMPATH/Boot.php(67): CodeIgniter\Boot::runCodeIgniter(Object(CodeIgniter\CodeIgniter))
 6 FCPATH/index.php(56): CodeIgniter\Boot::bootWeb(Object(Config\Paths))
INFO - 2025-02-03 21:14:55 --> Session: Class initialized using 'CodeIgniter\Session\Handlers\FileHandler' driver.
WARNING - 2025-02-03 21:14:55 --> [DEPRECATED] Creation of dynamic property App\Controllers\Admin\Course::$session is deprecated in APPPATH/Controllers/Admin/BaseController.php on line 56.
 1 SYSTEMPATH/CodeIgniter.php(904): App\Controllers\Admin\BaseController->initController(Object(CodeIgniter\HTTP\IncomingRequest), Object(CodeIgniter\HTTP\Response), Object(CodeIgniter\Log\Logger))
 2 SYSTEMPATH/CodeIgniter.php(500): CodeIgniter\CodeIgniter->createController()
 3 SYSTEMPATH/CodeIgniter.php(355): CodeIgniter\CodeIgniter->handleRequest(null, Object(Config\Cache), false)
 4 SYSTEMPATH/Boot.php(325): CodeIgniter\CodeIgniter->run()
 5 SYSTEMPATH/Boot.php(67): CodeIgniter\Boot::runCodeIgniter(Object(CodeIgniter\CodeIgniter))
 6 FCPATH/index.php(56): CodeIgniter\Boot::bootWeb(Object(Config\Paths))
INFO - 2025-02-03 21:14:56 --> Session: Class initialized using 'CodeIgniter\Session\Handlers\FileHandler' driver.
WARNING - 2025-02-03 21:14:56 --> [DEPRECATED] Creation of dynamic property App\Controllers\Admin\Course::$session is deprecated in APPPATH/Controllers/Admin/BaseController.php on line 56.
 1 SYSTEMPATH/CodeIgniter.php(904): App\Controllers\Admin\BaseController->initController(Object(CodeIgniter\HTTP\IncomingRequest), Object(CodeIgniter\HTTP\Response), Object(CodeIgniter\Log\Logger))
 2 SYSTEMPATH/CodeIgniter.php(500): CodeIgniter\CodeIgniter->createController()
 3 SYSTEMPATH/CodeIgniter.php(355): CodeIgniter\CodeIgniter->handleRequest(null, Object(Config\Cache), false)
 4 SYSTEMPATH/Boot.php(325): CodeIgniter\CodeIgniter->run()
 5 SYSTEMPATH/Boot.php(67): CodeIgniter\Boot::runCodeIgniter(Object(CodeIgniter\CodeIgniter))
 6 FCPATH/index.php(56): CodeIgniter\Boot::bootWeb(Object(Config\Paths))
INFO - 2025-02-03 21:14:58 --> Session: Class initialized using 'CodeIgniter\Session\Handlers\FileHandler' driver.
WARNING - 2025-02-03 21:14:58 --> [DEPRECATED] Creation of dynamic property App\Controllers\Admin\Course::$session is deprecated in APPPATH/Controllers/Admin/BaseController.php on line 56.
 1 SYSTEMPATH/CodeIgniter.php(904): App\Controllers\Admin\BaseController->initController(Object(CodeIgniter\HTTP\IncomingRequest), Object(CodeIgniter\HTTP\Response), Object(CodeIgniter\Log\Logger))
 2 SYSTEMPATH/CodeIgniter.php(500): CodeIgniter\CodeIgniter->createController()
 3 SYSTEMPATH/CodeIgniter.php(355): CodeIgniter\CodeIgniter->handleRequest(null, Object(Config\Cache), false)
 4 SYSTEMPATH/Boot.php(325): CodeIgniter\CodeIgniter->run()
 5 SYSTEMPATH/Boot.php(67): CodeIgniter\Boot::runCodeIgniter(Object(CodeIgniter\CodeIgniter))
 6 FCPATH/index.php(56): CodeIgniter\Boot::bootWeb(Object(Config\Paths))
INFO - 2025-02-03 21:14:59 --> Session: Class initialized using 'CodeIgniter\Session\Handlers\FileHandler' driver.
WARNING - 2025-02-03 21:14:59 --> [DEPRECATED] Creation of dynamic property App\Controllers\Admin\Category::$session is deprecated in APPPATH/Controllers/Admin/BaseController.php on line 56.
 1 SYSTEMPATH/CodeIgniter.php(904): App\Controllers\Admin\BaseController->initController(Object(CodeIgniter\HTTP\IncomingRequest), Object(CodeIgniter\HTTP\Response), Object(CodeIgniter\Log\Logger))
 2 SYSTEMPATH/CodeIgniter.php(500): CodeIgniter\CodeIgniter->createController()
 3 SYSTEMPATH/CodeIgniter.php(355): CodeIgniter\CodeIgniter->handleRequest(null, Object(Config\Cache), false)
 4 SYSTEMPATH/Boot.php(325): CodeIgniter\CodeIgniter->run()
 5 SYSTEMPATH/Boot.php(67): CodeIgniter\Boot::runCodeIgniter(Object(CodeIgniter\CodeIgniter))
 6 FCPATH/index.php(56): CodeIgniter\Boot::bootWeb(Object(Config\Paths))
INFO - 2025-02-03 21:15:02 --> Session: Class initialized using 'CodeIgniter\Session\Handlers\FileHandler' driver.
WARNING - 2025-02-03 21:15:02 --> [DEPRECATED] Creation of dynamic property App\Controllers\Admin\Course::$session is deprecated in APPPATH/Controllers/Admin/BaseController.php on line 56.
 1 SYSTEMPATH/CodeIgniter.php(904): App\Controllers\Admin\BaseController->initController(Object(CodeIgniter\HTTP\IncomingRequest), Object(CodeIgniter\HTTP\Response), Object(CodeIgniter\Log\Logger))
 2 SYSTEMPATH/CodeIgniter.php(500): CodeIgniter\CodeIgniter->createController()
 3 SYSTEMPATH/CodeIgniter.php(355): CodeIgniter\CodeIgniter->handleRequest(null, Object(Config\Cache), false)
 4 SYSTEMPATH/Boot.php(325): CodeIgniter\CodeIgniter->run()
 5 SYSTEMPATH/Boot.php(67): CodeIgniter\Boot::runCodeIgniter(Object(CodeIgniter\CodeIgniter))
 6 FCPATH/index.php(56): CodeIgniter\Boot::bootWeb(Object(Config\Paths))
INFO - 2025-02-03 21:15:02 --> Session: Class initialized using 'CodeIgniter\Session\Handlers\FileHandler' driver.
WARNING - 2025-02-03 21:15:02 --> [DEPRECATED] Creation of dynamic property App\Controllers\Admin\Course::$session is deprecated in APPPATH/Controllers/Admin/BaseController.php on line 56.
 1 SYSTEMPATH/CodeIgniter.php(904): App\Controllers\Admin\BaseController->initController(Object(CodeIgniter\HTTP\IncomingRequest), Object(CodeIgniter\HTTP\Response), Object(CodeIgniter\Log\Logger))
 2 SYSTEMPATH/CodeIgniter.php(500): CodeIgniter\CodeIgniter->createController()
 3 SYSTEMPATH/CodeIgniter.php(355): CodeIgniter\CodeIgniter->handleRequest(null, Object(Config\Cache), false)
 4 SYSTEMPATH/Boot.php(325): CodeIgniter\CodeIgniter->run()
 5 SYSTEMPATH/Boot.php(67): CodeIgniter\Boot::runCodeIgniter(Object(CodeIgniter\CodeIgniter))
 6 FCPATH/index.php(56): CodeIgniter\Boot::bootWeb(Object(Config\Paths))
INFO - 2025-02-03 21:15:28 --> Session: Class initialized using 'CodeIgniter\Session\Handlers\FileHandler' driver.
WARNING - 2025-02-03 21:15:28 --> [DEPRECATED] Creation of dynamic property App\Controllers\Admin\Course::$session is deprecated in APPPATH/Controllers/Admin/BaseController.php on line 56.
 1 SYSTEMPATH/CodeIgniter.php(904): App\Controllers\Admin\BaseController->initController(Object(CodeIgniter\HTTP\IncomingRequest), Object(CodeIgniter\HTTP\Response), Object(CodeIgniter\Log\Logger))
 2 SYSTEMPATH/CodeIgniter.php(500): CodeIgniter\CodeIgniter->createController()
 3 SYSTEMPATH/CodeIgniter.php(355): CodeIgniter\CodeIgniter->handleRequest(null, Object(Config\Cache), false)
 4 SYSTEMPATH/Boot.php(325): CodeIgniter\CodeIgniter->run()
 5 SYSTEMPATH/Boot.php(67): CodeIgniter\Boot::runCodeIgniter(Object(CodeIgniter\CodeIgniter))
 6 FCPATH/index.php(56): CodeIgniter\Boot::bootWeb(Object(Config\Paths))
INFO - 2025-02-03 21:15:28 --> Session: Class initialized using 'CodeIgniter\Session\Handlers\FileHandler' driver.
WARNING - 2025-02-03 21:15:28 --> [DEPRECATED] Creation of dynamic property App\Controllers\Admin\Course::$session is deprecated in APPPATH/Controllers/Admin/BaseController.php on line 56.
 1 SYSTEMPATH/CodeIgniter.php(904): App\Controllers\Admin\BaseController->initController(Object(CodeIgniter\HTTP\IncomingRequest), Object(CodeIgniter\HTTP\Response), Object(CodeIgniter\Log\Logger))
 2 SYSTEMPATH/CodeIgniter.php(500): CodeIgniter\CodeIgniter->createController()
 3 SYSTEMPATH/CodeIgniter.php(355): CodeIgniter\CodeIgniter->handleRequest(null, Object(Config\Cache), false)
 4 SYSTEMPATH/Boot.php(325): CodeIgniter\CodeIgniter->run()
 5 SYSTEMPATH/Boot.php(67): CodeIgniter\Boot::runCodeIgniter(Object(CodeIgniter\CodeIgniter))
 6 FCPATH/index.php(56): CodeIgniter\Boot::bootWeb(Object(Config\Paths))
INFO - 2025-02-03 21:15:40 --> Session: Class initialized using 'CodeIgniter\Session\Handlers\FileHandler' driver.
WARNING - 2025-02-03 21:15:40 --> [DEPRECATED] Creation of dynamic property App\Controllers\Admin\Course::$session is deprecated in APPPATH/Controllers/Admin/BaseController.php on line 56.
 1 SYSTEMPATH/CodeIgniter.php(904): App\Controllers\Admin\BaseController->initController(Object(CodeIgniter\HTTP\IncomingRequest), Object(CodeIgniter\HTTP\Response), Object(CodeIgniter\Log\Logger))
 2 SYSTEMPATH/CodeIgniter.php(500): CodeIgniter\CodeIgniter->createController()
 3 SYSTEMPATH/CodeIgniter.php(355): CodeIgniter\CodeIgniter->handleRequest(null, Object(Config\Cache), false)
 4 SYSTEMPATH/Boot.php(325): CodeIgniter\CodeIgniter->run()
 5 SYSTEMPATH/Boot.php(67): CodeIgniter\Boot::runCodeIgniter(Object(CodeIgniter\CodeIgniter))
 6 FCPATH/index.php(56): CodeIgniter\Boot::bootWeb(Object(Config\Paths))
INFO - 2025-02-03 21:15:40 --> Session: Class initialized using 'CodeIgniter\Session\Handlers\FileHandler' driver.
WARNING - 2025-02-03 21:15:40 --> [DEPRECATED] Creation of dynamic property App\Controllers\Admin\Course::$session is deprecated in APPPATH/Controllers/Admin/BaseController.php on line 56.
 1 SYSTEMPATH/CodeIgniter.php(904): App\Controllers\Admin\BaseController->initController(Object(CodeIgniter\HTTP\IncomingRequest), Object(CodeIgniter\HTTP\Response), Object(CodeIgniter\Log\Logger))
 2 SYSTEMPATH/CodeIgniter.php(500): CodeIgniter\CodeIgniter->createController()
 3 SYSTEMPATH/CodeIgniter.php(355): CodeIgniter\CodeIgniter->handleRequest(null, Object(Config\Cache), false)
 4 SYSTEMPATH/Boot.php(325): CodeIgniter\CodeIgniter->run()
 5 SYSTEMPATH/Boot.php(67): CodeIgniter\Boot::runCodeIgniter(Object(CodeIgniter\CodeIgniter))
 6 FCPATH/index.php(56): CodeIgniter\Boot::bootWeb(Object(Config\Paths))
INFO - 2025-02-03 21:16:33 --> Session: Class initialized using 'CodeIgniter\Session\Handlers\FileHandler' driver.
WARNING - 2025-02-03 21:16:33 --> [DEPRECATED] Creation of dynamic property App\Controllers\Admin\Course::$session is deprecated in APPPATH/Controllers/Admin/BaseController.php on line 56.
 1 SYSTEMPATH/CodeIgniter.php(904): App\Controllers\Admin\BaseController->initController(Object(CodeIgniter\HTTP\IncomingRequest), Object(CodeIgniter\HTTP\Response), Object(CodeIgniter\Log\Logger))
 2 SYSTEMPATH/CodeIgniter.php(500): CodeIgniter\CodeIgniter->createController()
 3 SYSTEMPATH/CodeIgniter.php(355): CodeIgniter\CodeIgniter->handleRequest(null, Object(Config\Cache), false)
 4 SYSTEMPATH/Boot.php(325): CodeIgniter\CodeIgniter->run()
 5 SYSTEMPATH/Boot.php(67): CodeIgniter\Boot::runCodeIgniter(Object(CodeIgniter\CodeIgniter))
 6 FCPATH/index.php(56): CodeIgniter\Boot::bootWeb(Object(Config\Paths))
INFO - 2025-02-03 21:16:34 --> Session: Class initialized using 'CodeIgniter\Session\Handlers\FileHandler' driver.
WARNING - 2025-02-03 21:16:34 --> [DEPRECATED] Creation of dynamic property App\Controllers\Admin\Course::$session is deprecated in APPPATH/Controllers/Admin/BaseController.php on line 56.
 1 SYSTEMPATH/CodeIgniter.php(904): App\Controllers\Admin\BaseController->initController(Object(CodeIgniter\HTTP\IncomingRequest), Object(CodeIgniter\HTTP\Response), Object(CodeIgniter\Log\Logger))
 2 SYSTEMPATH/CodeIgniter.php(500): CodeIgniter\CodeIgniter->createController()
 3 SYSTEMPATH/CodeIgniter.php(355): CodeIgniter\CodeIgniter->handleRequest(null, Object(Config\Cache), false)
 4 SYSTEMPATH/Boot.php(325): CodeIgniter\CodeIgniter->run()
 5 SYSTEMPATH/Boot.php(67): CodeIgniter\Boot::runCodeIgniter(Object(CodeIgniter\CodeIgniter))
 6 FCPATH/index.php(56): CodeIgniter\Boot::bootWeb(Object(Config\Paths))
INFO - 2025-02-03 21:16:34 --> Session: Class initialized using 'CodeIgniter\Session\Handlers\FileHandler' driver.
WARNING - 2025-02-03 21:16:34 --> [DEPRECATED] Creation of dynamic property App\Controllers\Admin\Course::$session is deprecated in APPPATH/Controllers/Admin/BaseController.php on line 56.
 1 SYSTEMPATH/CodeIgniter.php(904): App\Controllers\Admin\BaseController->initController(Object(CodeIgniter\HTTP\IncomingRequest), Object(CodeIgniter\HTTP\Response), Object(CodeIgniter\Log\Logger))
 2 SYSTEMPATH/CodeIgniter.php(500): CodeIgniter\CodeIgniter->createController()
 3 SYSTEMPATH/CodeIgniter.php(355): CodeIgniter\CodeIgniter->handleRequest(null, Object(Config\Cache), false)
 4 SYSTEMPATH/Boot.php(325): CodeIgniter\CodeIgniter->run()
 5 SYSTEMPATH/Boot.php(67): CodeIgniter\Boot::runCodeIgniter(Object(CodeIgniter\CodeIgniter))
 6 FCPATH/index.php(56): CodeIgniter\Boot::bootWeb(Object(Config\Paths))
INFO - 2025-02-03 21:16:34 --> Session: Class initialized using 'CodeIgniter\Session\Handlers\FileHandler' driver.
WARNING - 2025-02-03 21:16:34 --> [DEPRECATED] Creation of dynamic property App\Controllers\Admin\Course::$session is deprecated in APPPATH/Controllers/Admin/BaseController.php on line 56.
 1 SYSTEMPATH/CodeIgniter.php(904): App\Controllers\Admin\BaseController->initController(Object(CodeIgniter\HTTP\IncomingRequest), Object(CodeIgniter\HTTP\Response), Object(CodeIgniter\Log\Logger))
 2 SYSTEMPATH/CodeIgniter.php(500): CodeIgniter\CodeIgniter->createController()
 3 SYSTEMPATH/CodeIgniter.php(355): CodeIgniter\CodeIgniter->handleRequest(null, Object(Config\Cache), false)
 4 SYSTEMPATH/Boot.php(325): CodeIgniter\CodeIgniter->run()
 5 SYSTEMPATH/Boot.php(67): CodeIgniter\Boot::runCodeIgniter(Object(CodeIgniter\CodeIgniter))
 6 FCPATH/index.php(56): CodeIgniter\Boot::bootWeb(Object(Config\Paths))
INFO - 2025-02-03 21:16:38 --> Session: Class initialized using 'CodeIgniter\Session\Handlers\FileHandler' driver.
WARNING - 2025-02-03 21:16:38 --> [DEPRECATED] Creation of dynamic property App\Controllers\Admin\Course::$session is deprecated in APPPATH/Controllers/Admin/BaseController.php on line 56.
 1 SYSTEMPATH/CodeIgniter.php(904): App\Controllers\Admin\BaseController->initController(Object(CodeIgniter\HTTP\IncomingRequest), Object(CodeIgniter\HTTP\Response), Object(CodeIgniter\Log\Logger))
 2 SYSTEMPATH/CodeIgniter.php(500): CodeIgniter\CodeIgniter->createController()
 3 SYSTEMPATH/CodeIgniter.php(355): CodeIgniter\CodeIgniter->handleRequest(null, Object(Config\Cache), false)
 4 SYSTEMPATH/Boot.php(325): CodeIgniter\CodeIgniter->run()
 5 SYSTEMPATH/Boot.php(67): CodeIgniter\Boot::runCodeIgniter(Object(CodeIgniter\CodeIgniter))
 6 FCPATH/index.php(56): CodeIgniter\Boot::bootWeb(Object(Config\Paths))
INFO - 2025-02-03 21:16:38 --> Session: Class initialized using 'CodeIgniter\Session\Handlers\FileHandler' driver.
WARNING - 2025-02-03 21:16:38 --> [DEPRECATED] Creation of dynamic property App\Controllers\Admin\Course::$session is deprecated in APPPATH/Controllers/Admin/BaseController.php on line 56.
 1 SYSTEMPATH/CodeIgniter.php(904): App\Controllers\Admin\BaseController->initController(Object(CodeIgniter\HTTP\IncomingRequest), Object(CodeIgniter\HTTP\Response), Object(CodeIgniter\Log\Logger))
 2 SYSTEMPATH/CodeIgniter.php(500): CodeIgniter\CodeIgniter->createController()
 3 SYSTEMPATH/CodeIgniter.php(355): CodeIgniter\CodeIgniter->handleRequest(null, Object(Config\Cache), false)
 4 SYSTEMPATH/Boot.php(325): CodeIgniter\CodeIgniter->run()
 5 SYSTEMPATH/Boot.php(67): CodeIgniter\Boot::runCodeIgniter(Object(CodeIgniter\CodeIgniter))
 6 FCPATH/index.php(56): CodeIgniter\Boot::bootWeb(Object(Config\Paths))
INFO - 2025-02-03 21:17:07 --> Session: Class initialized using 'CodeIgniter\Session\Handlers\FileHandler' driver.
WARNING - 2025-02-03 21:17:07 --> [DEPRECATED] Creation of dynamic property App\Controllers\Admin\Course::$session is deprecated in APPPATH/Controllers/Admin/BaseController.php on line 56.
 1 SYSTEMPATH/CodeIgniter.php(904): App\Controllers\Admin\BaseController->initController(Object(CodeIgniter\HTTP\IncomingRequest), Object(CodeIgniter\HTTP\Response), Object(CodeIgniter\Log\Logger))
 2 SYSTEMPATH/CodeIgniter.php(500): CodeIgniter\CodeIgniter->createController()
 3 SYSTEMPATH/CodeIgniter.php(355): CodeIgniter\CodeIgniter->handleRequest(null, Object(Config\Cache), false)
 4 SYSTEMPATH/Boot.php(325): CodeIgniter\CodeIgniter->run()
 5 SYSTEMPATH/Boot.php(67): CodeIgniter\Boot::runCodeIgniter(Object(CodeIgniter\CodeIgniter))
 6 FCPATH/index.php(56): CodeIgniter\Boot::bootWeb(Object(Config\Paths))
INFO - 2025-02-03 21:17:08 --> Session: Class initialized using 'CodeIgniter\Session\Handlers\FileHandler' driver.
WARNING - 2025-02-03 21:17:08 --> [DEPRECATED] Creation of dynamic property App\Controllers\Admin\Category::$session is deprecated in APPPATH/Controllers/Admin/BaseController.php on line 56.
 1 SYSTEMPATH/CodeIgniter.php(904): App\Controllers\Admin\BaseController->initController(Object(CodeIgniter\HTTP\IncomingRequest), Object(CodeIgniter\HTTP\Response), Object(CodeIgniter\Log\Logger))
 2 SYSTEMPATH/CodeIgniter.php(500): CodeIgniter\CodeIgniter->createController()
 3 SYSTEMPATH/CodeIgniter.php(355): CodeIgniter\CodeIgniter->handleRequest(null, Object(Config\Cache), false)
 4 SYSTEMPATH/Boot.php(325): CodeIgniter\CodeIgniter->run()
 5 SYSTEMPATH/Boot.php(67): CodeIgniter\Boot::runCodeIgniter(Object(CodeIgniter\CodeIgniter))
 6 FCPATH/index.php(56): CodeIgniter\Boot::bootWeb(Object(Config\Paths))
INFO - 2025-02-03 21:17:08 --> Session: Class initialized using 'CodeIgniter\Session\Handlers\FileHandler' driver.
WARNING - 2025-02-03 21:17:08 --> [DEPRECATED] Creation of dynamic property App\Controllers\Admin\Course::$session is deprecated in APPPATH/Controllers/Admin/BaseController.php on line 56.
 1 SYSTEMPATH/CodeIgniter.php(904): App\Controllers\Admin\BaseController->initController(Object(CodeIgniter\HTTP\IncomingRequest), Object(CodeIgniter\HTTP\Response), Object(CodeIgniter\Log\Logger))
 2 SYSTEMPATH/CodeIgniter.php(500): CodeIgniter\CodeIgniter->createController()
 3 SYSTEMPATH/CodeIgniter.php(355): CodeIgniter\CodeIgniter->handleRequest(null, Object(Config\Cache), false)
 4 SYSTEMPATH/Boot.php(325): CodeIgniter\CodeIgniter->run()
 5 SYSTEMPATH/Boot.php(67): CodeIgniter\Boot::runCodeIgniter(Object(CodeIgniter\CodeIgniter))
 6 FCPATH/index.php(56): CodeIgniter\Boot::bootWeb(Object(Config\Paths))
INFO - 2025-02-03 21:17:12 --> Session: Class initialized using 'CodeIgniter\Session\Handlers\FileHandler' driver.
WARNING - 2025-02-03 21:17:12 --> [DEPRECATED] Creation of dynamic property App\Controllers\Admin\Course::$session is deprecated in APPPATH/Controllers/Admin/BaseController.php on line 56.
 1 SYSTEMPATH/CodeIgniter.php(904): App\Controllers\Admin\BaseController->initController(Object(CodeIgniter\HTTP\IncomingRequest), Object(CodeIgniter\HTTP\Response), Object(CodeIgniter\Log\Logger))
 2 SYSTEMPATH/CodeIgniter.php(500): CodeIgniter\CodeIgniter->createController()
 3 SYSTEMPATH/CodeIgniter.php(355): CodeIgniter\CodeIgniter->handleRequest(null, Object(Config\Cache), false)
 4 SYSTEMPATH/Boot.php(325): CodeIgniter\CodeIgniter->run()
 5 SYSTEMPATH/Boot.php(67): CodeIgniter\Boot::runCodeIgniter(Object(CodeIgniter\CodeIgniter))
 6 FCPATH/index.php(56): CodeIgniter\Boot::bootWeb(Object(Config\Paths))
INFO - 2025-02-03 21:17:12 --> Session: Class initialized using 'CodeIgniter\Session\Handlers\FileHandler' driver.
WARNING - 2025-02-03 21:17:12 --> [DEPRECATED] Creation of dynamic property App\Controllers\Admin\Course::$session is deprecated in APPPATH/Controllers/Admin/BaseController.php on line 56.
 1 SYSTEMPATH/CodeIgniter.php(904): App\Controllers\Admin\BaseController->initController(Object(CodeIgniter\HTTP\IncomingRequest), Object(CodeIgniter\HTTP\Response), Object(CodeIgniter\Log\Logger))
 2 SYSTEMPATH/CodeIgniter.php(500): CodeIgniter\CodeIgniter->createController()
 3 SYSTEMPATH/CodeIgniter.php(355): CodeIgniter\CodeIgniter->handleRequest(null, Object(Config\Cache), false)
 4 SYSTEMPATH/Boot.php(325): CodeIgniter\CodeIgniter->run()
 5 SYSTEMPATH/Boot.php(67): CodeIgniter\Boot::runCodeIgniter(Object(CodeIgniter\CodeIgniter))
 6 FCPATH/index.php(56): CodeIgniter\Boot::bootWeb(Object(Config\Paths))
INFO - 2025-02-03 21:17:14 --> Session: Class initialized using 'CodeIgniter\Session\Handlers\FileHandler' driver.
WARNING - 2025-02-03 21:17:14 --> [DEPRECATED] Creation of dynamic property App\Controllers\Admin\Course::$session is deprecated in APPPATH/Controllers/Admin/BaseController.php on line 56.
 1 SYSTEMPATH/CodeIgniter.php(904): App\Controllers\Admin\BaseController->initController(Object(CodeIgniter\HTTP\IncomingRequest), Object(CodeIgniter\HTTP\Response), Object(CodeIgniter\Log\Logger))
 2 SYSTEMPATH/CodeIgniter.php(500): CodeIgniter\CodeIgniter->createController()
 3 SYSTEMPATH/CodeIgniter.php(355): CodeIgniter\CodeIgniter->handleRequest(null, Object(Config\Cache), false)
 4 SYSTEMPATH/Boot.php(325): CodeIgniter\CodeIgniter->run()
 5 SYSTEMPATH/Boot.php(67): CodeIgniter\Boot::runCodeIgniter(Object(CodeIgniter\CodeIgniter))
 6 FCPATH/index.php(56): CodeIgniter\Boot::bootWeb(Object(Config\Paths))
INFO - 2025-02-03 21:17:14 --> Session: Class initialized using 'CodeIgniter\Session\Handlers\FileHandler' driver.
WARNING - 2025-02-03 21:17:14 --> [DEPRECATED] Creation of dynamic property App\Controllers\Admin\Category::$session is deprecated in APPPATH/Controllers/Admin/BaseController.php on line 56.
 1 SYSTEMPATH/CodeIgniter.php(904): App\Controllers\Admin\BaseController->initController(Object(CodeIgniter\HTTP\IncomingRequest), Object(CodeIgniter\HTTP\Response), Object(CodeIgniter\Log\Logger))
 2 SYSTEMPATH/CodeIgniter.php(500): CodeIgniter\CodeIgniter->createController()
 3 SYSTEMPATH/CodeIgniter.php(355): CodeIgniter\CodeIgniter->handleRequest(null, Object(Config\Cache), false)
 4 SYSTEMPATH/Boot.php(325): CodeIgniter\CodeIgniter->run()
 5 SYSTEMPATH/Boot.php(67): CodeIgniter\Boot::runCodeIgniter(Object(CodeIgniter\CodeIgniter))
 6 FCPATH/index.php(56): CodeIgniter\Boot::bootWeb(Object(Config\Paths))
INFO - 2025-02-03 21:17:14 --> Session: Class initialized using 'CodeIgniter\Session\Handlers\FileHandler' driver.
WARNING - 2025-02-03 21:17:14 --> [DEPRECATED] Creation of dynamic property App\Controllers\Admin\Course::$session is deprecated in APPPATH/Controllers/Admin/BaseController.php on line 56.
 1 SYSTEMPATH/CodeIgniter.php(904): App\Controllers\Admin\BaseController->initController(Object(CodeIgniter\HTTP\IncomingRequest), Object(CodeIgniter\HTTP\Response), Object(CodeIgniter\Log\Logger))
 2 SYSTEMPATH/CodeIgniter.php(500): CodeIgniter\CodeIgniter->createController()
 3 SYSTEMPATH/CodeIgniter.php(355): CodeIgniter\CodeIgniter->handleRequest(null, Object(Config\Cache), false)
 4 SYSTEMPATH/Boot.php(325): CodeIgniter\CodeIgniter->run()
 5 SYSTEMPATH/Boot.php(67): CodeIgniter\Boot::runCodeIgniter(Object(CodeIgniter\CodeIgniter))
 6 FCPATH/index.php(56): CodeIgniter\Boot::bootWeb(Object(Config\Paths))
INFO - 2025-02-03 21:17:18 --> Session: Class initialized using 'CodeIgniter\Session\Handlers\FileHandler' driver.
WARNING - 2025-02-03 21:17:18 --> [DEPRECATED] Creation of dynamic property App\Controllers\Admin\Course::$session is deprecated in APPPATH/Controllers/Admin/BaseController.php on line 56.
 1 SYSTEMPATH/CodeIgniter.php(904): App\Controllers\Admin\BaseController->initController(Object(CodeIgniter\HTTP\IncomingRequest), Object(CodeIgniter\HTTP\Response), Object(CodeIgniter\Log\Logger))
 2 SYSTEMPATH/CodeIgniter.php(500): CodeIgniter\CodeIgniter->createController()
 3 SYSTEMPATH/CodeIgniter.php(355): CodeIgniter\CodeIgniter->handleRequest(null, Object(Config\Cache), false)
 4 SYSTEMPATH/Boot.php(325): CodeIgniter\CodeIgniter->run()
 5 SYSTEMPATH/Boot.php(67): CodeIgniter\Boot::runCodeIgniter(Object(CodeIgniter\CodeIgniter))
 6 FCPATH/index.php(56): CodeIgniter\Boot::bootWeb(Object(Config\Paths))
INFO - 2025-02-03 21:17:18 --> Session: Class initialized using 'CodeIgniter\Session\Handlers\FileHandler' driver.
WARNING - 2025-02-03 21:17:18 --> [DEPRECATED] Creation of dynamic property App\Controllers\Admin\Course::$session is deprecated in APPPATH/Controllers/Admin/BaseController.php on line 56.
 1 SYSTEMPATH/CodeIgniter.php(904): App\Controllers\Admin\BaseController->initController(Object(CodeIgniter\HTTP\IncomingRequest), Object(CodeIgniter\HTTP\Response), Object(CodeIgniter\Log\Logger))
 2 SYSTEMPATH/CodeIgniter.php(500): CodeIgniter\CodeIgniter->createController()
 3 SYSTEMPATH/CodeIgniter.php(355): CodeIgniter\CodeIgniter->handleRequest(null, Object(Config\Cache), false)
 4 SYSTEMPATH/Boot.php(325): CodeIgniter\CodeIgniter->run()
 5 SYSTEMPATH/Boot.php(67): CodeIgniter\Boot::runCodeIgniter(Object(CodeIgniter\CodeIgniter))
 6 FCPATH/index.php(56): CodeIgniter\Boot::bootWeb(Object(Config\Paths))
INFO - 2025-02-03 21:18:20 --> Session: Class initialized using 'CodeIgniter\Session\Handlers\FileHandler' driver.
WARNING - 2025-02-03 21:18:20 --> [DEPRECATED] Creation of dynamic property App\Controllers\Admin\Course::$session is deprecated in APPPATH/Controllers/Admin/BaseController.php on line 56.
 1 SYSTEMPATH/CodeIgniter.php(904): App\Controllers\Admin\BaseController->initController(Object(CodeIgniter\HTTP\IncomingRequest), Object(CodeIgniter\HTTP\Response), Object(CodeIgniter\Log\Logger))
 2 SYSTEMPATH/CodeIgniter.php(500): CodeIgniter\CodeIgniter->createController()
 3 SYSTEMPATH/CodeIgniter.php(355): CodeIgniter\CodeIgniter->handleRequest(null, Object(Config\Cache), false)
 4 SYSTEMPATH/Boot.php(325): CodeIgniter\CodeIgniter->run()
 5 SYSTEMPATH/Boot.php(67): CodeIgniter\Boot::runCodeIgniter(Object(CodeIgniter\CodeIgniter))
 6 FCPATH/index.php(56): CodeIgniter\Boot::bootWeb(Object(Config\Paths))
INFO - 2025-02-03 21:18:20 --> Session: Class initialized using 'CodeIgniter\Session\Handlers\FileHandler' driver.
WARNING - 2025-02-03 21:18:20 --> [DEPRECATED] Creation of dynamic property App\Controllers\Admin\Course::$session is deprecated in APPPATH/Controllers/Admin/BaseController.php on line 56.
 1 SYSTEMPATH/CodeIgniter.php(904): App\Controllers\Admin\BaseController->initController(Object(CodeIgniter\HTTP\IncomingRequest), Object(CodeIgniter\HTTP\Response), Object(CodeIgniter\Log\Logger))
 2 SYSTEMPATH/CodeIgniter.php(500): CodeIgniter\CodeIgniter->createController()
 3 SYSTEMPATH/CodeIgniter.php(355): CodeIgniter\CodeIgniter->handleRequest(null, Object(Config\Cache), false)
 4 SYSTEMPATH/Boot.php(325): CodeIgniter\CodeIgniter->run()
 5 SYSTEMPATH/Boot.php(67): CodeIgniter\Boot::runCodeIgniter(Object(CodeIgniter\CodeIgniter))
 6 FCPATH/index.php(56): CodeIgniter\Boot::bootWeb(Object(Config\Paths))
INFO - 2025-02-03 21:18:24 --> Session: Class initialized using 'CodeIgniter\Session\Handlers\FileHandler' driver.
WARNING - 2025-02-03 21:18:24 --> [DEPRECATED] Creation of dynamic property App\Controllers\Admin\Course::$session is deprecated in APPPATH/Controllers/Admin/BaseController.php on line 56.
 1 SYSTEMPATH/CodeIgniter.php(904): App\Controllers\Admin\BaseController->initController(Object(CodeIgniter\HTTP\IncomingRequest), Object(CodeIgniter\HTTP\Response), Object(CodeIgniter\Log\Logger))
 2 SYSTEMPATH/CodeIgniter.php(500): CodeIgniter\CodeIgniter->createController()
 3 SYSTEMPATH/CodeIgniter.php(355): CodeIgniter\CodeIgniter->handleRequest(null, Object(Config\Cache), false)
 4 SYSTEMPATH/Boot.php(325): CodeIgniter\CodeIgniter->run()
 5 SYSTEMPATH/Boot.php(67): CodeIgniter\Boot::runCodeIgniter(Object(CodeIgniter\CodeIgniter))
 6 FCPATH/index.php(56): CodeIgniter\Boot::bootWeb(Object(Config\Paths))
INFO - 2025-02-03 21:18:24 --> Session: Class initialized using 'CodeIgniter\Session\Handlers\FileHandler' driver.
WARNING - 2025-02-03 21:18:24 --> [DEPRECATED] Creation of dynamic property App\Controllers\Admin\Course::$session is deprecated in APPPATH/Controllers/Admin/BaseController.php on line 56.
 1 SYSTEMPATH/CodeIgniter.php(904): App\Controllers\Admin\BaseController->initController(Object(CodeIgniter\HTTP\IncomingRequest), Object(CodeIgniter\HTTP\Response), Object(CodeIgniter\Log\Logger))
 2 SYSTEMPATH/CodeIgniter.php(500): CodeIgniter\CodeIgniter->createController()
 3 SYSTEMPATH/CodeIgniter.php(355): CodeIgniter\CodeIgniter->handleRequest(null, Object(Config\Cache), false)
 4 SYSTEMPATH/Boot.php(325): CodeIgniter\CodeIgniter->run()
 5 SYSTEMPATH/Boot.php(67): CodeIgniter\Boot::runCodeIgniter(Object(CodeIgniter\CodeIgniter))
 6 FCPATH/index.php(56): CodeIgniter\Boot::bootWeb(Object(Config\Paths))
INFO - 2025-02-03 21:18:27 --> Session: Class initialized using 'CodeIgniter\Session\Handlers\FileHandler' driver.
WARNING - 2025-02-03 21:18:27 --> [DEPRECATED] Creation of dynamic property App\Controllers\Admin\Course::$session is deprecated in APPPATH/Controllers/Admin/BaseController.php on line 56.
 1 SYSTEMPATH/CodeIgniter.php(904): App\Controllers\Admin\BaseController->initController(Object(CodeIgniter\HTTP\IncomingRequest), Object(CodeIgniter\HTTP\Response), Object(CodeIgniter\Log\Logger))
 2 SYSTEMPATH/CodeIgniter.php(500): CodeIgniter\CodeIgniter->createController()
 3 SYSTEMPATH/CodeIgniter.php(355): CodeIgniter\CodeIgniter->handleRequest(null, Object(Config\Cache), false)
 4 SYSTEMPATH/Boot.php(325): CodeIgniter\CodeIgniter->run()
 5 SYSTEMPATH/Boot.php(67): CodeIgniter\Boot::runCodeIgniter(Object(CodeIgniter\CodeIgniter))
 6 FCPATH/index.php(56): CodeIgniter\Boot::bootWeb(Object(Config\Paths))
INFO - 2025-02-03 21:18:27 --> Session: Class initialized using 'CodeIgniter\Session\Handlers\FileHandler' driver.
WARNING - 2025-02-03 21:18:27 --> [DEPRECATED] Creation of dynamic property App\Controllers\Admin\Category::$session is deprecated in APPPATH/Controllers/Admin/BaseController.php on line 56.
 1 SYSTEMPATH/CodeIgniter.php(904): App\Controllers\Admin\BaseController->initController(Object(CodeIgniter\HTTP\IncomingRequest), Object(CodeIgniter\HTTP\Response), Object(CodeIgniter\Log\Logger))
 2 SYSTEMPATH/CodeIgniter.php(500): CodeIgniter\CodeIgniter->createController()
 3 SYSTEMPATH/CodeIgniter.php(355): CodeIgniter\CodeIgniter->handleRequest(null, Object(Config\Cache), false)
 4 SYSTEMPATH/Boot.php(325): CodeIgniter\CodeIgniter->run()
 5 SYSTEMPATH/Boot.php(67): CodeIgniter\Boot::runCodeIgniter(Object(CodeIgniter\CodeIgniter))
 6 FCPATH/index.php(56): CodeIgniter\Boot::bootWeb(Object(Config\Paths))
INFO - 2025-02-03 21:18:28 --> Session: Class initialized using 'CodeIgniter\Session\Handlers\FileHandler' driver.
WARNING - 2025-02-03 21:18:28 --> [DEPRECATED] Creation of dynamic property App\Controllers\Admin\Course::$session is deprecated in APPPATH/Controllers/Admin/BaseController.php on line 56.
 1 SYSTEMPATH/CodeIgniter.php(904): App\Controllers\Admin\BaseController->initController(Object(CodeIgniter\HTTP\IncomingRequest), Object(CodeIgniter\HTTP\Response), Object(CodeIgniter\Log\Logger))
 2 SYSTEMPATH/CodeIgniter.php(500): CodeIgniter\CodeIgniter->createController()
 3 SYSTEMPATH/CodeIgniter.php(355): CodeIgniter\CodeIgniter->handleRequest(null, Object(Config\Cache), false)
 4 SYSTEMPATH/Boot.php(325): CodeIgniter\CodeIgniter->run()
 5 SYSTEMPATH/Boot.php(67): CodeIgniter\Boot::runCodeIgniter(Object(CodeIgniter\CodeIgniter))
 6 FCPATH/index.php(56): CodeIgniter\Boot::bootWeb(Object(Config\Paths))
INFO - 2025-02-03 21:19:53 --> Session: Class initialized using 'CodeIgniter\Session\Handlers\FileHandler' driver.
WARNING - 2025-02-03 21:19:53 --> [DEPRECATED] Creation of dynamic property App\Controllers\Admin\Course::$session is deprecated in APPPATH/Controllers/Admin/BaseController.php on line 56.
 1 SYSTEMPATH/CodeIgniter.php(904): App\Controllers\Admin\BaseController->initController(Object(CodeIgniter\HTTP\IncomingRequest), Object(CodeIgniter\HTTP\Response), Object(CodeIgniter\Log\Logger))
 2 SYSTEMPATH/CodeIgniter.php(500): CodeIgniter\CodeIgniter->createController()
 3 SYSTEMPATH/CodeIgniter.php(355): CodeIgniter\CodeIgniter->handleRequest(null, Object(Config\Cache), false)
 4 SYSTEMPATH/Boot.php(325): CodeIgniter\CodeIgniter->run()
 5 SYSTEMPATH/Boot.php(67): CodeIgniter\Boot::runCodeIgniter(Object(CodeIgniter\CodeIgniter))
 6 FCPATH/index.php(56): CodeIgniter\Boot::bootWeb(Object(Config\Paths))
INFO - 2025-02-03 21:19:53 --> Session: Class initialized using 'CodeIgniter\Session\Handlers\FileHandler' driver.
WARNING - 2025-02-03 21:19:53 --> [DEPRECATED] Creation of dynamic property App\Controllers\Admin\Course::$session is deprecated in APPPATH/Controllers/Admin/BaseController.php on line 56.
 1 SYSTEMPATH/CodeIgniter.php(904): App\Controllers\Admin\BaseController->initController(Object(CodeIgniter\HTTP\IncomingRequest), Object(CodeIgniter\HTTP\Response), Object(CodeIgniter\Log\Logger))
 2 SYSTEMPATH/CodeIgniter.php(500): CodeIgniter\CodeIgniter->createController()
 3 SYSTEMPATH/CodeIgniter.php(355): CodeIgniter\CodeIgniter->handleRequest(null, Object(Config\Cache), false)
 4 SYSTEMPATH/Boot.php(325): CodeIgniter\CodeIgniter->run()
 5 SYSTEMPATH/Boot.php(67): CodeIgniter\Boot::runCodeIgniter(Object(CodeIgniter\CodeIgniter))
 6 FCPATH/index.php(56): CodeIgniter\Boot::bootWeb(Object(Config\Paths))
INFO - 2025-02-03 21:19:58 --> Session: Class initialized using 'CodeIgniter\Session\Handlers\FileHandler' driver.
WARNING - 2025-02-03 21:19:58 --> [DEPRECATED] Creation of dynamic property App\Controllers\Admin\Course::$session is deprecated in APPPATH/Controllers/Admin/BaseController.php on line 56.
 1 SYSTEMPATH/CodeIgniter.php(904): App\Controllers\Admin\BaseController->initController(Object(CodeIgniter\HTTP\IncomingRequest), Object(CodeIgniter\HTTP\Response), Object(CodeIgniter\Log\Logger))
 2 SYSTEMPATH/CodeIgniter.php(500): CodeIgniter\CodeIgniter->createController()
 3 SYSTEMPATH/CodeIgniter.php(355): CodeIgniter\CodeIgniter->handleRequest(null, Object(Config\Cache), false)
 4 SYSTEMPATH/Boot.php(325): CodeIgniter\CodeIgniter->run()
 5 SYSTEMPATH/Boot.php(67): CodeIgniter\Boot::runCodeIgniter(Object(CodeIgniter\CodeIgniter))
 6 FCPATH/index.php(56): CodeIgniter\Boot::bootWeb(Object(Config\Paths))
INFO - 2025-02-03 21:19:58 --> Session: Class initialized using 'CodeIgniter\Session\Handlers\FileHandler' driver.
WARNING - 2025-02-03 21:19:58 --> [DEPRECATED] Creation of dynamic property App\Controllers\Admin\Course::$session is deprecated in APPPATH/Controllers/Admin/BaseController.php on line 56.
 1 SYSTEMPATH/CodeIgniter.php(904): App\Controllers\Admin\BaseController->initController(Object(CodeIgniter\HTTP\IncomingRequest), Object(CodeIgniter\HTTP\Response), Object(CodeIgniter\Log\Logger))
 2 SYSTEMPATH/CodeIgniter.php(500): CodeIgniter\CodeIgniter->createController()
 3 SYSTEMPATH/CodeIgniter.php(355): CodeIgniter\CodeIgniter->handleRequest(null, Object(Config\Cache), false)
 4 SYSTEMPATH/Boot.php(325): CodeIgniter\CodeIgniter->run()
 5 SYSTEMPATH/Boot.php(67): CodeIgniter\Boot::runCodeIgniter(Object(CodeIgniter\CodeIgniter))
 6 FCPATH/index.php(56): CodeIgniter\Boot::bootWeb(Object(Config\Paths))
INFO - 2025-02-03 21:20:40 --> Session: Class initialized using 'CodeIgniter\Session\Handlers\FileHandler' driver.
WARNING - 2025-02-03 21:20:40 --> [DEPRECATED] Creation of dynamic property App\Controllers\Admin\Course::$session is deprecated in APPPATH/Controllers/Admin/BaseController.php on line 56.
 1 SYSTEMPATH/CodeIgniter.php(904): App\Controllers\Admin\BaseController->initController(Object(CodeIgniter\HTTP\IncomingRequest), Object(CodeIgniter\HTTP\Response), Object(CodeIgniter\Log\Logger))
 2 SYSTEMPATH/CodeIgniter.php(500): CodeIgniter\CodeIgniter->createController()
 3 SYSTEMPATH/CodeIgniter.php(355): CodeIgniter\CodeIgniter->handleRequest(null, Object(Config\Cache), false)
 4 SYSTEMPATH/Boot.php(325): CodeIgniter\CodeIgniter->run()
 5 SYSTEMPATH/Boot.php(67): CodeIgniter\Boot::runCodeIgniter(Object(CodeIgniter\CodeIgniter))
 6 FCPATH/index.php(56): CodeIgniter\Boot::bootWeb(Object(Config\Paths))
INFO - 2025-02-03 21:20:41 --> Session: Class initialized using 'CodeIgniter\Session\Handlers\FileHandler' driver.
WARNING - 2025-02-03 21:20:41 --> [DEPRECATED] Creation of dynamic property App\Controllers\Admin\Category::$session is deprecated in APPPATH/Controllers/Admin/BaseController.php on line 56.
 1 SYSTEMPATH/CodeIgniter.php(904): App\Controllers\Admin\BaseController->initController(Object(CodeIgniter\HTTP\IncomingRequest), Object(CodeIgniter\HTTP\Response), Object(CodeIgniter\Log\Logger))
 2 SYSTEMPATH/CodeIgniter.php(500): CodeIgniter\CodeIgniter->createController()
 3 SYSTEMPATH/CodeIgniter.php(355): CodeIgniter\CodeIgniter->handleRequest(null, Object(Config\Cache), false)
 4 SYSTEMPATH/Boot.php(325): CodeIgniter\CodeIgniter->run()
 5 SYSTEMPATH/Boot.php(67): CodeIgniter\Boot::runCodeIgniter(Object(CodeIgniter\CodeIgniter))
 6 FCPATH/index.php(56): CodeIgniter\Boot::bootWeb(Object(Config\Paths))
INFO - 2025-02-03 21:20:41 --> Session: Class initialized using 'CodeIgniter\Session\Handlers\FileHandler' driver.
WARNING - 2025-02-03 21:20:41 --> [DEPRECATED] Creation of dynamic property App\Controllers\Admin\Course::$session is deprecated in APPPATH/Controllers/Admin/BaseController.php on line 56.
 1 SYSTEMPATH/CodeIgniter.php(904): App\Controllers\Admin\BaseController->initController(Object(CodeIgniter\HTTP\IncomingRequest), Object(CodeIgniter\HTTP\Response), Object(CodeIgniter\Log\Logger))
 2 SYSTEMPATH/CodeIgniter.php(500): CodeIgniter\CodeIgniter->createController()
 3 SYSTEMPATH/CodeIgniter.php(355): CodeIgniter\CodeIgniter->handleRequest(null, Object(Config\Cache), false)
 4 SYSTEMPATH/Boot.php(325): CodeIgniter\CodeIgniter->run()
 5 SYSTEMPATH/Boot.php(67): CodeIgniter\Boot::runCodeIgniter(Object(CodeIgniter\CodeIgniter))
 6 FCPATH/index.php(56): CodeIgniter\Boot::bootWeb(Object(Config\Paths))
INFO - 2025-02-03 21:20:44 --> Session: Class initialized using 'CodeIgniter\Session\Handlers\FileHandler' driver.
WARNING - 2025-02-03 21:20:44 --> [DEPRECATED] Creation of dynamic property App\Controllers\Admin\Course::$session is deprecated in APPPATH/Controllers/Admin/BaseController.php on line 56.
 1 SYSTEMPATH/CodeIgniter.php(904): App\Controllers\Admin\BaseController->initController(Object(CodeIgniter\HTTP\IncomingRequest), Object(CodeIgniter\HTTP\Response), Object(CodeIgniter\Log\Logger))
 2 SYSTEMPATH/CodeIgniter.php(500): CodeIgniter\CodeIgniter->createController()
 3 SYSTEMPATH/CodeIgniter.php(355): CodeIgniter\CodeIgniter->handleRequest(null, Object(Config\Cache), false)
 4 SYSTEMPATH/Boot.php(325): CodeIgniter\CodeIgniter->run()
 5 SYSTEMPATH/Boot.php(67): CodeIgniter\Boot::runCodeIgniter(Object(CodeIgniter\CodeIgniter))
 6 FCPATH/index.php(56): CodeIgniter\Boot::bootWeb(Object(Config\Paths))
INFO - 2025-02-03 21:20:45 --> Session: Class initialized using 'CodeIgniter\Session\Handlers\FileHandler' driver.
WARNING - 2025-02-03 21:20:45 --> [DEPRECATED] Creation of dynamic property App\Controllers\Admin\Course::$session is deprecated in APPPATH/Controllers/Admin/BaseController.php on line 56.
 1 SYSTEMPATH/CodeIgniter.php(904): App\Controllers\Admin\BaseController->initController(Object(CodeIgniter\HTTP\IncomingRequest), Object(CodeIgniter\HTTP\Response), Object(CodeIgniter\Log\Logger))
 2 SYSTEMPATH/CodeIgniter.php(500): CodeIgniter\CodeIgniter->createController()
 3 SYSTEMPATH/CodeIgniter.php(355): CodeIgniter\CodeIgniter->handleRequest(null, Object(Config\Cache), false)
 4 SYSTEMPATH/Boot.php(325): CodeIgniter\CodeIgniter->run()
 5 SYSTEMPATH/Boot.php(67): CodeIgniter\Boot::runCodeIgniter(Object(CodeIgniter\CodeIgniter))
 6 FCPATH/index.php(56): CodeIgniter\Boot::bootWeb(Object(Config\Paths))
INFO - 2025-02-03 21:20:48 --> Session: Class initialized using 'CodeIgniter\Session\Handlers\FileHandler' driver.
WARNING - 2025-02-03 21:20:48 --> [DEPRECATED] Creation of dynamic property App\Controllers\Admin\Course::$session is deprecated in APPPATH/Controllers/Admin/BaseController.php on line 56.
 1 SYSTEMPATH/CodeIgniter.php(904): App\Controllers\Admin\BaseController->initController(Object(CodeIgniter\HTTP\IncomingRequest), Object(CodeIgniter\HTTP\Response), Object(CodeIgniter\Log\Logger))
 2 SYSTEMPATH/CodeIgniter.php(500): CodeIgniter\CodeIgniter->createController()
 3 SYSTEMPATH/CodeIgniter.php(355): CodeIgniter\CodeIgniter->handleRequest(null, Object(Config\Cache), false)
 4 SYSTEMPATH/Boot.php(325): CodeIgniter\CodeIgniter->run()
 5 SYSTEMPATH/Boot.php(67): CodeIgniter\Boot::runCodeIgniter(Object(CodeIgniter\CodeIgniter))
 6 FCPATH/index.php(56): CodeIgniter\Boot::bootWeb(Object(Config\Paths))
INFO - 2025-02-03 21:20:49 --> Session: Class initialized using 'CodeIgniter\Session\Handlers\FileHandler' driver.
WARNING - 2025-02-03 21:20:49 --> [DEPRECATED] Creation of dynamic property App\Controllers\Admin\Course::$session is deprecated in APPPATH/Controllers/Admin/BaseController.php on line 56.
 1 SYSTEMPATH/CodeIgniter.php(904): App\Controllers\Admin\BaseController->initController(Object(CodeIgniter\HTTP\IncomingRequest), Object(CodeIgniter\HTTP\Response), Object(CodeIgniter\Log\Logger))
 2 SYSTEMPATH/CodeIgniter.php(500): CodeIgniter\CodeIgniter->createController()
 3 SYSTEMPATH/CodeIgniter.php(355): CodeIgniter\CodeIgniter->handleRequest(null, Object(Config\Cache), false)
 4 SYSTEMPATH/Boot.php(325): CodeIgniter\CodeIgniter->run()
 5 SYSTEMPATH/Boot.php(67): CodeIgniter\Boot::runCodeIgniter(Object(CodeIgniter\CodeIgniter))
 6 FCPATH/index.php(56): CodeIgniter\Boot::bootWeb(Object(Config\Paths))
INFO - 2025-02-03 21:22:16 --> Session: Class initialized using 'CodeIgniter\Session\Handlers\FileHandler' driver.
WARNING - 2025-02-03 21:22:16 --> [DEPRECATED] Creation of dynamic property App\Controllers\Admin\Course::$session is deprecated in APPPATH/Controllers/Admin/BaseController.php on line 56.
 1 SYSTEMPATH/CodeIgniter.php(904): App\Controllers\Admin\BaseController->initController(Object(CodeIgniter\HTTP\IncomingRequest), Object(CodeIgniter\HTTP\Response), Object(CodeIgniter\Log\Logger))
 2 SYSTEMPATH/CodeIgniter.php(500): CodeIgniter\CodeIgniter->createController()
 3 SYSTEMPATH/CodeIgniter.php(355): CodeIgniter\CodeIgniter->handleRequest(null, Object(Config\Cache), false)
 4 SYSTEMPATH/Boot.php(325): CodeIgniter\CodeIgniter->run()
 5 SYSTEMPATH/Boot.php(67): CodeIgniter\Boot::runCodeIgniter(Object(CodeIgniter\CodeIgniter))
 6 FCPATH/index.php(56): CodeIgniter\Boot::bootWeb(Object(Config\Paths))
INFO - 2025-02-03 21:22:16 --> Session: Class initialized using 'CodeIgniter\Session\Handlers\FileHandler' driver.
WARNING - 2025-02-03 21:22:16 --> [DEPRECATED] Creation of dynamic property App\Controllers\Admin\Category::$session is deprecated in APPPATH/Controllers/Admin/BaseController.php on line 56.
 1 SYSTEMPATH/CodeIgniter.php(904): App\Controllers\Admin\BaseController->initController(Object(CodeIgniter\HTTP\IncomingRequest), Object(CodeIgniter\HTTP\Response), Object(CodeIgniter\Log\Logger))
 2 SYSTEMPATH/CodeIgniter.php(500): CodeIgniter\CodeIgniter->createController()
 3 SYSTEMPATH/CodeIgniter.php(355): CodeIgniter\CodeIgniter->handleRequest(null, Object(Config\Cache), false)
 4 SYSTEMPATH/Boot.php(325): CodeIgniter\CodeIgniter->run()
 5 SYSTEMPATH/Boot.php(67): CodeIgniter\Boot::runCodeIgniter(Object(CodeIgniter\CodeIgniter))
 6 FCPATH/index.php(56): CodeIgniter\Boot::bootWeb(Object(Config\Paths))
INFO - 2025-02-03 21:22:17 --> Session: Class initialized using 'CodeIgniter\Session\Handlers\FileHandler' driver.
WARNING - 2025-02-03 21:22:17 --> [DEPRECATED] Creation of dynamic property App\Controllers\Admin\Course::$session is deprecated in APPPATH/Controllers/Admin/BaseController.php on line 56.
 1 SYSTEMPATH/CodeIgniter.php(904): App\Controllers\Admin\BaseController->initController(Object(CodeIgniter\HTTP\IncomingRequest), Object(CodeIgniter\HTTP\Response), Object(CodeIgniter\Log\Logger))
 2 SYSTEMPATH/CodeIgniter.php(500): CodeIgniter\CodeIgniter->createController()
 3 SYSTEMPATH/CodeIgniter.php(355): CodeIgniter\CodeIgniter->handleRequest(null, Object(Config\Cache), false)
 4 SYSTEMPATH/Boot.php(325): CodeIgniter\CodeIgniter->run()
 5 SYSTEMPATH/Boot.php(67): CodeIgniter\Boot::runCodeIgniter(Object(CodeIgniter\CodeIgniter))
 6 FCPATH/index.php(56): CodeIgniter\Boot::bootWeb(Object(Config\Paths))
INFO - 2025-02-03 21:22:20 --> Session: Class initialized using 'CodeIgniter\Session\Handlers\FileHandler' driver.
WARNING - 2025-02-03 21:22:20 --> [DEPRECATED] Creation of dynamic property App\Controllers\Admin\Course::$session is deprecated in APPPATH/Controllers/Admin/BaseController.php on line 56.
 1 SYSTEMPATH/CodeIgniter.php(904): App\Controllers\Admin\BaseController->initController(Object(CodeIgniter\HTTP\IncomingRequest), Object(CodeIgniter\HTTP\Response), Object(CodeIgniter\Log\Logger))
 2 SYSTEMPATH/CodeIgniter.php(500): CodeIgniter\CodeIgniter->createController()
 3 SYSTEMPATH/CodeIgniter.php(355): CodeIgniter\CodeIgniter->handleRequest(null, Object(Config\Cache), false)
 4 SYSTEMPATH/Boot.php(325): CodeIgniter\CodeIgniter->run()
 5 SYSTEMPATH/Boot.php(67): CodeIgniter\Boot::runCodeIgniter(Object(CodeIgniter\CodeIgniter))
 6 FCPATH/index.php(56): CodeIgniter\Boot::bootWeb(Object(Config\Paths))
INFO - 2025-02-03 21:22:20 --> Session: Class initialized using 'CodeIgniter\Session\Handlers\FileHandler' driver.
WARNING - 2025-02-03 21:22:20 --> [DEPRECATED] Creation of dynamic property App\Controllers\Admin\Course::$session is deprecated in APPPATH/Controllers/Admin/BaseController.php on line 56.
 1 SYSTEMPATH/CodeIgniter.php(904): App\Controllers\Admin\BaseController->initController(Object(CodeIgniter\HTTP\IncomingRequest), Object(CodeIgniter\HTTP\Response), Object(CodeIgniter\Log\Logger))
 2 SYSTEMPATH/CodeIgniter.php(500): CodeIgniter\CodeIgniter->createController()
 3 SYSTEMPATH/CodeIgniter.php(355): CodeIgniter\CodeIgniter->handleRequest(null, Object(Config\Cache), false)
 4 SYSTEMPATH/Boot.php(325): CodeIgniter\CodeIgniter->run()
 5 SYSTEMPATH/Boot.php(67): CodeIgniter\Boot::runCodeIgniter(Object(CodeIgniter\CodeIgniter))
 6 FCPATH/index.php(56): CodeIgniter\Boot::bootWeb(Object(Config\Paths))
INFO - 2025-02-03 21:22:23 --> Session: Class initialized using 'CodeIgniter\Session\Handlers\FileHandler' driver.
WARNING - 2025-02-03 21:22:23 --> [DEPRECATED] Creation of dynamic property App\Controllers\Admin\Course::$session is deprecated in APPPATH/Controllers/Admin/BaseController.php on line 56.
 1 SYSTEMPATH/CodeIgniter.php(904): App\Controllers\Admin\BaseController->initController(Object(CodeIgniter\HTTP\IncomingRequest), Object(CodeIgniter\HTTP\Response), Object(CodeIgniter\Log\Logger))
 2 SYSTEMPATH/CodeIgniter.php(500): CodeIgniter\CodeIgniter->createController()
 3 SYSTEMPATH/CodeIgniter.php(355): CodeIgniter\CodeIgniter->handleRequest(null, Object(Config\Cache), false)
 4 SYSTEMPATH/Boot.php(325): CodeIgniter\CodeIgniter->run()
 5 SYSTEMPATH/Boot.php(67): CodeIgniter\Boot::runCodeIgniter(Object(CodeIgniter\CodeIgniter))
 6 FCPATH/index.php(56): CodeIgniter\Boot::bootWeb(Object(Config\Paths))
INFO - 2025-02-03 21:22:23 --> Session: Class initialized using 'CodeIgniter\Session\Handlers\FileHandler' driver.
WARNING - 2025-02-03 21:22:23 --> [DEPRECATED] Creation of dynamic property App\Controllers\Admin\Course::$session is deprecated in APPPATH/Controllers/Admin/BaseController.php on line 56.
 1 SYSTEMPATH/CodeIgniter.php(904): App\Controllers\Admin\BaseController->initController(Object(CodeIgniter\HTTP\IncomingRequest), Object(CodeIgniter\HTTP\Response), Object(CodeIgniter\Log\Logger))
 2 SYSTEMPATH/CodeIgniter.php(500): CodeIgniter\CodeIgniter->createController()
 3 SYSTEMPATH/CodeIgniter.php(355): CodeIgniter\CodeIgniter->handleRequest(null, Object(Config\Cache), false)
 4 SYSTEMPATH/Boot.php(325): CodeIgniter\CodeIgniter->run()
 5 SYSTEMPATH/Boot.php(67): CodeIgniter\Boot::runCodeIgniter(Object(CodeIgniter\CodeIgniter))
 6 FCPATH/index.php(56): CodeIgniter\Boot::bootWeb(Object(Config\Paths))
INFO - 2025-02-03 21:22:26 --> Session: Class initialized using 'CodeIgniter\Session\Handlers\FileHandler' driver.
WARNING - 2025-02-03 21:22:26 --> [DEPRECATED] Creation of dynamic property App\Controllers\Admin\Course::$session is deprecated in APPPATH/Controllers/Admin/BaseController.php on line 56.
 1 SYSTEMPATH/CodeIgniter.php(904): App\Controllers\Admin\BaseController->initController(Object(CodeIgniter\HTTP\IncomingRequest), Object(CodeIgniter\HTTP\Response), Object(CodeIgniter\Log\Logger))
 2 SYSTEMPATH/CodeIgniter.php(500): CodeIgniter\CodeIgniter->createController()
 3 SYSTEMPATH/CodeIgniter.php(355): CodeIgniter\CodeIgniter->handleRequest(null, Object(Config\Cache), false)
 4 SYSTEMPATH/Boot.php(325): CodeIgniter\CodeIgniter->run()
 5 SYSTEMPATH/Boot.php(67): CodeIgniter\Boot::runCodeIgniter(Object(CodeIgniter\CodeIgniter))
 6 FCPATH/index.php(56): CodeIgniter\Boot::bootWeb(Object(Config\Paths))
INFO - 2025-02-03 21:22:27 --> Session: Class initialized using 'CodeIgniter\Session\Handlers\FileHandler' driver.
WARNING - 2025-02-03 21:22:27 --> [DEPRECATED] Creation of dynamic property App\Controllers\Admin\Category::$session is deprecated in APPPATH/Controllers/Admin/BaseController.php on line 56.
 1 SYSTEMPATH/CodeIgniter.php(904): App\Controllers\Admin\BaseController->initController(Object(CodeIgniter\HTTP\IncomingRequest), Object(CodeIgniter\HTTP\Response), Object(CodeIgniter\Log\Logger))
 2 SYSTEMPATH/CodeIgniter.php(500): CodeIgniter\CodeIgniter->createController()
 3 SYSTEMPATH/CodeIgniter.php(355): CodeIgniter\CodeIgniter->handleRequest(null, Object(Config\Cache), false)
 4 SYSTEMPATH/Boot.php(325): CodeIgniter\CodeIgniter->run()
 5 SYSTEMPATH/Boot.php(67): CodeIgniter\Boot::runCodeIgniter(Object(CodeIgniter\CodeIgniter))
 6 FCPATH/index.php(56): CodeIgniter\Boot::bootWeb(Object(Config\Paths))
INFO - 2025-02-03 21:22:27 --> Session: Class initialized using 'CodeIgniter\Session\Handlers\FileHandler' driver.
WARNING - 2025-02-03 21:22:27 --> [DEPRECATED] Creation of dynamic property App\Controllers\Admin\Course::$session is deprecated in APPPATH/Controllers/Admin/BaseController.php on line 56.
 1 SYSTEMPATH/CodeIgniter.php(904): App\Controllers\Admin\BaseController->initController(Object(CodeIgniter\HTTP\IncomingRequest), Object(CodeIgniter\HTTP\Response), Object(CodeIgniter\Log\Logger))
 2 SYSTEMPATH/CodeIgniter.php(500): CodeIgniter\CodeIgniter->createController()
 3 SYSTEMPATH/CodeIgniter.php(355): CodeIgniter\CodeIgniter->handleRequest(null, Object(Config\Cache), false)
 4 SYSTEMPATH/Boot.php(325): CodeIgniter\CodeIgniter->run()
 5 SYSTEMPATH/Boot.php(67): CodeIgniter\Boot::runCodeIgniter(Object(CodeIgniter\CodeIgniter))
 6 FCPATH/index.php(56): CodeIgniter\Boot::bootWeb(Object(Config\Paths))
INFO - 2025-02-03 21:22:41 --> Session: Class initialized using 'CodeIgniter\Session\Handlers\FileHandler' driver.
INFO - 2025-02-03 21:22:45 --> Session: Class initialized using 'CodeIgniter\Session\Handlers\FileHandler' driver.
INFO - 2025-02-03 21:22:46 --> Session: Class initialized using 'CodeIgniter\Session\Handlers\FileHandler' driver.
INFO - 2025-02-03 21:22:47 --> Session: Class initialized using 'CodeIgniter\Session\Handlers\FileHandler' driver.
INFO - 2025-02-03 21:22:54 --> Session: Class initialized using 'CodeIgniter\Session\Handlers\FileHandler' driver.
WARNING - 2025-02-03 21:22:54 --> [DEPRECATED] Creation of dynamic property App\Controllers\Admin\Course::$session is deprecated in APPPATH/Controllers/Admin/BaseController.php on line 56.
 1 SYSTEMPATH/CodeIgniter.php(904): App\Controllers\Admin\BaseController->initController(Object(CodeIgniter\HTTP\IncomingRequest), Object(CodeIgniter\HTTP\Response), Object(CodeIgniter\Log\Logger))
 2 SYSTEMPATH/CodeIgniter.php(500): CodeIgniter\CodeIgniter->createController()
 3 SYSTEMPATH/CodeIgniter.php(355): CodeIgniter\CodeIgniter->handleRequest(null, Object(Config\Cache), false)
 4 SYSTEMPATH/Boot.php(325): CodeIgniter\CodeIgniter->run()
 5 SYSTEMPATH/Boot.php(67): CodeIgniter\Boot::runCodeIgniter(Object(CodeIgniter\CodeIgniter))
 6 FCPATH/index.php(56): CodeIgniter\Boot::bootWeb(Object(Config\Paths))
INFO - 2025-02-03 21:22:54 --> Session: Class initialized using 'CodeIgniter\Session\Handlers\FileHandler' driver.
WARNING - 2025-02-03 21:22:54 --> [DEPRECATED] Creation of dynamic property App\Controllers\Admin\Category::$session is deprecated in APPPATH/Controllers/Admin/BaseController.php on line 56.
 1 SYSTEMPATH/CodeIgniter.php(904): App\Controllers\Admin\BaseController->initController(Object(CodeIgniter\HTTP\IncomingRequest), Object(CodeIgniter\HTTP\Response), Object(CodeIgniter\Log\Logger))
 2 SYSTEMPATH/CodeIgniter.php(500): CodeIgniter\CodeIgniter->createController()
 3 SYSTEMPATH/CodeIgniter.php(355): CodeIgniter\CodeIgniter->handleRequest(null, Object(Config\Cache), false)
 4 SYSTEMPATH/Boot.php(325): CodeIgniter\CodeIgniter->run()
 5 SYSTEMPATH/Boot.php(67): CodeIgniter\Boot::runCodeIgniter(Object(CodeIgniter\CodeIgniter))
 6 FCPATH/index.php(56): CodeIgniter\Boot::bootWeb(Object(Config\Paths))
INFO - 2025-02-03 21:22:55 --> Session: Class initialized using 'CodeIgniter\Session\Handlers\FileHandler' driver.
WARNING - 2025-02-03 21:22:55 --> [DEPRECATED] Creation of dynamic property App\Controllers\Admin\Course::$session is deprecated in APPPATH/Controllers/Admin/BaseController.php on line 56.
 1 SYSTEMPATH/CodeIgniter.php(904): App\Controllers\Admin\BaseController->initController(Object(CodeIgniter\HTTP\IncomingRequest), Object(CodeIgniter\HTTP\Response), Object(CodeIgniter\Log\Logger))
 2 SYSTEMPATH/CodeIgniter.php(500): CodeIgniter\CodeIgniter->createController()
 3 SYSTEMPATH/CodeIgniter.php(355): CodeIgniter\CodeIgniter->handleRequest(null, Object(Config\Cache), false)
 4 SYSTEMPATH/Boot.php(325): CodeIgniter\CodeIgniter->run()
 5 SYSTEMPATH/Boot.php(67): CodeIgniter\Boot::runCodeIgniter(Object(CodeIgniter\CodeIgniter))
 6 FCPATH/index.php(56): CodeIgniter\Boot::bootWeb(Object(Config\Paths))
INFO - 2025-02-03 21:22:59 --> Session: Class initialized using 'CodeIgniter\Session\Handlers\FileHandler' driver.
WARNING - 2025-02-03 21:22:59 --> [DEPRECATED] Creation of dynamic property App\Controllers\Admin\Course::$session is deprecated in APPPATH/Controllers/Admin/BaseController.php on line 56.
 1 SYSTEMPATH/CodeIgniter.php(904): App\Controllers\Admin\BaseController->initController(Object(CodeIgniter\HTTP\IncomingRequest), Object(CodeIgniter\HTTP\Response), Object(CodeIgniter\Log\Logger))
 2 SYSTEMPATH/CodeIgniter.php(500): CodeIgniter\CodeIgniter->createController()
 3 SYSTEMPATH/CodeIgniter.php(355): CodeIgniter\CodeIgniter->handleRequest(null, Object(Config\Cache), false)
 4 SYSTEMPATH/Boot.php(325): CodeIgniter\CodeIgniter->run()
 5 SYSTEMPATH/Boot.php(67): CodeIgniter\Boot::runCodeIgniter(Object(CodeIgniter\CodeIgniter))
 6 FCPATH/index.php(56): CodeIgniter\Boot::bootWeb(Object(Config\Paths))
INFO - 2025-02-03 21:22:59 --> Session: Class initialized using 'CodeIgniter\Session\Handlers\FileHandler' driver.
WARNING - 2025-02-03 21:22:59 --> [DEPRECATED] Creation of dynamic property App\Controllers\Admin\Course::$session is deprecated in APPPATH/Controllers/Admin/BaseController.php on line 56.
 1 SYSTEMPATH/CodeIgniter.php(904): App\Controllers\Admin\BaseController->initController(Object(CodeIgniter\HTTP\IncomingRequest), Object(CodeIgniter\HTTP\Response), Object(CodeIgniter\Log\Logger))
 2 SYSTEMPATH/CodeIgniter.php(500): CodeIgniter\CodeIgniter->createController()
 3 SYSTEMPATH/CodeIgniter.php(355): CodeIgniter\CodeIgniter->handleRequest(null, Object(Config\Cache), false)
 4 SYSTEMPATH/Boot.php(325): CodeIgniter\CodeIgniter->run()
 5 SYSTEMPATH/Boot.php(67): CodeIgniter\Boot::runCodeIgniter(Object(CodeIgniter\CodeIgniter))
 6 FCPATH/index.php(56): CodeIgniter\Boot::bootWeb(Object(Config\Paths))
INFO - 2025-02-03 21:23:01 --> Session: Class initialized using 'CodeIgniter\Session\Handlers\FileHandler' driver.
INFO - 2025-02-03 21:23:23 --> Session: Class initialized using 'CodeIgniter\Session\Handlers\FileHandler' driver.
WARNING - 2025-02-03 21:23:23 --> [DEPRECATED] Creation of dynamic property App\Controllers\User\User::$data is deprecated in APPPATH/Controllers/User/BaseController.php on line 58.
 1 SYSTEMPATH/CodeIgniter.php(904): App\Controllers\User\BaseController->initController(Object(CodeIgniter\HTTP\IncomingRequest), Object(CodeIgniter\HTTP\Response), Object(CodeIgniter\Log\Logger))
 2 SYSTEMPATH/CodeIgniter.php(500): CodeIgniter\CodeIgniter->createController()
 3 SYSTEMPATH/CodeIgniter.php(355): CodeIgniter\CodeIgniter->handleRequest(null, Object(Config\Cache), false)
 4 SYSTEMPATH/Boot.php(325): CodeIgniter\CodeIgniter->run()
 5 SYSTEMPATH/Boot.php(67): CodeIgniter\Boot::runCodeIgniter(Object(CodeIgniter\CodeIgniter))
 6 FCPATH/index.php(56): CodeIgniter\Boot::bootWeb(Object(Config\Paths))
INFO - 2025-02-03 21:23:26 --> Session: Class initialized using 'CodeIgniter\Session\Handlers\FileHandler' driver.
INFO - 2025-02-03 21:23:31 --> Session: Class initialized using 'CodeIgniter\Session\Handlers\FileHandler' driver.
INFO - 2025-02-03 21:23:49 --> Session: Class initialized using 'CodeIgniter\Session\Handlers\FileHandler' driver.
INFO - 2025-02-03 21:23:51 --> Session: Class initialized using 'CodeIgniter\Session\Handlers\FileHandler' driver.
INFO - 2025-02-03 21:23:54 --> Session: Class initialized using 'CodeIgniter\Session\Handlers\FileHandler' driver.
WARNING - 2025-02-03 21:23:54 --> [DEPRECATED] Creation of dynamic property App\Controllers\Admin\Category::$session is deprecated in APPPATH/Controllers/Admin/BaseController.php on line 56.
 1 SYSTEMPATH/CodeIgniter.php(904): App\Controllers\Admin\BaseController->initController(Object(CodeIgniter\HTTP\IncomingRequest), Object(CodeIgniter\HTTP\Response), Object(CodeIgniter\Log\Logger))
 2 SYSTEMPATH/CodeIgniter.php(500): CodeIgniter\CodeIgniter->createController()
 3 SYSTEMPATH/CodeIgniter.php(355): CodeIgniter\CodeIgniter->handleRequest(null, Object(Config\Cache), false)
 4 SYSTEMPATH/Boot.php(325): CodeIgniter\CodeIgniter->run()
 5 SYSTEMPATH/Boot.php(67): CodeIgniter\Boot::runCodeIgniter(Object(CodeIgniter\CodeIgniter))
 6 FCPATH/index.php(56): CodeIgniter\Boot::bootWeb(Object(Config\Paths))
INFO - 2025-02-03 21:23:56 --> Session: Class initialized using 'CodeIgniter\Session\Handlers\FileHandler' driver.
WARNING - 2025-02-03 21:23:56 --> [DEPRECATED] Creation of dynamic property App\Controllers\Admin\Category::$session is deprecated in APPPATH/Controllers/Admin/BaseController.php on line 56.
 1 SYSTEMPATH/CodeIgniter.php(904): App\Controllers\Admin\BaseController->initController(Object(CodeIgniter\HTTP\IncomingRequest), Object(CodeIgniter\HTTP\Response), Object(CodeIgniter\Log\Logger))
 2 SYSTEMPATH/CodeIgniter.php(500): CodeIgniter\CodeIgniter->createController()
 3 SYSTEMPATH/CodeIgniter.php(355): CodeIgniter\CodeIgniter->handleRequest(null, Object(Config\Cache), false)
 4 SYSTEMPATH/Boot.php(325): CodeIgniter\CodeIgniter->run()
 5 SYSTEMPATH/Boot.php(67): CodeIgniter\Boot::runCodeIgniter(Object(CodeIgniter\CodeIgniter))
 6 FCPATH/index.php(56): CodeIgniter\Boot::bootWeb(Object(Config\Paths))
INFO - 2025-02-03 21:24:00 --> Session: Class initialized using 'CodeIgniter\Session\Handlers\FileHandler' driver.
WARNING - 2025-02-03 21:24:00 --> [DEPRECATED] Creation of dynamic property App\Controllers\Admin\Course::$session is deprecated in APPPATH/Controllers/Admin/BaseController.php on line 56.
 1 SYSTEMPATH/CodeIgniter.php(904): App\Controllers\Admin\BaseController->initController(Object(CodeIgniter\HTTP\IncomingRequest), Object(CodeIgniter\HTTP\Response), Object(CodeIgniter\Log\Logger))
 2 SYSTEMPATH/CodeIgniter.php(500): CodeIgniter\CodeIgniter->createController()
 3 SYSTEMPATH/CodeIgniter.php(355): CodeIgniter\CodeIgniter->handleRequest(null, Object(Config\Cache), false)
 4 SYSTEMPATH/Boot.php(325): CodeIgniter\CodeIgniter->run()
 5 SYSTEMPATH/Boot.php(67): CodeIgniter\Boot::runCodeIgniter(Object(CodeIgniter\CodeIgniter))
 6 FCPATH/index.php(56): CodeIgniter\Boot::bootWeb(Object(Config\Paths))
INFO - 2025-02-03 21:24:00 --> Session: Class initialized using 'CodeIgniter\Session\Handlers\FileHandler' driver.
WARNING - 2025-02-03 21:24:00 --> [DEPRECATED] Creation of dynamic property App\Controllers\Admin\Category::$session is deprecated in APPPATH/Controllers/Admin/BaseController.php on line 56.
 1 SYSTEMPATH/CodeIgniter.php(904): App\Controllers\Admin\BaseController->initController(Object(CodeIgniter\HTTP\IncomingRequest), Object(CodeIgniter\HTTP\Response), Object(CodeIgniter\Log\Logger))
 2 SYSTEMPATH/CodeIgniter.php(500): CodeIgniter\CodeIgniter->createController()
 3 SYSTEMPATH/CodeIgniter.php(355): CodeIgniter\CodeIgniter->handleRequest(null, Object(Config\Cache), false)
 4 SYSTEMPATH/Boot.php(325): CodeIgniter\CodeIgniter->run()
 5 SYSTEMPATH/Boot.php(67): CodeIgniter\Boot::runCodeIgniter(Object(CodeIgniter\CodeIgniter))
 6 FCPATH/index.php(56): CodeIgniter\Boot::bootWeb(Object(Config\Paths))
INFO - 2025-02-03 21:24:01 --> Session: Class initialized using 'CodeIgniter\Session\Handlers\FileHandler' driver.
WARNING - 2025-02-03 21:24:01 --> [DEPRECATED] Creation of dynamic property App\Controllers\Admin\Course::$session is deprecated in APPPATH/Controllers/Admin/BaseController.php on line 56.
 1 SYSTEMPATH/CodeIgniter.php(904): App\Controllers\Admin\BaseController->initController(Object(CodeIgniter\HTTP\IncomingRequest), Object(CodeIgniter\HTTP\Response), Object(CodeIgniter\Log\Logger))
 2 SYSTEMPATH/CodeIgniter.php(500): CodeIgniter\CodeIgniter->createController()
 3 SYSTEMPATH/CodeIgniter.php(355): CodeIgniter\CodeIgniter->handleRequest(null, Object(Config\Cache), false)
 4 SYSTEMPATH/Boot.php(325): CodeIgniter\CodeIgniter->run()
 5 SYSTEMPATH/Boot.php(67): CodeIgniter\Boot::runCodeIgniter(Object(CodeIgniter\CodeIgniter))
 6 FCPATH/index.php(56): CodeIgniter\Boot::bootWeb(Object(Config\Paths))
INFO - 2025-02-03 21:24:05 --> Session: Class initialized using 'CodeIgniter\Session\Handlers\FileHandler' driver.
WARNING - 2025-02-03 21:24:05 --> [DEPRECATED] Creation of dynamic property App\Controllers\Admin\Course::$session is deprecated in APPPATH/Controllers/Admin/BaseController.php on line 56.
 1 SYSTEMPATH/CodeIgniter.php(904): App\Controllers\Admin\BaseController->initController(Object(CodeIgniter\HTTP\IncomingRequest), Object(CodeIgniter\HTTP\Response), Object(CodeIgniter\Log\Logger))
 2 SYSTEMPATH/CodeIgniter.php(500): CodeIgniter\CodeIgniter->createController()
 3 SYSTEMPATH/CodeIgniter.php(355): CodeIgniter\CodeIgniter->handleRequest(null, Object(Config\Cache), false)
 4 SYSTEMPATH/Boot.php(325): CodeIgniter\CodeIgniter->run()
 5 SYSTEMPATH/Boot.php(67): CodeIgniter\Boot::runCodeIgniter(Object(CodeIgniter\CodeIgniter))
 6 FCPATH/index.php(56): CodeIgniter\Boot::bootWeb(Object(Config\Paths))
INFO - 2025-02-03 21:24:06 --> Session: Class initialized using 'CodeIgniter\Session\Handlers\FileHandler' driver.
WARNING - 2025-02-03 21:24:06 --> [DEPRECATED] Creation of dynamic property App\Controllers\Admin\Category::$session is deprecated in APPPATH/Controllers/Admin/BaseController.php on line 56.
 1 SYSTEMPATH/CodeIgniter.php(904): App\Controllers\Admin\BaseController->initController(Object(CodeIgniter\HTTP\IncomingRequest), Object(CodeIgniter\HTTP\Response), Object(CodeIgniter\Log\Logger))
 2 SYSTEMPATH/CodeIgniter.php(500): CodeIgniter\CodeIgniter->createController()
 3 SYSTEMPATH/CodeIgniter.php(355): CodeIgniter\CodeIgniter->handleRequest(null, Object(Config\Cache), false)
 4 SYSTEMPATH/Boot.php(325): CodeIgniter\CodeIgniter->run()
 5 SYSTEMPATH/Boot.php(67): CodeIgniter\Boot::runCodeIgniter(Object(CodeIgniter\CodeIgniter))
 6 FCPATH/index.php(56): CodeIgniter\Boot::bootWeb(Object(Config\Paths))
INFO - 2025-02-03 21:24:08 --> Session: Class initialized using 'CodeIgniter\Session\Handlers\FileHandler' driver.
WARNING - 2025-02-03 21:24:08 --> [DEPRECATED] Creation of dynamic property App\Controllers\Admin\Course::$session is deprecated in APPPATH/Controllers/Admin/BaseController.php on line 56.
 1 SYSTEMPATH/CodeIgniter.php(904): App\Controllers\Admin\BaseController->initController(Object(CodeIgniter\HTTP\IncomingRequest), Object(CodeIgniter\HTTP\Response), Object(CodeIgniter\Log\Logger))
 2 SYSTEMPATH/CodeIgniter.php(500): CodeIgniter\CodeIgniter->createController()
 3 SYSTEMPATH/CodeIgniter.php(355): CodeIgniter\CodeIgniter->handleRequest(null, Object(Config\Cache), false)
 4 SYSTEMPATH/Boot.php(325): CodeIgniter\CodeIgniter->run()
 5 SYSTEMPATH/Boot.php(67): CodeIgniter\Boot::runCodeIgniter(Object(CodeIgniter\CodeIgniter))
 6 FCPATH/index.php(56): CodeIgniter\Boot::bootWeb(Object(Config\Paths))
INFO - 2025-02-03 21:24:21 --> Session: Class initialized using 'CodeIgniter\Session\Handlers\FileHandler' driver.
WARNING - 2025-02-03 21:24:21 --> [DEPRECATED] Creation of dynamic property App\Controllers\Admin\Download::$session is deprecated in APPPATH/Controllers/Admin/BaseController.php on line 56.
 1 SYSTEMPATH/CodeIgniter.php(904): App\Controllers\Admin\BaseController->initController(Object(CodeIgniter\HTTP\IncomingRequest), Object(CodeIgniter\HTTP\Response), Object(CodeIgniter\Log\Logger))
 2 SYSTEMPATH/CodeIgniter.php(500): CodeIgniter\CodeIgniter->createController()
 3 SYSTEMPATH/CodeIgniter.php(355): CodeIgniter\CodeIgniter->handleRequest(null, Object(Config\Cache), false)
 4 SYSTEMPATH/Boot.php(325): CodeIgniter\CodeIgniter->run()
 5 SYSTEMPATH/Boot.php(67): CodeIgniter\Boot::runCodeIgniter(Object(CodeIgniter\CodeIgniter))
 6 FCPATH/index.php(56): CodeIgniter\Boot::bootWeb(Object(Config\Paths))
INFO - 2025-02-03 21:24:21 --> Session: Class initialized using 'CodeIgniter\Session\Handlers\FileHandler' driver.
WARNING - 2025-02-03 21:24:21 --> [DEPRECATED] Creation of dynamic property App\Controllers\Admin\Category::$session is deprecated in APPPATH/Controllers/Admin/BaseController.php on line 56.
 1 SYSTEMPATH/CodeIgniter.php(904): App\Controllers\Admin\BaseController->initController(Object(CodeIgniter\HTTP\IncomingRequest), Object(CodeIgniter\HTTP\Response), Object(CodeIgniter\Log\Logger))
 2 SYSTEMPATH/CodeIgniter.php(500): CodeIgniter\CodeIgniter->createController()
 3 SYSTEMPATH/CodeIgniter.php(355): CodeIgniter\CodeIgniter->handleRequest(null, Object(Config\Cache), false)
 4 SYSTEMPATH/Boot.php(325): CodeIgniter\CodeIgniter->run()
 5 SYSTEMPATH/Boot.php(67): CodeIgniter\Boot::runCodeIgniter(Object(CodeIgniter\CodeIgniter))
 6 FCPATH/index.php(56): CodeIgniter\Boot::bootWeb(Object(Config\Paths))
INFO - 2025-02-03 21:24:24 --> Session: Class initialized using 'CodeIgniter\Session\Handlers\FileHandler' driver.
WARNING - 2025-02-03 21:24:24 --> [DEPRECATED] Creation of dynamic property App\Controllers\Admin\Course::$session is deprecated in APPPATH/Controllers/Admin/BaseController.php on line 56.
 1 SYSTEMPATH/CodeIgniter.php(904): App\Controllers\Admin\BaseController->initController(Object(CodeIgniter\HTTP\IncomingRequest), Object(CodeIgniter\HTTP\Response), Object(CodeIgniter\Log\Logger))
 2 SYSTEMPATH/CodeIgniter.php(500): CodeIgniter\CodeIgniter->createController()
 3 SYSTEMPATH/CodeIgniter.php(355): CodeIgniter\CodeIgniter->handleRequest(null, Object(Config\Cache), false)
 4 SYSTEMPATH/Boot.php(325): CodeIgniter\CodeIgniter->run()
 5 SYSTEMPATH/Boot.php(67): CodeIgniter\Boot::runCodeIgniter(Object(CodeIgniter\CodeIgniter))
 6 FCPATH/index.php(56): CodeIgniter\Boot::bootWeb(Object(Config\Paths))
INFO - 2025-02-03 21:24:25 --> Session: Class initialized using 'CodeIgniter\Session\Handlers\FileHandler' driver.
WARNING - 2025-02-03 21:24:25 --> [DEPRECATED] Creation of dynamic property App\Controllers\Admin\Category::$session is deprecated in APPPATH/Controllers/Admin/BaseController.php on line 56.
 1 SYSTEMPATH/CodeIgniter.php(904): App\Controllers\Admin\BaseController->initController(Object(CodeIgniter\HTTP\IncomingRequest), Object(CodeIgniter\HTTP\Response), Object(CodeIgniter\Log\Logger))
 2 SYSTEMPATH/CodeIgniter.php(500): CodeIgniter\CodeIgniter->createController()
 3 SYSTEMPATH/CodeIgniter.php(355): CodeIgniter\CodeIgniter->handleRequest(null, Object(Config\Cache), false)
 4 SYSTEMPATH/Boot.php(325): CodeIgniter\CodeIgniter->run()
 5 SYSTEMPATH/Boot.php(67): CodeIgniter\Boot::runCodeIgniter(Object(CodeIgniter\CodeIgniter))
 6 FCPATH/index.php(56): CodeIgniter\Boot::bootWeb(Object(Config\Paths))
INFO - 2025-02-03 21:24:29 --> Session: Class initialized using 'CodeIgniter\Session\Handlers\FileHandler' driver.
WARNING - 2025-02-03 21:24:29 --> [DEPRECATED] Creation of dynamic property App\Controllers\Admin\User::$session is deprecated in APPPATH/Controllers/Admin/BaseController.php on line 56.
 1 SYSTEMPATH/CodeIgniter.php(904): App\Controllers\Admin\BaseController->initController(Object(CodeIgniter\HTTP\IncomingRequest), Object(CodeIgniter\HTTP\Response), Object(CodeIgniter\Log\Logger))
 2 SYSTEMPATH/CodeIgniter.php(500): CodeIgniter\CodeIgniter->createController()
 3 SYSTEMPATH/CodeIgniter.php(355): CodeIgniter\CodeIgniter->handleRequest(null, Object(Config\Cache), false)
 4 SYSTEMPATH/Boot.php(325): CodeIgniter\CodeIgniter->run()
 5 SYSTEMPATH/Boot.php(67): CodeIgniter\Boot::runCodeIgniter(Object(CodeIgniter\CodeIgniter))
 6 FCPATH/index.php(56): CodeIgniter\Boot::bootWeb(Object(Config\Paths))
INFO - 2025-02-03 21:24:30 --> Session: Class initialized using 'CodeIgniter\Session\Handlers\FileHandler' driver.
WARNING - 2025-02-03 21:24:30 --> [DEPRECATED] Creation of dynamic property App\Controllers\Admin\User::$session is deprecated in APPPATH/Controllers/Admin/BaseController.php on line 56.
 1 SYSTEMPATH/CodeIgniter.php(904): App\Controllers\Admin\BaseController->initController(Object(CodeIgniter\HTTP\IncomingRequest), Object(CodeIgniter\HTTP\Response), Object(CodeIgniter\Log\Logger))
 2 SYSTEMPATH/CodeIgniter.php(500): CodeIgniter\CodeIgniter->createController()
 3 SYSTEMPATH/CodeIgniter.php(355): CodeIgniter\CodeIgniter->handleRequest(null, Object(Config\Cache), false)
 4 SYSTEMPATH/Boot.php(325): CodeIgniter\CodeIgniter->run()
 5 SYSTEMPATH/Boot.php(67): CodeIgniter\Boot::runCodeIgniter(Object(CodeIgniter\CodeIgniter))
 6 FCPATH/index.php(56): CodeIgniter\Boot::bootWeb(Object(Config\Paths))
INFO - 2025-02-03 21:24:37 --> Session: Class initialized using 'CodeIgniter\Session\Handlers\FileHandler' driver.
WARNING - 2025-02-03 21:24:37 --> [DEPRECATED] Creation of dynamic property App\Controllers\Admin\Course::$session is deprecated in APPPATH/Controllers/Admin/BaseController.php on line 56.
 1 SYSTEMPATH/CodeIgniter.php(904): App\Controllers\Admin\BaseController->initController(Object(CodeIgniter\HTTP\IncomingRequest), Object(CodeIgniter\HTTP\Response), Object(CodeIgniter\Log\Logger))
 2 SYSTEMPATH/CodeIgniter.php(500): CodeIgniter\CodeIgniter->createController()
 3 SYSTEMPATH/CodeIgniter.php(355): CodeIgniter\CodeIgniter->handleRequest(null, Object(Config\Cache), false)
 4 SYSTEMPATH/Boot.php(325): CodeIgniter\CodeIgniter->run()
 5 SYSTEMPATH/Boot.php(67): CodeIgniter\Boot::runCodeIgniter(Object(CodeIgniter\CodeIgniter))
 6 FCPATH/index.php(56): CodeIgniter\Boot::bootWeb(Object(Config\Paths))
INFO - 2025-02-03 21:24:37 --> Session: Class initialized using 'CodeIgniter\Session\Handlers\FileHandler' driver.
WARNING - 2025-02-03 21:24:37 --> [DEPRECATED] Creation of dynamic property App\Controllers\Admin\Category::$session is deprecated in APPPATH/Controllers/Admin/BaseController.php on line 56.
 1 SYSTEMPATH/CodeIgniter.php(904): App\Controllers\Admin\BaseController->initController(Object(CodeIgniter\HTTP\IncomingRequest), Object(CodeIgniter\HTTP\Response), Object(CodeIgniter\Log\Logger))
 2 SYSTEMPATH/CodeIgniter.php(500): CodeIgniter\CodeIgniter->createController()
 3 SYSTEMPATH/CodeIgniter.php(355): CodeIgniter\CodeIgniter->handleRequest(null, Object(Config\Cache), false)
 4 SYSTEMPATH/Boot.php(325): CodeIgniter\CodeIgniter->run()
 5 SYSTEMPATH/Boot.php(67): CodeIgniter\Boot::runCodeIgniter(Object(CodeIgniter\CodeIgniter))
 6 FCPATH/index.php(56): CodeIgniter\Boot::bootWeb(Object(Config\Paths))
INFO - 2025-02-03 22:08:59 --> Session: Class initialized using 'CodeIgniter\Session\Handlers\FileHandler' driver.
INFO - 2025-02-03 22:09:38 --> Session: Class initialized using 'CodeIgniter\Session\Handlers\FileHandler' driver.
INFO - 2025-02-03 22:09:42 --> Session: Class initialized using 'CodeIgniter\Session\Handlers\FileHandler' driver.
INFO - 2025-02-03 22:10:10 --> Session: Class initialized using 'CodeIgniter\Session\Handlers\FileHandler' driver.
INFO - 2025-02-03 22:10:14 --> Session: Class initialized using 'CodeIgniter\Session\Handlers\FileHandler' driver.
WARNING - 2025-02-03 22:10:14 --> [DEPRECATED] Creation of dynamic property App\Controllers\Admin\Category::$session is deprecated in APPPATH/Controllers/Admin/BaseController.php on line 56.
 1 SYSTEMPATH/CodeIgniter.php(904): App\Controllers\Admin\BaseController->initController(Object(CodeIgniter\HTTP\IncomingRequest), Object(CodeIgniter\HTTP\Response), Object(CodeIgniter\Log\Logger))
 2 SYSTEMPATH/CodeIgniter.php(500): CodeIgniter\CodeIgniter->createController()
 3 SYSTEMPATH/CodeIgniter.php(355): CodeIgniter\CodeIgniter->handleRequest(null, Object(Config\Cache), false)
 4 SYSTEMPATH/Boot.php(325): CodeIgniter\CodeIgniter->run()
 5 SYSTEMPATH/Boot.php(67): CodeIgniter\Boot::runCodeIgniter(Object(CodeIgniter\CodeIgniter))
 6 FCPATH/index.php(56): CodeIgniter\Boot::bootWeb(Object(Config\Paths))
INFO - 2025-02-03 22:10:15 --> Session: Class initialized using 'CodeIgniter\Session\Handlers\FileHandler' driver.
WARNING - 2025-02-03 22:10:15 --> [DEPRECATED] Creation of dynamic property App\Controllers\Admin\Category::$session is deprecated in APPPATH/Controllers/Admin/BaseController.php on line 56.
 1 SYSTEMPATH/CodeIgniter.php(904): App\Controllers\Admin\BaseController->initController(Object(CodeIgniter\HTTP\IncomingRequest), Object(CodeIgniter\HTTP\Response), Object(CodeIgniter\Log\Logger))
 2 SYSTEMPATH/CodeIgniter.php(500): CodeIgniter\CodeIgniter->createController()
 3 SYSTEMPATH/CodeIgniter.php(355): CodeIgniter\CodeIgniter->handleRequest(null, Object(Config\Cache), false)
 4 SYSTEMPATH/Boot.php(325): CodeIgniter\CodeIgniter->run()
 5 SYSTEMPATH/Boot.php(67): CodeIgniter\Boot::runCodeIgniter(Object(CodeIgniter\CodeIgniter))
 6 FCPATH/index.php(56): CodeIgniter\Boot::bootWeb(Object(Config\Paths))
INFO - 2025-02-03 22:10:24 --> Session: Class initialized using 'CodeIgniter\Session\Handlers\FileHandler' driver.
WARNING - 2025-02-03 22:10:24 --> [DEPRECATED] Creation of dynamic property App\Controllers\Admin\Course::$session is deprecated in APPPATH/Controllers/Admin/BaseController.php on line 56.
 1 SYSTEMPATH/CodeIgniter.php(904): App\Controllers\Admin\BaseController->initController(Object(CodeIgniter\HTTP\IncomingRequest), Object(CodeIgniter\HTTP\Response), Object(CodeIgniter\Log\Logger))
 2 SYSTEMPATH/CodeIgniter.php(500): CodeIgniter\CodeIgniter->createController()
 3 SYSTEMPATH/CodeIgniter.php(355): CodeIgniter\CodeIgniter->handleRequest(null, Object(Config\Cache), false)
 4 SYSTEMPATH/Boot.php(325): CodeIgniter\CodeIgniter->run()
 5 SYSTEMPATH/Boot.php(67): CodeIgniter\Boot::runCodeIgniter(Object(CodeIgniter\CodeIgniter))
 6 FCPATH/index.php(56): CodeIgniter\Boot::bootWeb(Object(Config\Paths))
INFO - 2025-02-03 22:10:24 --> Session: Class initialized using 'CodeIgniter\Session\Handlers\FileHandler' driver.
WARNING - 2025-02-03 22:10:24 --> [DEPRECATED] Creation of dynamic property App\Controllers\Admin\Category::$session is deprecated in APPPATH/Controllers/Admin/BaseController.php on line 56.
 1 SYSTEMPATH/CodeIgniter.php(904): App\Controllers\Admin\BaseController->initController(Object(CodeIgniter\HTTP\IncomingRequest), Object(CodeIgniter\HTTP\Response), Object(CodeIgniter\Log\Logger))
 2 SYSTEMPATH/CodeIgniter.php(500): CodeIgniter\CodeIgniter->createController()
 3 SYSTEMPATH/CodeIgniter.php(355): CodeIgniter\CodeIgniter->handleRequest(null, Object(Config\Cache), false)
 4 SYSTEMPATH/Boot.php(325): CodeIgniter\CodeIgniter->run()
 5 SYSTEMPATH/Boot.php(67): CodeIgniter\Boot::runCodeIgniter(Object(CodeIgniter\CodeIgniter))
 6 FCPATH/index.php(56): CodeIgniter\Boot::bootWeb(Object(Config\Paths))
INFO - 2025-02-03 22:10:25 --> Session: Class initialized using 'CodeIgniter\Session\Handlers\FileHandler' driver.
WARNING - 2025-02-03 22:10:25 --> [DEPRECATED] Creation of dynamic property App\Controllers\Admin\Course::$session is deprecated in APPPATH/Controllers/Admin/BaseController.php on line 56.
 1 SYSTEMPATH/CodeIgniter.php(904): App\Controllers\Admin\BaseController->initController(Object(CodeIgniter\HTTP\IncomingRequest), Object(CodeIgniter\HTTP\Response), Object(CodeIgniter\Log\Logger))
 2 SYSTEMPATH/CodeIgniter.php(500): CodeIgniter\CodeIgniter->createController()
 3 SYSTEMPATH/CodeIgniter.php(355): CodeIgniter\CodeIgniter->handleRequest(null, Object(Config\Cache), false)
 4 SYSTEMPATH/Boot.php(325): CodeIgniter\CodeIgniter->run()
 5 SYSTEMPATH/Boot.php(67): CodeIgniter\Boot::runCodeIgniter(Object(CodeIgniter\CodeIgniter))
 6 FCPATH/index.php(56): CodeIgniter\Boot::bootWeb(Object(Config\Paths))
INFO - 2025-02-03 22:10:31 --> Session: Class initialized using 'CodeIgniter\Session\Handlers\FileHandler' driver.
WARNING - 2025-02-03 22:10:31 --> [DEPRECATED] Creation of dynamic property App\Controllers\Admin\Course::$session is deprecated in APPPATH/Controllers/Admin/BaseController.php on line 56.
 1 SYSTEMPATH/CodeIgniter.php(904): App\Controllers\Admin\BaseController->initController(Object(CodeIgniter\HTTP\IncomingRequest), Object(CodeIgniter\HTTP\Response), Object(CodeIgniter\Log\Logger))
 2 SYSTEMPATH/CodeIgniter.php(500): CodeIgniter\CodeIgniter->createController()
 3 SYSTEMPATH/CodeIgniter.php(355): CodeIgniter\CodeIgniter->handleRequest(null, Object(Config\Cache), false)
 4 SYSTEMPATH/Boot.php(325): CodeIgniter\CodeIgniter->run()
 5 SYSTEMPATH/Boot.php(67): CodeIgniter\Boot::runCodeIgniter(Object(CodeIgniter\CodeIgniter))
 6 FCPATH/index.php(56): CodeIgniter\Boot::bootWeb(Object(Config\Paths))
INFO - 2025-02-03 22:10:31 --> Session: Class initialized using 'CodeIgniter\Session\Handlers\FileHandler' driver.
WARNING - 2025-02-03 22:10:31 --> [DEPRECATED] Creation of dynamic property App\Controllers\Admin\Category::$session is deprecated in APPPATH/Controllers/Admin/BaseController.php on line 56.
 1 SYSTEMPATH/CodeIgniter.php(904): App\Controllers\Admin\BaseController->initController(Object(CodeIgniter\HTTP\IncomingRequest), Object(CodeIgniter\HTTP\Response), Object(CodeIgniter\Log\Logger))
 2 SYSTEMPATH/CodeIgniter.php(500): CodeIgniter\CodeIgniter->createController()
 3 SYSTEMPATH/CodeIgniter.php(355): CodeIgniter\CodeIgniter->handleRequest(null, Object(Config\Cache), false)
 4 SYSTEMPATH/Boot.php(325): CodeIgniter\CodeIgniter->run()
 5 SYSTEMPATH/Boot.php(67): CodeIgniter\Boot::runCodeIgniter(Object(CodeIgniter\CodeIgniter))
 6 FCPATH/index.php(56): CodeIgniter\Boot::bootWeb(Object(Config\Paths))
INFO - 2025-02-03 22:10:37 --> Session: Class initialized using 'CodeIgniter\Session\Handlers\FileHandler' driver.
WARNING - 2025-02-03 22:10:37 --> [DEPRECATED] Creation of dynamic property App\Controllers\Admin\Course::$session is deprecated in APPPATH/Controllers/Admin/BaseController.php on line 56.
 1 SYSTEMPATH/CodeIgniter.php(904): App\Controllers\Admin\BaseController->initController(Object(CodeIgniter\HTTP\IncomingRequest), Object(CodeIgniter\HTTP\Response), Object(CodeIgniter\Log\Logger))
 2 SYSTEMPATH/CodeIgniter.php(500): CodeIgniter\CodeIgniter->createController()
 3 SYSTEMPATH/CodeIgniter.php(355): CodeIgniter\CodeIgniter->handleRequest(null, Object(Config\Cache), false)
 4 SYSTEMPATH/Boot.php(325): CodeIgniter\CodeIgniter->run()
 5 SYSTEMPATH/Boot.php(67): CodeIgniter\Boot::runCodeIgniter(Object(CodeIgniter\CodeIgniter))
 6 FCPATH/index.php(56): CodeIgniter\Boot::bootWeb(Object(Config\Paths))
INFO - 2025-02-03 22:10:48 --> Session: Class initialized using 'CodeIgniter\Session\Handlers\FileHandler' driver.
WARNING - 2025-02-03 22:10:48 --> [DEPRECATED] Creation of dynamic property App\Controllers\Admin\Category::$session is deprecated in APPPATH/Controllers/Admin/BaseController.php on line 56.
 1 SYSTEMPATH/CodeIgniter.php(904): App\Controllers\Admin\BaseController->initController(Object(CodeIgniter\HTTP\IncomingRequest), Object(CodeIgniter\HTTP\Response), Object(CodeIgniter\Log\Logger))
 2 SYSTEMPATH/CodeIgniter.php(500): CodeIgniter\CodeIgniter->createController()
 3 SYSTEMPATH/CodeIgniter.php(355): CodeIgniter\CodeIgniter->handleRequest(null, Object(Config\Cache), false)
 4 SYSTEMPATH/Boot.php(325): CodeIgniter\CodeIgniter->run()
 5 SYSTEMPATH/Boot.php(67): CodeIgniter\Boot::runCodeIgniter(Object(CodeIgniter\CodeIgniter))
 6 FCPATH/index.php(56): CodeIgniter\Boot::bootWeb(Object(Config\Paths))
INFO - 2025-02-03 22:10:50 --> Session: Class initialized using 'CodeIgniter\Session\Handlers\FileHandler' driver.
INFO - 2025-02-03 22:11:01 --> Session: Class initialized using 'CodeIgniter\Session\Handlers\FileHandler' driver.
INFO - 2025-02-03 22:11:05 --> Session: Class initialized using 'CodeIgniter\Session\Handlers\FileHandler' driver.
INFO - 2025-02-03 22:47:37 --> Session: Class initialized using 'CodeIgniter\Session\Handlers\FileHandler' driver.
INFO - 2025-02-03 22:47:42 --> Session: Class initialized using 'CodeIgniter\Session\Handlers\FileHandler' driver.
INFO - 2025-02-03 22:47:54 --> Session: Class initialized using 'CodeIgniter\Session\Handlers\FileHandler' driver.
