INFO - 2025-02-07 08:29:14 --> Session: Class initialized using 'CodeIgniter\Session\Handlers\FileHandler' driver.
INFO - 2025-02-07 08:29:16 --> Session: Class initialized using 'CodeIgniter\Session\Handlers\FileHandler' driver.
INFO - 2025-02-07 08:29:20 --> Session: Class initialized using 'CodeIgniter\Session\Handlers\FileHandler' driver.
INFO - 2025-02-07 08:29:24 --> Session: Class initialized using 'CodeIgniter\Session\Handlers\FileHandler' driver.
INFO - 2025-02-07 08:29:27 --> Session: Class initialized using 'CodeIgniter\Session\Handlers\FileHandler' driver.
INFO - 2025-02-07 08:29:27 --> Session: Class initialized using 'CodeIgniter\Session\Handlers\FileHandler' driver.
WARNING - 2025-02-07 08:29:27 --> [DEPRECATED] Creation of dynamic property App\Controllers\User\User::$data is deprecated in APPPATH/Controllers/User/BaseController.php on line 58.
 1 SYSTEMPATH/CodeIgniter.php(904): App\Controllers\User\BaseController->initController(Object(CodeIgniter\HTTP\IncomingRequest), Object(CodeIgniter\HTTP\Response), Object(CodeIgniter\Log\Logger))
 2 SYSTEMPATH/CodeIgniter.php(500): CodeIgniter\CodeIgniter->createController()
 3 SYSTEMPATH/CodeIgniter.php(355): CodeIgniter\CodeIgniter->handleRequest(null, Object(Config\Cache), false)
 4 SYSTEMPATH/Boot.php(325): CodeIgniter\CodeIgniter->run()
 5 SYSTEMPATH/Boot.php(67): CodeIgniter\Boot::runCodeIgniter(Object(CodeIgniter\CodeIgniter))
 6 FCPATH/index.php(56): CodeIgniter\Boot::bootWeb(Object(Config\Paths))
INFO - 2025-02-07 08:29:35 --> Session: Class initialized using 'CodeIgniter\Session\Handlers\FileHandler' driver.
WARNING - 2025-02-07 08:29:35 --> [DEPRECATED] Creation of dynamic property App\Controllers\Admin\TemplateHtml::$session is deprecated in APPPATH/Controllers/Admin/BaseController.php on line 56.
 1 SYSTEMPATH/CodeIgniter.php(904): App\Controllers\Admin\BaseController->initController(Object(CodeIgniter\HTTP\IncomingRequest), Object(CodeIgniter\HTTP\Response), Object(CodeIgniter\Log\Logger))
 2 SYSTEMPATH/CodeIgniter.php(500): CodeIgniter\CodeIgniter->createController()
 3 SYSTEMPATH/CodeIgniter.php(355): CodeIgniter\CodeIgniter->handleRequest(null, Object(Config\Cache), false)
 4 SYSTEMPATH/Boot.php(325): CodeIgniter\CodeIgniter->run()
 5 SYSTEMPATH/Boot.php(67): CodeIgniter\Boot::runCodeIgniter(Object(CodeIgniter\CodeIgniter))
 6 FCPATH/index.php(56): CodeIgniter\Boot::bootWeb(Object(Config\Paths))
INFO - 2025-02-07 08:29:37 --> Session: Class initialized using 'CodeIgniter\Session\Handlers\FileHandler' driver.
WARNING - 2025-02-07 08:29:37 --> [DEPRECATED] Creation of dynamic property App\Controllers\Admin\TemplateHtml::$session is deprecated in APPPATH/Controllers/Admin/BaseController.php on line 56.
 1 SYSTEMPATH/CodeIgniter.php(904): App\Controllers\Admin\BaseController->initController(Object(CodeIgniter\HTTP\IncomingRequest), Object(CodeIgniter\HTTP\Response), Object(CodeIgniter\Log\Logger))
 2 SYSTEMPATH/CodeIgniter.php(500): CodeIgniter\CodeIgniter->createController()
 3 SYSTEMPATH/CodeIgniter.php(355): CodeIgniter\CodeIgniter->handleRequest(null, Object(Config\Cache), false)
 4 SYSTEMPATH/Boot.php(325): CodeIgniter\CodeIgniter->run()
 5 SYSTEMPATH/Boot.php(67): CodeIgniter\Boot::runCodeIgniter(Object(CodeIgniter\CodeIgniter))
 6 FCPATH/index.php(56): CodeIgniter\Boot::bootWeb(Object(Config\Paths))
INFO - 2025-02-07 08:29:40 --> Session: Class initialized using 'CodeIgniter\Session\Handlers\FileHandler' driver.
WARNING - 2025-02-07 08:29:40 --> [DEPRECATED] Creation of dynamic property App\Controllers\Admin\TemplateHtml::$session is deprecated in APPPATH/Controllers/Admin/BaseController.php on line 56.
 1 SYSTEMPATH/CodeIgniter.php(904): App\Controllers\Admin\BaseController->initController(Object(CodeIgniter\HTTP\IncomingRequest), Object(CodeIgniter\HTTP\Response), Object(CodeIgniter\Log\Logger))
 2 SYSTEMPATH/CodeIgniter.php(500): CodeIgniter\CodeIgniter->createController()
 3 SYSTEMPATH/CodeIgniter.php(355): CodeIgniter\CodeIgniter->handleRequest(null, Object(Config\Cache), false)
 4 SYSTEMPATH/Boot.php(325): CodeIgniter\CodeIgniter->run()
 5 SYSTEMPATH/Boot.php(67): CodeIgniter\Boot::runCodeIgniter(Object(CodeIgniter\CodeIgniter))
 6 FCPATH/index.php(56): CodeIgniter\Boot::bootWeb(Object(Config\Paths))
INFO - 2025-02-07 08:29:49 --> Session: Class initialized using 'CodeIgniter\Session\Handlers\FileHandler' driver.
WARNING - 2025-02-07 08:29:49 --> [DEPRECATED] Creation of dynamic property App\Controllers\Admin\TemplateHtml::$session is deprecated in APPPATH/Controllers/Admin/BaseController.php on line 56.
 1 SYSTEMPATH/CodeIgniter.php(904): App\Controllers\Admin\BaseController->initController(Object(CodeIgniter\HTTP\IncomingRequest), Object(CodeIgniter\HTTP\Response), Object(CodeIgniter\Log\Logger))
 2 SYSTEMPATH/CodeIgniter.php(500): CodeIgniter\CodeIgniter->createController()
 3 SYSTEMPATH/CodeIgniter.php(355): CodeIgniter\CodeIgniter->handleRequest(null, Object(Config\Cache), false)
 4 SYSTEMPATH/Boot.php(325): CodeIgniter\CodeIgniter->run()
 5 SYSTEMPATH/Boot.php(67): CodeIgniter\Boot::runCodeIgniter(Object(CodeIgniter\CodeIgniter))
 6 FCPATH/index.php(56): CodeIgniter\Boot::bootWeb(Object(Config\Paths))
INFO - 2025-02-07 08:30:52 --> Session: Class initialized using 'CodeIgniter\Session\Handlers\FileHandler' driver.
WARNING - 2025-02-07 08:30:52 --> [DEPRECATED] Creation of dynamic property App\Controllers\User\User::$data is deprecated in APPPATH/Controllers/User/BaseController.php on line 58.
 1 SYSTEMPATH/CodeIgniter.php(904): App\Controllers\User\BaseController->initController(Object(CodeIgniter\HTTP\IncomingRequest), Object(CodeIgniter\HTTP\Response), Object(CodeIgniter\Log\Logger))
 2 SYSTEMPATH/CodeIgniter.php(500): CodeIgniter\CodeIgniter->createController()
 3 SYSTEMPATH/CodeIgniter.php(355): CodeIgniter\CodeIgniter->handleRequest(null, Object(Config\Cache), false)
 4 SYSTEMPATH/Boot.php(325): CodeIgniter\CodeIgniter->run()
 5 SYSTEMPATH/Boot.php(67): CodeIgniter\Boot::runCodeIgniter(Object(CodeIgniter\CodeIgniter))
 6 FCPATH/index.php(56): CodeIgniter\Boot::bootWeb(Object(Config\Paths))
INFO - 2025-02-07 08:30:58 --> Session: Class initialized using 'CodeIgniter\Session\Handlers\FileHandler' driver.
WARNING - 2025-02-07 08:30:58 --> [DEPRECATED] Creation of dynamic property App\Controllers\Admin\Image::$session is deprecated in APPPATH/Controllers/Admin/BaseController.php on line 56.
 1 SYSTEMPATH/CodeIgniter.php(904): App\Controllers\Admin\BaseController->initController(Object(CodeIgniter\HTTP\IncomingRequest), Object(CodeIgniter\HTTP\Response), Object(CodeIgniter\Log\Logger))
 2 SYSTEMPATH/CodeIgniter.php(500): CodeIgniter\CodeIgniter->createController()
 3 SYSTEMPATH/CodeIgniter.php(355): CodeIgniter\CodeIgniter->handleRequest(null, Object(Config\Cache), false)
 4 SYSTEMPATH/Boot.php(325): CodeIgniter\CodeIgniter->run()
 5 SYSTEMPATH/Boot.php(67): CodeIgniter\Boot::runCodeIgniter(Object(CodeIgniter\CodeIgniter))
 6 FCPATH/index.php(56): CodeIgniter\Boot::bootWeb(Object(Config\Paths))
INFO - 2025-02-07 08:30:59 --> Session: Class initialized using 'CodeIgniter\Session\Handlers\FileHandler' driver.
WARNING - 2025-02-07 08:30:59 --> [DEPRECATED] Creation of dynamic property App\Controllers\Admin\Category::$session is deprecated in APPPATH/Controllers/Admin/BaseController.php on line 56.
 1 SYSTEMPATH/CodeIgniter.php(904): App\Controllers\Admin\BaseController->initController(Object(CodeIgniter\HTTP\IncomingRequest), Object(CodeIgniter\HTTP\Response), Object(CodeIgniter\Log\Logger))
 2 SYSTEMPATH/CodeIgniter.php(500): CodeIgniter\CodeIgniter->createController()
 3 SYSTEMPATH/CodeIgniter.php(355): CodeIgniter\CodeIgniter->handleRequest(null, Object(Config\Cache), false)
 4 SYSTEMPATH/Boot.php(325): CodeIgniter\CodeIgniter->run()
 5 SYSTEMPATH/Boot.php(67): CodeIgniter\Boot::runCodeIgniter(Object(CodeIgniter\CodeIgniter))
 6 FCPATH/index.php(56): CodeIgniter\Boot::bootWeb(Object(Config\Paths))
INFO - 2025-02-07 08:31:01 --> Session: Class initialized using 'CodeIgniter\Session\Handlers\FileHandler' driver.
WARNING - 2025-02-07 08:31:01 --> [DEPRECATED] Creation of dynamic property App\Controllers\Admin\Image::$session is deprecated in APPPATH/Controllers/Admin/BaseController.php on line 56.
 1 SYSTEMPATH/CodeIgniter.php(904): App\Controllers\Admin\BaseController->initController(Object(CodeIgniter\HTTP\IncomingRequest), Object(CodeIgniter\HTTP\Response), Object(CodeIgniter\Log\Logger))
 2 SYSTEMPATH/CodeIgniter.php(500): CodeIgniter\CodeIgniter->createController()
 3 SYSTEMPATH/CodeIgniter.php(355): CodeIgniter\CodeIgniter->handleRequest(null, Object(Config\Cache), false)
 4 SYSTEMPATH/Boot.php(325): CodeIgniter\CodeIgniter->run()
 5 SYSTEMPATH/Boot.php(67): CodeIgniter\Boot::runCodeIgniter(Object(CodeIgniter\CodeIgniter))
 6 FCPATH/index.php(56): CodeIgniter\Boot::bootWeb(Object(Config\Paths))
INFO - 2025-02-07 08:31:01 --> Session: Class initialized using 'CodeIgniter\Session\Handlers\FileHandler' driver.
WARNING - 2025-02-07 08:31:01 --> [DEPRECATED] Creation of dynamic property App\Controllers\Admin\Category::$session is deprecated in APPPATH/Controllers/Admin/BaseController.php on line 56.
 1 SYSTEMPATH/CodeIgniter.php(904): App\Controllers\Admin\BaseController->initController(Object(CodeIgniter\HTTP\IncomingRequest), Object(CodeIgniter\HTTP\Response), Object(CodeIgniter\Log\Logger))
 2 SYSTEMPATH/CodeIgniter.php(500): CodeIgniter\CodeIgniter->createController()
 3 SYSTEMPATH/CodeIgniter.php(355): CodeIgniter\CodeIgniter->handleRequest(null, Object(Config\Cache), false)
 4 SYSTEMPATH/Boot.php(325): CodeIgniter\CodeIgniter->run()
 5 SYSTEMPATH/Boot.php(67): CodeIgniter\Boot::runCodeIgniter(Object(CodeIgniter\CodeIgniter))
 6 FCPATH/index.php(56): CodeIgniter\Boot::bootWeb(Object(Config\Paths))
INFO - 2025-02-07 08:31:02 --> Session: Class initialized using 'CodeIgniter\Session\Handlers\FileHandler' driver.
WARNING - 2025-02-07 08:31:02 --> [DEPRECATED] Creation of dynamic property App\Controllers\Admin\Image::$session is deprecated in APPPATH/Controllers/Admin/BaseController.php on line 56.
 1 SYSTEMPATH/CodeIgniter.php(904): App\Controllers\Admin\BaseController->initController(Object(CodeIgniter\HTTP\IncomingRequest), Object(CodeIgniter\HTTP\Response), Object(CodeIgniter\Log\Logger))
 2 SYSTEMPATH/CodeIgniter.php(500): CodeIgniter\CodeIgniter->createController()
 3 SYSTEMPATH/CodeIgniter.php(355): CodeIgniter\CodeIgniter->handleRequest(null, Object(Config\Cache), false)
 4 SYSTEMPATH/Boot.php(325): CodeIgniter\CodeIgniter->run()
 5 SYSTEMPATH/Boot.php(67): CodeIgniter\Boot::runCodeIgniter(Object(CodeIgniter\CodeIgniter))
 6 FCPATH/index.php(56): CodeIgniter\Boot::bootWeb(Object(Config\Paths))
INFO - 2025-02-07 08:31:03 --> Session: Class initialized using 'CodeIgniter\Session\Handlers\FileHandler' driver.
WARNING - 2025-02-07 08:31:03 --> [DEPRECATED] Creation of dynamic property App\Controllers\Admin\Category::$session is deprecated in APPPATH/Controllers/Admin/BaseController.php on line 56.
 1 SYSTEMPATH/CodeIgniter.php(904): App\Controllers\Admin\BaseController->initController(Object(CodeIgniter\HTTP\IncomingRequest), Object(CodeIgniter\HTTP\Response), Object(CodeIgniter\Log\Logger))
 2 SYSTEMPATH/CodeIgniter.php(500): CodeIgniter\CodeIgniter->createController()
 3 SYSTEMPATH/CodeIgniter.php(355): CodeIgniter\CodeIgniter->handleRequest(null, Object(Config\Cache), false)
 4 SYSTEMPATH/Boot.php(325): CodeIgniter\CodeIgniter->run()
 5 SYSTEMPATH/Boot.php(67): CodeIgniter\Boot::runCodeIgniter(Object(CodeIgniter\CodeIgniter))
 6 FCPATH/index.php(56): CodeIgniter\Boot::bootWeb(Object(Config\Paths))
INFO - 2025-02-07 08:31:06 --> Session: Class initialized using 'CodeIgniter\Session\Handlers\FileHandler' driver.
WARNING - 2025-02-07 08:31:06 --> [DEPRECATED] Creation of dynamic property App\Controllers\Admin\Download::$session is deprecated in APPPATH/Controllers/Admin/BaseController.php on line 56.
 1 SYSTEMPATH/CodeIgniter.php(904): App\Controllers\Admin\BaseController->initController(Object(CodeIgniter\HTTP\IncomingRequest), Object(CodeIgniter\HTTP\Response), Object(CodeIgniter\Log\Logger))
 2 SYSTEMPATH/CodeIgniter.php(500): CodeIgniter\CodeIgniter->createController()
 3 SYSTEMPATH/CodeIgniter.php(355): CodeIgniter\CodeIgniter->handleRequest(null, Object(Config\Cache), false)
 4 SYSTEMPATH/Boot.php(325): CodeIgniter\CodeIgniter->run()
 5 SYSTEMPATH/Boot.php(67): CodeIgniter\Boot::runCodeIgniter(Object(CodeIgniter\CodeIgniter))
 6 FCPATH/index.php(56): CodeIgniter\Boot::bootWeb(Object(Config\Paths))
INFO - 2025-02-07 08:31:07 --> Session: Class initialized using 'CodeIgniter\Session\Handlers\FileHandler' driver.
WARNING - 2025-02-07 08:31:07 --> [DEPRECATED] Creation of dynamic property App\Controllers\Admin\Category::$session is deprecated in APPPATH/Controllers/Admin/BaseController.php on line 56.
 1 SYSTEMPATH/CodeIgniter.php(904): App\Controllers\Admin\BaseController->initController(Object(CodeIgniter\HTTP\IncomingRequest), Object(CodeIgniter\HTTP\Response), Object(CodeIgniter\Log\Logger))
 2 SYSTEMPATH/CodeIgniter.php(500): CodeIgniter\CodeIgniter->createController()
 3 SYSTEMPATH/CodeIgniter.php(355): CodeIgniter\CodeIgniter->handleRequest(null, Object(Config\Cache), false)
 4 SYSTEMPATH/Boot.php(325): CodeIgniter\CodeIgniter->run()
 5 SYSTEMPATH/Boot.php(67): CodeIgniter\Boot::runCodeIgniter(Object(CodeIgniter\CodeIgniter))
 6 FCPATH/index.php(56): CodeIgniter\Boot::bootWeb(Object(Config\Paths))
INFO - 2025-02-07 08:31:11 --> Session: Class initialized using 'CodeIgniter\Session\Handlers\FileHandler' driver.
WARNING - 2025-02-07 08:31:11 --> [DEPRECATED] Creation of dynamic property App\Controllers\Admin\Download::$session is deprecated in APPPATH/Controllers/Admin/BaseController.php on line 56.
 1 SYSTEMPATH/CodeIgniter.php(904): App\Controllers\Admin\BaseController->initController(Object(CodeIgniter\HTTP\IncomingRequest), Object(CodeIgniter\HTTP\Response), Object(CodeIgniter\Log\Logger))
 2 SYSTEMPATH/CodeIgniter.php(500): CodeIgniter\CodeIgniter->createController()
 3 SYSTEMPATH/CodeIgniter.php(355): CodeIgniter\CodeIgniter->handleRequest(null, Object(Config\Cache), false)
 4 SYSTEMPATH/Boot.php(325): CodeIgniter\CodeIgniter->run()
 5 SYSTEMPATH/Boot.php(67): CodeIgniter\Boot::runCodeIgniter(Object(CodeIgniter\CodeIgniter))
 6 FCPATH/index.php(56): CodeIgniter\Boot::bootWeb(Object(Config\Paths))
INFO - 2025-02-07 08:31:11 --> Session: Class initialized using 'CodeIgniter\Session\Handlers\FileHandler' driver.
WARNING - 2025-02-07 08:31:11 --> [DEPRECATED] Creation of dynamic property App\Controllers\Admin\Category::$session is deprecated in APPPATH/Controllers/Admin/BaseController.php on line 56.
 1 SYSTEMPATH/CodeIgniter.php(904): App\Controllers\Admin\BaseController->initController(Object(CodeIgniter\HTTP\IncomingRequest), Object(CodeIgniter\HTTP\Response), Object(CodeIgniter\Log\Logger))
 2 SYSTEMPATH/CodeIgniter.php(500): CodeIgniter\CodeIgniter->createController()
 3 SYSTEMPATH/CodeIgniter.php(355): CodeIgniter\CodeIgniter->handleRequest(null, Object(Config\Cache), false)
 4 SYSTEMPATH/Boot.php(325): CodeIgniter\CodeIgniter->run()
 5 SYSTEMPATH/Boot.php(67): CodeIgniter\Boot::runCodeIgniter(Object(CodeIgniter\CodeIgniter))
 6 FCPATH/index.php(56): CodeIgniter\Boot::bootWeb(Object(Config\Paths))
INFO - 2025-02-07 08:31:13 --> Session: Class initialized using 'CodeIgniter\Session\Handlers\FileHandler' driver.
WARNING - 2025-02-07 08:31:13 --> [DEPRECATED] Creation of dynamic property App\Controllers\Admin\Download::$session is deprecated in APPPATH/Controllers/Admin/BaseController.php on line 56.
 1 SYSTEMPATH/CodeIgniter.php(904): App\Controllers\Admin\BaseController->initController(Object(CodeIgniter\HTTP\IncomingRequest), Object(CodeIgniter\HTTP\Response), Object(CodeIgniter\Log\Logger))
 2 SYSTEMPATH/CodeIgniter.php(500): CodeIgniter\CodeIgniter->createController()
 3 SYSTEMPATH/CodeIgniter.php(355): CodeIgniter\CodeIgniter->handleRequest(null, Object(Config\Cache), false)
 4 SYSTEMPATH/Boot.php(325): CodeIgniter\CodeIgniter->run()
 5 SYSTEMPATH/Boot.php(67): CodeIgniter\Boot::runCodeIgniter(Object(CodeIgniter\CodeIgniter))
 6 FCPATH/index.php(56): CodeIgniter\Boot::bootWeb(Object(Config\Paths))
INFO - 2025-02-07 08:31:13 --> Session: Class initialized using 'CodeIgniter\Session\Handlers\FileHandler' driver.
WARNING - 2025-02-07 08:31:13 --> [DEPRECATED] Creation of dynamic property App\Controllers\Admin\Category::$session is deprecated in APPPATH/Controllers/Admin/BaseController.php on line 56.
 1 SYSTEMPATH/CodeIgniter.php(904): App\Controllers\Admin\BaseController->initController(Object(CodeIgniter\HTTP\IncomingRequest), Object(CodeIgniter\HTTP\Response), Object(CodeIgniter\Log\Logger))
 2 SYSTEMPATH/CodeIgniter.php(500): CodeIgniter\CodeIgniter->createController()
 3 SYSTEMPATH/CodeIgniter.php(355): CodeIgniter\CodeIgniter->handleRequest(null, Object(Config\Cache), false)
 4 SYSTEMPATH/Boot.php(325): CodeIgniter\CodeIgniter->run()
 5 SYSTEMPATH/Boot.php(67): CodeIgniter\Boot::runCodeIgniter(Object(CodeIgniter\CodeIgniter))
 6 FCPATH/index.php(56): CodeIgniter\Boot::bootWeb(Object(Config\Paths))
INFO - 2025-02-07 08:34:32 --> Session: Class initialized using 'CodeIgniter\Session\Handlers\FileHandler' driver.
WARNING - 2025-02-07 08:34:32 --> [DEPRECATED] Creation of dynamic property App\Controllers\Admin\Download::$session is deprecated in APPPATH/Controllers/Admin/BaseController.php on line 56.
 1 SYSTEMPATH/CodeIgniter.php(904): App\Controllers\Admin\BaseController->initController(Object(CodeIgniter\HTTP\IncomingRequest), Object(CodeIgniter\HTTP\Response), Object(CodeIgniter\Log\Logger))
 2 SYSTEMPATH/CodeIgniter.php(500): CodeIgniter\CodeIgniter->createController()
 3 SYSTEMPATH/CodeIgniter.php(355): CodeIgniter\CodeIgniter->handleRequest(null, Object(Config\Cache), false)
 4 SYSTEMPATH/Boot.php(325): CodeIgniter\CodeIgniter->run()
 5 SYSTEMPATH/Boot.php(67): CodeIgniter\Boot::runCodeIgniter(Object(CodeIgniter\CodeIgniter))
 6 FCPATH/index.php(56): CodeIgniter\Boot::bootWeb(Object(Config\Paths))
INFO - 2025-02-07 08:34:32 --> Session: Class initialized using 'CodeIgniter\Session\Handlers\FileHandler' driver.
WARNING - 2025-02-07 08:34:32 --> [DEPRECATED] Creation of dynamic property App\Controllers\Admin\Category::$session is deprecated in APPPATH/Controllers/Admin/BaseController.php on line 56.
 1 SYSTEMPATH/CodeIgniter.php(904): App\Controllers\Admin\BaseController->initController(Object(CodeIgniter\HTTP\IncomingRequest), Object(CodeIgniter\HTTP\Response), Object(CodeIgniter\Log\Logger))
 2 SYSTEMPATH/CodeIgniter.php(500): CodeIgniter\CodeIgniter->createController()
 3 SYSTEMPATH/CodeIgniter.php(355): CodeIgniter\CodeIgniter->handleRequest(null, Object(Config\Cache), false)
 4 SYSTEMPATH/Boot.php(325): CodeIgniter\CodeIgniter->run()
 5 SYSTEMPATH/Boot.php(67): CodeIgniter\Boot::runCodeIgniter(Object(CodeIgniter\CodeIgniter))
 6 FCPATH/index.php(56): CodeIgniter\Boot::bootWeb(Object(Config\Paths))
INFO - 2025-02-07 08:34:34 --> Session: Class initialized using 'CodeIgniter\Session\Handlers\FileHandler' driver.
WARNING - 2025-02-07 08:34:34 --> [DEPRECATED] Creation of dynamic property App\Controllers\Admin\Image::$session is deprecated in APPPATH/Controllers/Admin/BaseController.php on line 56.
 1 SYSTEMPATH/CodeIgniter.php(904): App\Controllers\Admin\BaseController->initController(Object(CodeIgniter\HTTP\IncomingRequest), Object(CodeIgniter\HTTP\Response), Object(CodeIgniter\Log\Logger))
 2 SYSTEMPATH/CodeIgniter.php(500): CodeIgniter\CodeIgniter->createController()
 3 SYSTEMPATH/CodeIgniter.php(355): CodeIgniter\CodeIgniter->handleRequest(null, Object(Config\Cache), false)
 4 SYSTEMPATH/Boot.php(325): CodeIgniter\CodeIgniter->run()
 5 SYSTEMPATH/Boot.php(67): CodeIgniter\Boot::runCodeIgniter(Object(CodeIgniter\CodeIgniter))
 6 FCPATH/index.php(56): CodeIgniter\Boot::bootWeb(Object(Config\Paths))
INFO - 2025-02-07 08:34:34 --> Session: Class initialized using 'CodeIgniter\Session\Handlers\FileHandler' driver.
WARNING - 2025-02-07 08:34:34 --> [DEPRECATED] Creation of dynamic property App\Controllers\Admin\Category::$session is deprecated in APPPATH/Controllers/Admin/BaseController.php on line 56.
 1 SYSTEMPATH/CodeIgniter.php(904): App\Controllers\Admin\BaseController->initController(Object(CodeIgniter\HTTP\IncomingRequest), Object(CodeIgniter\HTTP\Response), Object(CodeIgniter\Log\Logger))
 2 SYSTEMPATH/CodeIgniter.php(500): CodeIgniter\CodeIgniter->createController()
 3 SYSTEMPATH/CodeIgniter.php(355): CodeIgniter\CodeIgniter->handleRequest(null, Object(Config\Cache), false)
 4 SYSTEMPATH/Boot.php(325): CodeIgniter\CodeIgniter->run()
 5 SYSTEMPATH/Boot.php(67): CodeIgniter\Boot::runCodeIgniter(Object(CodeIgniter\CodeIgniter))
 6 FCPATH/index.php(56): CodeIgniter\Boot::bootWeb(Object(Config\Paths))
INFO - 2025-02-07 08:34:35 --> Session: Class initialized using 'CodeIgniter\Session\Handlers\FileHandler' driver.
WARNING - 2025-02-07 08:34:35 --> [DEPRECATED] Creation of dynamic property App\Controllers\User\User::$data is deprecated in APPPATH/Controllers/User/BaseController.php on line 58.
 1 SYSTEMPATH/CodeIgniter.php(904): App\Controllers\User\BaseController->initController(Object(CodeIgniter\HTTP\IncomingRequest), Object(CodeIgniter\HTTP\Response), Object(CodeIgniter\Log\Logger))
 2 SYSTEMPATH/CodeIgniter.php(500): CodeIgniter\CodeIgniter->createController()
 3 SYSTEMPATH/CodeIgniter.php(355): CodeIgniter\CodeIgniter->handleRequest(null, Object(Config\Cache), false)
 4 SYSTEMPATH/Boot.php(325): CodeIgniter\CodeIgniter->run()
 5 SYSTEMPATH/Boot.php(67): CodeIgniter\Boot::runCodeIgniter(Object(CodeIgniter\CodeIgniter))
 6 FCPATH/index.php(56): CodeIgniter\Boot::bootWeb(Object(Config\Paths))
INFO - 2025-02-07 09:36:56 --> Session: Class initialized using 'CodeIgniter\Session\Handlers\FileHandler' driver.
INFO - 2025-02-07 09:40:01 --> Session: Class initialized using 'CodeIgniter\Session\Handlers\FileHandler' driver.
INFO - 2025-02-07 09:40:05 --> Session: Class initialized using 'CodeIgniter\Session\Handlers\FileHandler' driver.
INFO - 2025-02-07 09:40:12 --> Session: Class initialized using 'CodeIgniter\Session\Handlers\FileHandler' driver.
WARNING - 2025-02-07 09:40:12 --> [DEPRECATED] Creation of dynamic property App\Controllers\Admin\TemplateHtml::$session is deprecated in APPPATH/Controllers/Admin/BaseController.php on line 56.
 1 SYSTEMPATH/CodeIgniter.php(904): App\Controllers\Admin\BaseController->initController(Object(CodeIgniter\HTTP\IncomingRequest), Object(CodeIgniter\HTTP\Response), Object(CodeIgniter\Log\Logger))
 2 SYSTEMPATH/CodeIgniter.php(500): CodeIgniter\CodeIgniter->createController()
 3 SYSTEMPATH/CodeIgniter.php(355): CodeIgniter\CodeIgniter->handleRequest(null, Object(Config\Cache), false)
 4 SYSTEMPATH/Boot.php(325): CodeIgniter\CodeIgniter->run()
 5 SYSTEMPATH/Boot.php(67): CodeIgniter\Boot::runCodeIgniter(Object(CodeIgniter\CodeIgniter))
 6 FCPATH/index.php(56): CodeIgniter\Boot::bootWeb(Object(Config\Paths))
INFO - 2025-02-07 09:40:14 --> Session: Class initialized using 'CodeIgniter\Session\Handlers\FileHandler' driver.
WARNING - 2025-02-07 09:40:14 --> [DEPRECATED] Creation of dynamic property App\Controllers\Admin\TemplateHtml::$session is deprecated in APPPATH/Controllers/Admin/BaseController.php on line 56.
 1 SYSTEMPATH/CodeIgniter.php(904): App\Controllers\Admin\BaseController->initController(Object(CodeIgniter\HTTP\IncomingRequest), Object(CodeIgniter\HTTP\Response), Object(CodeIgniter\Log\Logger))
 2 SYSTEMPATH/CodeIgniter.php(500): CodeIgniter\CodeIgniter->createController()
 3 SYSTEMPATH/CodeIgniter.php(355): CodeIgniter\CodeIgniter->handleRequest(null, Object(Config\Cache), false)
 4 SYSTEMPATH/Boot.php(325): CodeIgniter\CodeIgniter->run()
 5 SYSTEMPATH/Boot.php(67): CodeIgniter\Boot::runCodeIgniter(Object(CodeIgniter\CodeIgniter))
 6 FCPATH/index.php(56): CodeIgniter\Boot::bootWeb(Object(Config\Paths))
INFO - 2025-02-07 09:40:16 --> Session: Class initialized using 'CodeIgniter\Session\Handlers\FileHandler' driver.
WARNING - 2025-02-07 09:40:16 --> [DEPRECATED] Creation of dynamic property App\Controllers\Admin\TemplateHtml::$session is deprecated in APPPATH/Controllers/Admin/BaseController.php on line 56.
 1 SYSTEMPATH/CodeIgniter.php(904): App\Controllers\Admin\BaseController->initController(Object(CodeIgniter\HTTP\IncomingRequest), Object(CodeIgniter\HTTP\Response), Object(CodeIgniter\Log\Logger))
 2 SYSTEMPATH/CodeIgniter.php(500): CodeIgniter\CodeIgniter->createController()
 3 SYSTEMPATH/CodeIgniter.php(355): CodeIgniter\CodeIgniter->handleRequest(null, Object(Config\Cache), false)
 4 SYSTEMPATH/Boot.php(325): CodeIgniter\CodeIgniter->run()
 5 SYSTEMPATH/Boot.php(67): CodeIgniter\Boot::runCodeIgniter(Object(CodeIgniter\CodeIgniter))
 6 FCPATH/index.php(56): CodeIgniter\Boot::bootWeb(Object(Config\Paths))
INFO - 2025-02-07 09:40:21 --> Session: Class initialized using 'CodeIgniter\Session\Handlers\FileHandler' driver.
INFO - 2025-02-07 09:40:26 --> Session: Class initialized using 'CodeIgniter\Session\Handlers\FileHandler' driver.
INFO - 2025-02-07 09:40:30 --> Session: Class initialized using 'CodeIgniter\Session\Handlers\FileHandler' driver.
INFO - 2025-02-07 13:15:38 --> Session: Class initialized using 'CodeIgniter\Session\Handlers\FileHandler' driver.
INFO - 2025-02-07 13:15:45 --> Session: Class initialized using 'CodeIgniter\Session\Handlers\FileHandler' driver.
INFO - 2025-02-07 13:15:48 --> Session: Class initialized using 'CodeIgniter\Session\Handlers\FileHandler' driver.
INFO - 2025-02-07 13:16:15 --> Session: Class initialized using 'CodeIgniter\Session\Handlers\FileHandler' driver.
INFO - 2025-02-07 13:16:16 --> Session: Class initialized using 'CodeIgniter\Session\Handlers\FileHandler' driver.
WARNING - 2025-02-07 13:16:16 --> [DEPRECATED] Creation of dynamic property App\Controllers\User\User::$data is deprecated in APPPATH/Controllers/User/BaseController.php on line 58.
 1 SYSTEMPATH/CodeIgniter.php(904): App\Controllers\User\BaseController->initController(Object(CodeIgniter\HTTP\IncomingRequest), Object(CodeIgniter\HTTP\Response), Object(CodeIgniter\Log\Logger))
 2 SYSTEMPATH/CodeIgniter.php(500): CodeIgniter\CodeIgniter->createController()
 3 SYSTEMPATH/CodeIgniter.php(355): CodeIgniter\CodeIgniter->handleRequest(null, Object(Config\Cache), false)
 4 SYSTEMPATH/Boot.php(325): CodeIgniter\CodeIgniter->run()
 5 SYSTEMPATH/Boot.php(67): CodeIgniter\Boot::runCodeIgniter(Object(CodeIgniter\CodeIgniter))
 6 FCPATH/index.php(56): CodeIgniter\Boot::bootWeb(Object(Config\Paths))
INFO - 2025-02-07 13:16:34 --> Session: Class initialized using 'CodeIgniter\Session\Handlers\FileHandler' driver.
WARNING - 2025-02-07 13:16:34 --> [DEPRECATED] Creation of dynamic property App\Controllers\Admin\TemplateHtml::$session is deprecated in APPPATH/Controllers/Admin/BaseController.php on line 56.
 1 SYSTEMPATH/CodeIgniter.php(904): App\Controllers\Admin\BaseController->initController(Object(CodeIgniter\HTTP\IncomingRequest), Object(CodeIgniter\HTTP\Response), Object(CodeIgniter\Log\Logger))
 2 SYSTEMPATH/CodeIgniter.php(500): CodeIgniter\CodeIgniter->createController()
 3 SYSTEMPATH/CodeIgniter.php(355): CodeIgniter\CodeIgniter->handleRequest(null, Object(Config\Cache), false)
 4 SYSTEMPATH/Boot.php(325): CodeIgniter\CodeIgniter->run()
 5 SYSTEMPATH/Boot.php(67): CodeIgniter\Boot::runCodeIgniter(Object(CodeIgniter\CodeIgniter))
 6 FCPATH/index.php(56): CodeIgniter\Boot::bootWeb(Object(Config\Paths))
INFO - 2025-02-07 13:16:39 --> Session: Class initialized using 'CodeIgniter\Session\Handlers\FileHandler' driver.
WARNING - 2025-02-07 13:16:39 --> [DEPRECATED] Creation of dynamic property App\Controllers\Admin\TemplateHtml::$session is deprecated in APPPATH/Controllers/Admin/BaseController.php on line 56.
 1 SYSTEMPATH/CodeIgniter.php(904): App\Controllers\Admin\BaseController->initController(Object(CodeIgniter\HTTP\IncomingRequest), Object(CodeIgniter\HTTP\Response), Object(CodeIgniter\Log\Logger))
 2 SYSTEMPATH/CodeIgniter.php(500): CodeIgniter\CodeIgniter->createController()
 3 SYSTEMPATH/CodeIgniter.php(355): CodeIgniter\CodeIgniter->handleRequest(null, Object(Config\Cache), false)
 4 SYSTEMPATH/Boot.php(325): CodeIgniter\CodeIgniter->run()
 5 SYSTEMPATH/Boot.php(67): CodeIgniter\Boot::runCodeIgniter(Object(CodeIgniter\CodeIgniter))
 6 FCPATH/index.php(56): CodeIgniter\Boot::bootWeb(Object(Config\Paths))
INFO - 2025-02-07 13:16:42 --> Session: Class initialized using 'CodeIgniter\Session\Handlers\FileHandler' driver.
WARNING - 2025-02-07 13:16:42 --> [DEPRECATED] Creation of dynamic property App\Controllers\Admin\TemplateHtml::$session is deprecated in APPPATH/Controllers/Admin/BaseController.php on line 56.
 1 SYSTEMPATH/CodeIgniter.php(904): App\Controllers\Admin\BaseController->initController(Object(CodeIgniter\HTTP\IncomingRequest), Object(CodeIgniter\HTTP\Response), Object(CodeIgniter\Log\Logger))
 2 SYSTEMPATH/CodeIgniter.php(500): CodeIgniter\CodeIgniter->createController()
 3 SYSTEMPATH/CodeIgniter.php(355): CodeIgniter\CodeIgniter->handleRequest(null, Object(Config\Cache), false)
 4 SYSTEMPATH/Boot.php(325): CodeIgniter\CodeIgniter->run()
 5 SYSTEMPATH/Boot.php(67): CodeIgniter\Boot::runCodeIgniter(Object(CodeIgniter\CodeIgniter))
 6 FCPATH/index.php(56): CodeIgniter\Boot::bootWeb(Object(Config\Paths))
INFO - 2025-02-07 13:17:32 --> Session: Class initialized using 'CodeIgniter\Session\Handlers\FileHandler' driver.
WARNING - 2025-02-07 13:17:32 --> [DEPRECATED] Creation of dynamic property App\Controllers\Admin\TemplateHtml::$session is deprecated in APPPATH/Controllers/Admin/BaseController.php on line 56.
 1 SYSTEMPATH/CodeIgniter.php(904): App\Controllers\Admin\BaseController->initController(Object(CodeIgniter\HTTP\IncomingRequest), Object(CodeIgniter\HTTP\Response), Object(CodeIgniter\Log\Logger))
 2 SYSTEMPATH/CodeIgniter.php(500): CodeIgniter\CodeIgniter->createController()
 3 SYSTEMPATH/CodeIgniter.php(355): CodeIgniter\CodeIgniter->handleRequest(null, Object(Config\Cache), false)
 4 SYSTEMPATH/Boot.php(325): CodeIgniter\CodeIgniter->run()
 5 SYSTEMPATH/Boot.php(67): CodeIgniter\Boot::runCodeIgniter(Object(CodeIgniter\CodeIgniter))
 6 FCPATH/index.php(56): CodeIgniter\Boot::bootWeb(Object(Config\Paths))
INFO - 2025-02-07 13:17:32 --> Session: Class initialized using 'CodeIgniter\Session\Handlers\FileHandler' driver.
WARNING - 2025-02-07 13:17:32 --> [DEPRECATED] Creation of dynamic property App\Controllers\Admin\TemplateHtml::$session is deprecated in APPPATH/Controllers/Admin/BaseController.php on line 56.
 1 SYSTEMPATH/CodeIgniter.php(904): App\Controllers\Admin\BaseController->initController(Object(CodeIgniter\HTTP\IncomingRequest), Object(CodeIgniter\HTTP\Response), Object(CodeIgniter\Log\Logger))
 2 SYSTEMPATH/CodeIgniter.php(500): CodeIgniter\CodeIgniter->createController()
 3 SYSTEMPATH/CodeIgniter.php(355): CodeIgniter\CodeIgniter->handleRequest(null, Object(Config\Cache), false)
 4 SYSTEMPATH/Boot.php(325): CodeIgniter\CodeIgniter->run()
 5 SYSTEMPATH/Boot.php(67): CodeIgniter\Boot::runCodeIgniter(Object(CodeIgniter\CodeIgniter))
 6 FCPATH/index.php(56): CodeIgniter\Boot::bootWeb(Object(Config\Paths))
INFO - 2025-02-07 13:17:38 --> Session: Class initialized using 'CodeIgniter\Session\Handlers\FileHandler' driver.
WARNING - 2025-02-07 13:17:38 --> [DEPRECATED] Creation of dynamic property App\Controllers\Admin\Image::$session is deprecated in APPPATH/Controllers/Admin/BaseController.php on line 56.
 1 SYSTEMPATH/CodeIgniter.php(904): App\Controllers\Admin\BaseController->initController(Object(CodeIgniter\HTTP\IncomingRequest), Object(CodeIgniter\HTTP\Response), Object(CodeIgniter\Log\Logger))
 2 SYSTEMPATH/CodeIgniter.php(500): CodeIgniter\CodeIgniter->createController()
 3 SYSTEMPATH/CodeIgniter.php(355): CodeIgniter\CodeIgniter->handleRequest(null, Object(Config\Cache), false)
 4 SYSTEMPATH/Boot.php(325): CodeIgniter\CodeIgniter->run()
 5 SYSTEMPATH/Boot.php(67): CodeIgniter\Boot::runCodeIgniter(Object(CodeIgniter\CodeIgniter))
 6 FCPATH/index.php(56): CodeIgniter\Boot::bootWeb(Object(Config\Paths))
INFO - 2025-02-07 13:17:39 --> Session: Class initialized using 'CodeIgniter\Session\Handlers\FileHandler' driver.
WARNING - 2025-02-07 13:17:39 --> [DEPRECATED] Creation of dynamic property App\Controllers\Admin\Category::$session is deprecated in APPPATH/Controllers/Admin/BaseController.php on line 56.
 1 SYSTEMPATH/CodeIgniter.php(904): App\Controllers\Admin\BaseController->initController(Object(CodeIgniter\HTTP\IncomingRequest), Object(CodeIgniter\HTTP\Response), Object(CodeIgniter\Log\Logger))
 2 SYSTEMPATH/CodeIgniter.php(500): CodeIgniter\CodeIgniter->createController()
 3 SYSTEMPATH/CodeIgniter.php(355): CodeIgniter\CodeIgniter->handleRequest(null, Object(Config\Cache), false)
 4 SYSTEMPATH/Boot.php(325): CodeIgniter\CodeIgniter->run()
 5 SYSTEMPATH/Boot.php(67): CodeIgniter\Boot::runCodeIgniter(Object(CodeIgniter\CodeIgniter))
 6 FCPATH/index.php(56): CodeIgniter\Boot::bootWeb(Object(Config\Paths))
INFO - 2025-02-07 13:17:45 --> Session: Class initialized using 'CodeIgniter\Session\Handlers\FileHandler' driver.
WARNING - 2025-02-07 13:17:45 --> [DEPRECATED] Creation of dynamic property App\Controllers\Admin\Image::$session is deprecated in APPPATH/Controllers/Admin/BaseController.php on line 56.
 1 SYSTEMPATH/CodeIgniter.php(904): App\Controllers\Admin\BaseController->initController(Object(CodeIgniter\HTTP\IncomingRequest), Object(CodeIgniter\HTTP\Response), Object(CodeIgniter\Log\Logger))
 2 SYSTEMPATH/CodeIgniter.php(500): CodeIgniter\CodeIgniter->createController()
 3 SYSTEMPATH/CodeIgniter.php(355): CodeIgniter\CodeIgniter->handleRequest(null, Object(Config\Cache), false)
 4 SYSTEMPATH/Boot.php(325): CodeIgniter\CodeIgniter->run()
 5 SYSTEMPATH/Boot.php(67): CodeIgniter\Boot::runCodeIgniter(Object(CodeIgniter\CodeIgniter))
 6 FCPATH/index.php(56): CodeIgniter\Boot::bootWeb(Object(Config\Paths))
INFO - 2025-02-07 13:17:45 --> Session: Class initialized using 'CodeIgniter\Session\Handlers\FileHandler' driver.
WARNING - 2025-02-07 13:17:45 --> [DEPRECATED] Creation of dynamic property App\Controllers\Admin\Category::$session is deprecated in APPPATH/Controllers/Admin/BaseController.php on line 56.
 1 SYSTEMPATH/CodeIgniter.php(904): App\Controllers\Admin\BaseController->initController(Object(CodeIgniter\HTTP\IncomingRequest), Object(CodeIgniter\HTTP\Response), Object(CodeIgniter\Log\Logger))
 2 SYSTEMPATH/CodeIgniter.php(500): CodeIgniter\CodeIgniter->createController()
 3 SYSTEMPATH/CodeIgniter.php(355): CodeIgniter\CodeIgniter->handleRequest(null, Object(Config\Cache), false)
 4 SYSTEMPATH/Boot.php(325): CodeIgniter\CodeIgniter->run()
 5 SYSTEMPATH/Boot.php(67): CodeIgniter\Boot::runCodeIgniter(Object(CodeIgniter\CodeIgniter))
 6 FCPATH/index.php(56): CodeIgniter\Boot::bootWeb(Object(Config\Paths))
INFO - 2025-02-07 13:17:46 --> Session: Class initialized using 'CodeIgniter\Session\Handlers\FileHandler' driver.
WARNING - 2025-02-07 13:17:46 --> [DEPRECATED] Creation of dynamic property App\Controllers\Admin\Image::$session is deprecated in APPPATH/Controllers/Admin/BaseController.php on line 56.
 1 SYSTEMPATH/CodeIgniter.php(904): App\Controllers\Admin\BaseController->initController(Object(CodeIgniter\HTTP\IncomingRequest), Object(CodeIgniter\HTTP\Response), Object(CodeIgniter\Log\Logger))
 2 SYSTEMPATH/CodeIgniter.php(500): CodeIgniter\CodeIgniter->createController()
 3 SYSTEMPATH/CodeIgniter.php(355): CodeIgniter\CodeIgniter->handleRequest(null, Object(Config\Cache), false)
 4 SYSTEMPATH/Boot.php(325): CodeIgniter\CodeIgniter->run()
 5 SYSTEMPATH/Boot.php(67): CodeIgniter\Boot::runCodeIgniter(Object(CodeIgniter\CodeIgniter))
 6 FCPATH/index.php(56): CodeIgniter\Boot::bootWeb(Object(Config\Paths))
INFO - 2025-02-07 13:17:46 --> Session: Class initialized using 'CodeIgniter\Session\Handlers\FileHandler' driver.
WARNING - 2025-02-07 13:17:46 --> [DEPRECATED] Creation of dynamic property App\Controllers\Admin\Category::$session is deprecated in APPPATH/Controllers/Admin/BaseController.php on line 56.
 1 SYSTEMPATH/CodeIgniter.php(904): App\Controllers\Admin\BaseController->initController(Object(CodeIgniter\HTTP\IncomingRequest), Object(CodeIgniter\HTTP\Response), Object(CodeIgniter\Log\Logger))
 2 SYSTEMPATH/CodeIgniter.php(500): CodeIgniter\CodeIgniter->createController()
 3 SYSTEMPATH/CodeIgniter.php(355): CodeIgniter\CodeIgniter->handleRequest(null, Object(Config\Cache), false)
 4 SYSTEMPATH/Boot.php(325): CodeIgniter\CodeIgniter->run()
 5 SYSTEMPATH/Boot.php(67): CodeIgniter\Boot::runCodeIgniter(Object(CodeIgniter\CodeIgniter))
 6 FCPATH/index.php(56): CodeIgniter\Boot::bootWeb(Object(Config\Paths))
INFO - 2025-02-07 13:18:10 --> Session: Class initialized using 'CodeIgniter\Session\Handlers\FileHandler' driver.
WARNING - 2025-02-07 13:18:10 --> [DEPRECATED] Creation of dynamic property App\Controllers\Admin\TemplateHtml::$session is deprecated in APPPATH/Controllers/Admin/BaseController.php on line 56.
 1 SYSTEMPATH/CodeIgniter.php(904): App\Controllers\Admin\BaseController->initController(Object(CodeIgniter\HTTP\IncomingRequest), Object(CodeIgniter\HTTP\Response), Object(CodeIgniter\Log\Logger))
 2 SYSTEMPATH/CodeIgniter.php(500): CodeIgniter\CodeIgniter->createController()
 3 SYSTEMPATH/CodeIgniter.php(355): CodeIgniter\CodeIgniter->handleRequest(null, Object(Config\Cache), false)
 4 SYSTEMPATH/Boot.php(325): CodeIgniter\CodeIgniter->run()
 5 SYSTEMPATH/Boot.php(67): CodeIgniter\Boot::runCodeIgniter(Object(CodeIgniter\CodeIgniter))
 6 FCPATH/index.php(56): CodeIgniter\Boot::bootWeb(Object(Config\Paths))
INFO - 2025-02-07 16:52:06 --> Session: Class initialized using 'CodeIgniter\Session\Handlers\FileHandler' driver.
INFO - 2025-02-07 16:52:29 --> Session: Class initialized using 'CodeIgniter\Session\Handlers\FileHandler' driver.
INFO - 2025-02-07 18:50:28 --> Session: Class initialized using 'CodeIgniter\Session\Handlers\FileHandler' driver.
INFO - 2025-02-07 21:07:56 --> Session: Class initialized using 'CodeIgniter\Session\Handlers\FileHandler' driver.
INFO - 2025-02-07 21:07:56 --> Session: Class initialized using 'CodeIgniter\Session\Handlers\FileHandler' driver.
INFO - 2025-02-07 21:07:58 --> Session: Class initialized using 'CodeIgniter\Session\Handlers\FileHandler' driver.
INFO - 2025-02-07 21:08:01 --> Session: Class initialized using 'CodeIgniter\Session\Handlers\FileHandler' driver.
INFO - 2025-02-07 21:08:04 --> Session: Class initialized using 'CodeIgniter\Session\Handlers\FileHandler' driver.
INFO - 2025-02-07 21:08:04 --> Session: Class initialized using 'CodeIgniter\Session\Handlers\FileHandler' driver.
WARNING - 2025-02-07 21:08:04 --> [DEPRECATED] Creation of dynamic property App\Controllers\User\User::$data is deprecated in APPPATH/Controllers/User/BaseController.php on line 58.
 1 SYSTEMPATH/CodeIgniter.php(904): App\Controllers\User\BaseController->initController(Object(CodeIgniter\HTTP\IncomingRequest), Object(CodeIgniter\HTTP\Response), Object(CodeIgniter\Log\Logger))
 2 SYSTEMPATH/CodeIgniter.php(500): CodeIgniter\CodeIgniter->createController()
 3 SYSTEMPATH/CodeIgniter.php(355): CodeIgniter\CodeIgniter->handleRequest(null, Object(Config\Cache), false)
 4 SYSTEMPATH/Boot.php(325): CodeIgniter\CodeIgniter->run()
 5 SYSTEMPATH/Boot.php(67): CodeIgniter\Boot::runCodeIgniter(Object(CodeIgniter\CodeIgniter))
 6 FCPATH/index.php(56): CodeIgniter\Boot::bootWeb(Object(Config\Paths))
INFO - 2025-02-07 21:08:52 --> Session: Class initialized using 'CodeIgniter\Session\Handlers\FileHandler' driver.
WARNING - 2025-02-07 21:08:52 --> [DEPRECATED] Creation of dynamic property App\Controllers\User\User::$data is deprecated in APPPATH/Controllers/User/BaseController.php on line 58.
 1 SYSTEMPATH/CodeIgniter.php(904): App\Controllers\User\BaseController->initController(Object(CodeIgniter\HTTP\IncomingRequest), Object(CodeIgniter\HTTP\Response), Object(CodeIgniter\Log\Logger))
 2 SYSTEMPATH/CodeIgniter.php(500): CodeIgniter\CodeIgniter->createController()
 3 SYSTEMPATH/CodeIgniter.php(355): CodeIgniter\CodeIgniter->handleRequest(null, Object(Config\Cache), false)
 4 SYSTEMPATH/Boot.php(325): CodeIgniter\CodeIgniter->run()
 5 SYSTEMPATH/Boot.php(67): CodeIgniter\Boot::runCodeIgniter(Object(CodeIgniter\CodeIgniter))
 6 FCPATH/index.php(56): CodeIgniter\Boot::bootWeb(Object(Config\Paths))
INFO - 2025-02-07 21:08:55 --> Session: Class initialized using 'CodeIgniter\Session\Handlers\FileHandler' driver.
INFO - 2025-02-07 21:08:56 --> Session: Class initialized using 'CodeIgniter\Session\Handlers\FileHandler' driver.
INFO - 2025-02-07 21:08:58 --> Session: Class initialized using 'CodeIgniter\Session\Handlers\FileHandler' driver.
INFO - 2025-02-07 21:09:01 --> Session: Class initialized using 'CodeIgniter\Session\Handlers\FileHandler' driver.
INFO - 2025-02-07 21:09:01 --> Session: Class initialized using 'CodeIgniter\Session\Handlers\FileHandler' driver.
WARNING - 2025-02-07 21:09:01 --> [DEPRECATED] Creation of dynamic property App\Controllers\User\User::$data is deprecated in APPPATH/Controllers/User/BaseController.php on line 58.
 1 SYSTEMPATH/CodeIgniter.php(904): App\Controllers\User\BaseController->initController(Object(CodeIgniter\HTTP\IncomingRequest), Object(CodeIgniter\HTTP\Response), Object(CodeIgniter\Log\Logger))
 2 SYSTEMPATH/CodeIgniter.php(500): CodeIgniter\CodeIgniter->createController()
 3 SYSTEMPATH/CodeIgniter.php(355): CodeIgniter\CodeIgniter->handleRequest(null, Object(Config\Cache), false)
 4 SYSTEMPATH/Boot.php(325): CodeIgniter\CodeIgniter->run()
 5 SYSTEMPATH/Boot.php(67): CodeIgniter\Boot::runCodeIgniter(Object(CodeIgniter\CodeIgniter))
 6 FCPATH/index.php(56): CodeIgniter\Boot::bootWeb(Object(Config\Paths))
INFO - 2025-02-07 21:09:04 --> Session: Class initialized using 'CodeIgniter\Session\Handlers\FileHandler' driver.
WARNING - 2025-02-07 21:09:04 --> [DEPRECATED] Creation of dynamic property App\Controllers\User\User::$data is deprecated in APPPATH/Controllers/User/BaseController.php on line 58.
 1 SYSTEMPATH/CodeIgniter.php(904): App\Controllers\User\BaseController->initController(Object(CodeIgniter\HTTP\IncomingRequest), Object(CodeIgniter\HTTP\Response), Object(CodeIgniter\Log\Logger))
 2 SYSTEMPATH/CodeIgniter.php(500): CodeIgniter\CodeIgniter->createController()
 3 SYSTEMPATH/CodeIgniter.php(355): CodeIgniter\CodeIgniter->handleRequest(null, Object(Config\Cache), false)
 4 SYSTEMPATH/Boot.php(325): CodeIgniter\CodeIgniter->run()
 5 SYSTEMPATH/Boot.php(67): CodeIgniter\Boot::runCodeIgniter(Object(CodeIgniter\CodeIgniter))
 6 FCPATH/index.php(56): CodeIgniter\Boot::bootWeb(Object(Config\Paths))
INFO - 2025-02-07 21:10:00 --> Session: Class initialized using 'CodeIgniter\Session\Handlers\FileHandler' driver.
INFO - 2025-02-07 21:10:03 --> Session: Class initialized using 'CodeIgniter\Session\Handlers\FileHandler' driver.
INFO - 2025-02-07 21:10:06 --> Session: Class initialized using 'CodeIgniter\Session\Handlers\FileHandler' driver.
INFO - 2025-02-07 21:10:07 --> Session: Class initialized using 'CodeIgniter\Session\Handlers\FileHandler' driver.
WARNING - 2025-02-07 21:10:07 --> [DEPRECATED] Creation of dynamic property App\Controllers\User\User::$data is deprecated in APPPATH/Controllers/User/BaseController.php on line 58.
 1 SYSTEMPATH/CodeIgniter.php(904): App\Controllers\User\BaseController->initController(Object(CodeIgniter\HTTP\IncomingRequest), Object(CodeIgniter\HTTP\Response), Object(CodeIgniter\Log\Logger))
 2 SYSTEMPATH/CodeIgniter.php(500): CodeIgniter\CodeIgniter->createController()
 3 SYSTEMPATH/CodeIgniter.php(355): CodeIgniter\CodeIgniter->handleRequest(null, Object(Config\Cache), false)
 4 SYSTEMPATH/Boot.php(325): CodeIgniter\CodeIgniter->run()
 5 SYSTEMPATH/Boot.php(67): CodeIgniter\Boot::runCodeIgniter(Object(CodeIgniter\CodeIgniter))
 6 FCPATH/index.php(56): CodeIgniter\Boot::bootWeb(Object(Config\Paths))
INFO - 2025-02-07 21:10:40 --> Session: Class initialized using 'CodeIgniter\Session\Handlers\FileHandler' driver.
INFO - 2025-02-07 21:10:40 --> Session: Class initialized using 'CodeIgniter\Session\Handlers\FileHandler' driver.
INFO - 2025-02-07 21:10:43 --> Session: Class initialized using 'CodeIgniter\Session\Handlers\FileHandler' driver.
INFO - 2025-02-07 21:10:46 --> Session: Class initialized using 'CodeIgniter\Session\Handlers\FileHandler' driver.
INFO - 2025-02-07 21:10:46 --> Session: Class initialized using 'CodeIgniter\Session\Handlers\FileHandler' driver.
WARNING - 2025-02-07 21:10:46 --> [DEPRECATED] Creation of dynamic property App\Controllers\User\User::$data is deprecated in APPPATH/Controllers/User/BaseController.php on line 58.
 1 SYSTEMPATH/CodeIgniter.php(904): App\Controllers\User\BaseController->initController(Object(CodeIgniter\HTTP\IncomingRequest), Object(CodeIgniter\HTTP\Response), Object(CodeIgniter\Log\Logger))
 2 SYSTEMPATH/CodeIgniter.php(500): CodeIgniter\CodeIgniter->createController()
 3 SYSTEMPATH/CodeIgniter.php(355): CodeIgniter\CodeIgniter->handleRequest(null, Object(Config\Cache), false)
 4 SYSTEMPATH/Boot.php(325): CodeIgniter\CodeIgniter->run()
 5 SYSTEMPATH/Boot.php(67): CodeIgniter\Boot::runCodeIgniter(Object(CodeIgniter\CodeIgniter))
 6 FCPATH/index.php(56): CodeIgniter\Boot::bootWeb(Object(Config\Paths))
INFO - 2025-02-07 21:10:52 --> Session: Class initialized using 'CodeIgniter\Session\Handlers\FileHandler' driver.
INFO - 2025-02-07 21:10:54 --> Session: Class initialized using 'CodeIgniter\Session\Handlers\FileHandler' driver.
INFO - 2025-02-07 21:10:58 --> Session: Class initialized using 'CodeIgniter\Session\Handlers\FileHandler' driver.
INFO - 2025-02-07 21:10:58 --> Session: Class initialized using 'CodeIgniter\Session\Handlers\FileHandler' driver.
WARNING - 2025-02-07 21:10:58 --> [DEPRECATED] Creation of dynamic property App\Controllers\User\User::$data is deprecated in APPPATH/Controllers/User/BaseController.php on line 58.
 1 SYSTEMPATH/CodeIgniter.php(904): App\Controllers\User\BaseController->initController(Object(CodeIgniter\HTTP\IncomingRequest), Object(CodeIgniter\HTTP\Response), Object(CodeIgniter\Log\Logger))
 2 SYSTEMPATH/CodeIgniter.php(500): CodeIgniter\CodeIgniter->createController()
 3 SYSTEMPATH/CodeIgniter.php(355): CodeIgniter\CodeIgniter->handleRequest(null, Object(Config\Cache), false)
 4 SYSTEMPATH/Boot.php(325): CodeIgniter\CodeIgniter->run()
 5 SYSTEMPATH/Boot.php(67): CodeIgniter\Boot::runCodeIgniter(Object(CodeIgniter\CodeIgniter))
 6 FCPATH/index.php(56): CodeIgniter\Boot::bootWeb(Object(Config\Paths))
INFO - 2025-02-07 21:10:59 --> Session: Class initialized using 'CodeIgniter\Session\Handlers\FileHandler' driver.
WARNING - 2025-02-07 21:10:59 --> [DEPRECATED] Creation of dynamic property App\Controllers\User\User::$data is deprecated in APPPATH/Controllers/User/BaseController.php on line 58.
 1 SYSTEMPATH/CodeIgniter.php(904): App\Controllers\User\BaseController->initController(Object(CodeIgniter\HTTP\IncomingRequest), Object(CodeIgniter\HTTP\Response), Object(CodeIgniter\Log\Logger))
 2 SYSTEMPATH/CodeIgniter.php(500): CodeIgniter\CodeIgniter->createController()
 3 SYSTEMPATH/CodeIgniter.php(355): CodeIgniter\CodeIgniter->handleRequest(null, Object(Config\Cache), false)
 4 SYSTEMPATH/Boot.php(325): CodeIgniter\CodeIgniter->run()
 5 SYSTEMPATH/Boot.php(67): CodeIgniter\Boot::runCodeIgniter(Object(CodeIgniter\CodeIgniter))
 6 FCPATH/index.php(56): CodeIgniter\Boot::bootWeb(Object(Config\Paths))
INFO - 2025-02-07 21:11:15 --> Session: Class initialized using 'CodeIgniter\Session\Handlers\FileHandler' driver.
WARNING - 2025-02-07 21:11:15 --> [DEPRECATED] Creation of dynamic property App\Controllers\User\User::$data is deprecated in APPPATH/Controllers/User/BaseController.php on line 58.
 1 SYSTEMPATH/CodeIgniter.php(904): App\Controllers\User\BaseController->initController(Object(CodeIgniter\HTTP\IncomingRequest), Object(CodeIgniter\HTTP\Response), Object(CodeIgniter\Log\Logger))
 2 SYSTEMPATH/CodeIgniter.php(500): CodeIgniter\CodeIgniter->createController()
 3 SYSTEMPATH/CodeIgniter.php(355): CodeIgniter\CodeIgniter->handleRequest(null, Object(Config\Cache), false)
 4 SYSTEMPATH/Boot.php(325): CodeIgniter\CodeIgniter->run()
 5 SYSTEMPATH/Boot.php(67): CodeIgniter\Boot::runCodeIgniter(Object(CodeIgniter\CodeIgniter))
 6 FCPATH/index.php(56): CodeIgniter\Boot::bootWeb(Object(Config\Paths))
INFO - 2025-02-07 21:12:36 --> Session: Class initialized using 'CodeIgniter\Session\Handlers\FileHandler' driver.
WARNING - 2025-02-07 21:12:36 --> [DEPRECATED] Creation of dynamic property App\Controllers\User\User::$data is deprecated in APPPATH/Controllers/User/BaseController.php on line 58.
 1 SYSTEMPATH/CodeIgniter.php(904): App\Controllers\User\BaseController->initController(Object(CodeIgniter\HTTP\IncomingRequest), Object(CodeIgniter\HTTP\Response), Object(CodeIgniter\Log\Logger))
 2 SYSTEMPATH/CodeIgniter.php(500): CodeIgniter\CodeIgniter->createController()
 3 SYSTEMPATH/CodeIgniter.php(355): CodeIgniter\CodeIgniter->handleRequest(null, Object(Config\Cache), false)
 4 SYSTEMPATH/Boot.php(325): CodeIgniter\CodeIgniter->run()
 5 SYSTEMPATH/Boot.php(67): CodeIgniter\Boot::runCodeIgniter(Object(CodeIgniter\CodeIgniter))
 6 FCPATH/index.php(56): CodeIgniter\Boot::bootWeb(Object(Config\Paths))
INFO - 2025-02-07 21:13:41 --> Session: Class initialized using 'CodeIgniter\Session\Handlers\FileHandler' driver.
WARNING - 2025-02-07 21:13:41 --> [DEPRECATED] Creation of dynamic property App\Controllers\User\User::$data is deprecated in APPPATH/Controllers/User/BaseController.php on line 58.
 1 SYSTEMPATH/CodeIgniter.php(904): App\Controllers\User\BaseController->initController(Object(CodeIgniter\HTTP\IncomingRequest), Object(CodeIgniter\HTTP\Response), Object(CodeIgniter\Log\Logger))
 2 SYSTEMPATH/CodeIgniter.php(500): CodeIgniter\CodeIgniter->createController()
 3 SYSTEMPATH/CodeIgniter.php(355): CodeIgniter\CodeIgniter->handleRequest(null, Object(Config\Cache), false)
 4 SYSTEMPATH/Boot.php(325): CodeIgniter\CodeIgniter->run()
 5 SYSTEMPATH/Boot.php(67): CodeIgniter\Boot::runCodeIgniter(Object(CodeIgniter\CodeIgniter))
 6 FCPATH/index.php(56): CodeIgniter\Boot::bootWeb(Object(Config\Paths))
INFO - 2025-02-07 21:13:46 --> Session: Class initialized using 'CodeIgniter\Session\Handlers\FileHandler' driver.
INFO - 2025-02-07 21:13:46 --> Session: Class initialized using 'CodeIgniter\Session\Handlers\FileHandler' driver.
INFO - 2025-02-07 21:13:50 --> Session: Class initialized using 'CodeIgniter\Session\Handlers\FileHandler' driver.
WARNING - 2025-02-07 21:13:50 --> [DEPRECATED] Creation of dynamic property App\Controllers\User\User::$data is deprecated in APPPATH/Controllers/User/BaseController.php on line 58.
 1 SYSTEMPATH/CodeIgniter.php(904): App\Controllers\User\BaseController->initController(Object(CodeIgniter\HTTP\IncomingRequest), Object(CodeIgniter\HTTP\Response), Object(CodeIgniter\Log\Logger))
 2 SYSTEMPATH/CodeIgniter.php(500): CodeIgniter\CodeIgniter->createController()
 3 SYSTEMPATH/CodeIgniter.php(355): CodeIgniter\CodeIgniter->handleRequest(null, Object(Config\Cache), false)
 4 SYSTEMPATH/Boot.php(325): CodeIgniter\CodeIgniter->run()
 5 SYSTEMPATH/Boot.php(67): CodeIgniter\Boot::runCodeIgniter(Object(CodeIgniter\CodeIgniter))
 6 FCPATH/index.php(56): CodeIgniter\Boot::bootWeb(Object(Config\Paths))
INFO - 2025-02-07 21:13:54 --> Session: Class initialized using 'CodeIgniter\Session\Handlers\FileHandler' driver.
INFO - 2025-02-07 21:13:56 --> Session: Class initialized using 'CodeIgniter\Session\Handlers\FileHandler' driver.
INFO - 2025-02-07 21:14:00 --> Session: Class initialized using 'CodeIgniter\Session\Handlers\FileHandler' driver.
INFO - 2025-02-07 21:14:03 --> Session: Class initialized using 'CodeIgniter\Session\Handlers\FileHandler' driver.
INFO - 2025-02-07 21:14:03 --> Session: Class initialized using 'CodeIgniter\Session\Handlers\FileHandler' driver.
WARNING - 2025-02-07 21:14:03 --> [DEPRECATED] Creation of dynamic property App\Controllers\User\User::$data is deprecated in APPPATH/Controllers/User/BaseController.php on line 58.
 1 SYSTEMPATH/CodeIgniter.php(904): App\Controllers\User\BaseController->initController(Object(CodeIgniter\HTTP\IncomingRequest), Object(CodeIgniter\HTTP\Response), Object(CodeIgniter\Log\Logger))
 2 SYSTEMPATH/CodeIgniter.php(500): CodeIgniter\CodeIgniter->createController()
 3 SYSTEMPATH/CodeIgniter.php(355): CodeIgniter\CodeIgniter->handleRequest(null, Object(Config\Cache), false)
 4 SYSTEMPATH/Boot.php(325): CodeIgniter\CodeIgniter->run()
 5 SYSTEMPATH/Boot.php(67): CodeIgniter\Boot::runCodeIgniter(Object(CodeIgniter\CodeIgniter))
 6 FCPATH/index.php(56): CodeIgniter\Boot::bootWeb(Object(Config\Paths))
INFO - 2025-02-07 21:14:34 --> Session: Class initialized using 'CodeIgniter\Session\Handlers\FileHandler' driver.
WARNING - 2025-02-07 21:14:34 --> [DEPRECATED] Creation of dynamic property App\Controllers\User\User::$data is deprecated in APPPATH/Controllers/User/BaseController.php on line 58.
 1 SYSTEMPATH/CodeIgniter.php(904): App\Controllers\User\BaseController->initController(Object(CodeIgniter\HTTP\IncomingRequest), Object(CodeIgniter\HTTP\Response), Object(CodeIgniter\Log\Logger))
 2 SYSTEMPATH/CodeIgniter.php(500): CodeIgniter\CodeIgniter->createController()
 3 SYSTEMPATH/CodeIgniter.php(355): CodeIgniter\CodeIgniter->handleRequest(null, Object(Config\Cache), false)
 4 SYSTEMPATH/Boot.php(325): CodeIgniter\CodeIgniter->run()
 5 SYSTEMPATH/Boot.php(67): CodeIgniter\Boot::runCodeIgniter(Object(CodeIgniter\CodeIgniter))
 6 FCPATH/index.php(56): CodeIgniter\Boot::bootWeb(Object(Config\Paths))
INFO - 2025-02-07 21:14:38 --> Session: Class initialized using 'CodeIgniter\Session\Handlers\FileHandler' driver.
WARNING - 2025-02-07 21:14:38 --> [DEPRECATED] Creation of dynamic property App\Controllers\User\User::$data is deprecated in APPPATH/Controllers/User/BaseController.php on line 58.
 1 SYSTEMPATH/CodeIgniter.php(904): App\Controllers\User\BaseController->initController(Object(CodeIgniter\HTTP\IncomingRequest), Object(CodeIgniter\HTTP\Response), Object(CodeIgniter\Log\Logger))
 2 SYSTEMPATH/CodeIgniter.php(500): CodeIgniter\CodeIgniter->createController()
 3 SYSTEMPATH/CodeIgniter.php(355): CodeIgniter\CodeIgniter->handleRequest(null, Object(Config\Cache), false)
 4 SYSTEMPATH/Boot.php(325): CodeIgniter\CodeIgniter->run()
 5 SYSTEMPATH/Boot.php(67): CodeIgniter\Boot::runCodeIgniter(Object(CodeIgniter\CodeIgniter))
 6 FCPATH/index.php(56): CodeIgniter\Boot::bootWeb(Object(Config\Paths))
INFO - 2025-02-07 21:14:42 --> Session: Class initialized using 'CodeIgniter\Session\Handlers\FileHandler' driver.
INFO - 2025-02-07 21:14:42 --> Session: Class initialized using 'CodeIgniter\Session\Handlers\FileHandler' driver.
INFO - 2025-02-07 21:14:44 --> Session: Class initialized using 'CodeIgniter\Session\Handlers\FileHandler' driver.
INFO - 2025-02-07 21:14:47 --> Session: Class initialized using 'CodeIgniter\Session\Handlers\FileHandler' driver.
INFO - 2025-02-07 21:14:47 --> Session: Class initialized using 'CodeIgniter\Session\Handlers\FileHandler' driver.
WARNING - 2025-02-07 21:14:47 --> [DEPRECATED] Creation of dynamic property App\Controllers\User\User::$data is deprecated in APPPATH/Controllers/User/BaseController.php on line 58.
 1 SYSTEMPATH/CodeIgniter.php(904): App\Controllers\User\BaseController->initController(Object(CodeIgniter\HTTP\IncomingRequest), Object(CodeIgniter\HTTP\Response), Object(CodeIgniter\Log\Logger))
 2 SYSTEMPATH/CodeIgniter.php(500): CodeIgniter\CodeIgniter->createController()
 3 SYSTEMPATH/CodeIgniter.php(355): CodeIgniter\CodeIgniter->handleRequest(null, Object(Config\Cache), false)
 4 SYSTEMPATH/Boot.php(325): CodeIgniter\CodeIgniter->run()
 5 SYSTEMPATH/Boot.php(67): CodeIgniter\Boot::runCodeIgniter(Object(CodeIgniter\CodeIgniter))
 6 FCPATH/index.php(56): CodeIgniter\Boot::bootWeb(Object(Config\Paths))
INFO - 2025-02-07 21:14:58 --> Session: Class initialized using 'CodeIgniter\Session\Handlers\FileHandler' driver.
INFO - 2025-02-07 21:15:01 --> Session: Class initialized using 'CodeIgniter\Session\Handlers\FileHandler' driver.
INFO - 2025-02-07 21:15:05 --> Session: Class initialized using 'CodeIgniter\Session\Handlers\FileHandler' driver.
WARNING - 2025-02-07 21:15:05 --> [DEPRECATED] Creation of dynamic property App\Controllers\User\User::$data is deprecated in APPPATH/Controllers/User/BaseController.php on line 58.
 1 SYSTEMPATH/CodeIgniter.php(904): App\Controllers\User\BaseController->initController(Object(CodeIgniter\HTTP\IncomingRequest), Object(CodeIgniter\HTTP\Response), Object(CodeIgniter\Log\Logger))
 2 SYSTEMPATH/CodeIgniter.php(500): CodeIgniter\CodeIgniter->createController()
 3 SYSTEMPATH/CodeIgniter.php(355): CodeIgniter\CodeIgniter->handleRequest(null, Object(Config\Cache), false)
 4 SYSTEMPATH/Boot.php(325): CodeIgniter\CodeIgniter->run()
 5 SYSTEMPATH/Boot.php(67): CodeIgniter\Boot::runCodeIgniter(Object(CodeIgniter\CodeIgniter))
 6 FCPATH/index.php(56): CodeIgniter\Boot::bootWeb(Object(Config\Paths))
INFO - 2025-02-07 21:15:09 --> Session: Class initialized using 'CodeIgniter\Session\Handlers\FileHandler' driver.
WARNING - 2025-02-07 21:15:09 --> [DEPRECATED] Creation of dynamic property App\Controllers\User\User::$data is deprecated in APPPATH/Controllers/User/BaseController.php on line 58.
 1 SYSTEMPATH/CodeIgniter.php(904): App\Controllers\User\BaseController->initController(Object(CodeIgniter\HTTP\IncomingRequest), Object(CodeIgniter\HTTP\Response), Object(CodeIgniter\Log\Logger))
 2 SYSTEMPATH/CodeIgniter.php(500): CodeIgniter\CodeIgniter->createController()
 3 SYSTEMPATH/CodeIgniter.php(355): CodeIgniter\CodeIgniter->handleRequest(null, Object(Config\Cache), false)
 4 SYSTEMPATH/Boot.php(325): CodeIgniter\CodeIgniter->run()
 5 SYSTEMPATH/Boot.php(67): CodeIgniter\Boot::runCodeIgniter(Object(CodeIgniter\CodeIgniter))
 6 FCPATH/index.php(56): CodeIgniter\Boot::bootWeb(Object(Config\Paths))
INFO - 2025-02-07 21:15:11 --> Session: Class initialized using 'CodeIgniter\Session\Handlers\FileHandler' driver.
WARNING - 2025-02-07 21:15:11 --> [DEPRECATED] Creation of dynamic property App\Controllers\User\User::$data is deprecated in APPPATH/Controllers/User/BaseController.php on line 58.
 1 SYSTEMPATH/CodeIgniter.php(904): App\Controllers\User\BaseController->initController(Object(CodeIgniter\HTTP\IncomingRequest), Object(CodeIgniter\HTTP\Response), Object(CodeIgniter\Log\Logger))
 2 SYSTEMPATH/CodeIgniter.php(500): CodeIgniter\CodeIgniter->createController()
 3 SYSTEMPATH/CodeIgniter.php(355): CodeIgniter\CodeIgniter->handleRequest(null, Object(Config\Cache), false)
 4 SYSTEMPATH/Boot.php(325): CodeIgniter\CodeIgniter->run()
 5 SYSTEMPATH/Boot.php(67): CodeIgniter\Boot::runCodeIgniter(Object(CodeIgniter\CodeIgniter))
 6 FCPATH/index.php(56): CodeIgniter\Boot::bootWeb(Object(Config\Paths))
INFO - 2025-02-07 21:15:12 --> Session: Class initialized using 'CodeIgniter\Session\Handlers\FileHandler' driver.
WARNING - 2025-02-07 21:15:12 --> [DEPRECATED] Creation of dynamic property App\Controllers\User\User::$data is deprecated in APPPATH/Controllers/User/BaseController.php on line 58.
 1 SYSTEMPATH/CodeIgniter.php(904): App\Controllers\User\BaseController->initController(Object(CodeIgniter\HTTP\IncomingRequest), Object(CodeIgniter\HTTP\Response), Object(CodeIgniter\Log\Logger))
 2 SYSTEMPATH/CodeIgniter.php(500): CodeIgniter\CodeIgniter->createController()
 3 SYSTEMPATH/CodeIgniter.php(355): CodeIgniter\CodeIgniter->handleRequest(null, Object(Config\Cache), false)
 4 SYSTEMPATH/Boot.php(325): CodeIgniter\CodeIgniter->run()
 5 SYSTEMPATH/Boot.php(67): CodeIgniter\Boot::runCodeIgniter(Object(CodeIgniter\CodeIgniter))
 6 FCPATH/index.php(56): CodeIgniter\Boot::bootWeb(Object(Config\Paths))
INFO - 2025-02-07 21:15:27 --> Session: Class initialized using 'CodeIgniter\Session\Handlers\FileHandler' driver.
INFO - 2025-02-07 21:15:29 --> Session: Class initialized using 'CodeIgniter\Session\Handlers\FileHandler' driver.
WARNING - 2025-02-07 21:15:29 --> [DEPRECATED] Creation of dynamic property App\Controllers\User\User::$data is deprecated in APPPATH/Controllers/User/BaseController.php on line 58.
 1 SYSTEMPATH/CodeIgniter.php(904): App\Controllers\User\BaseController->initController(Object(CodeIgniter\HTTP\IncomingRequest), Object(CodeIgniter\HTTP\Response), Object(CodeIgniter\Log\Logger))
 2 SYSTEMPATH/CodeIgniter.php(500): CodeIgniter\CodeIgniter->createController()
 3 SYSTEMPATH/CodeIgniter.php(355): CodeIgniter\CodeIgniter->handleRequest(null, Object(Config\Cache), false)
 4 SYSTEMPATH/Boot.php(325): CodeIgniter\CodeIgniter->run()
 5 SYSTEMPATH/Boot.php(67): CodeIgniter\Boot::runCodeIgniter(Object(CodeIgniter\CodeIgniter))
 6 FCPATH/index.php(56): CodeIgniter\Boot::bootWeb(Object(Config\Paths))
INFO - 2025-02-07 21:16:05 --> Session: Class initialized using 'CodeIgniter\Session\Handlers\FileHandler' driver.
WARNING - 2025-02-07 21:16:05 --> [DEPRECATED] Creation of dynamic property App\Controllers\User\User::$data is deprecated in APPPATH/Controllers/User/BaseController.php on line 58.
 1 SYSTEMPATH/CodeIgniter.php(904): App\Controllers\User\BaseController->initController(Object(CodeIgniter\HTTP\IncomingRequest), Object(CodeIgniter\HTTP\Response), Object(CodeIgniter\Log\Logger))
 2 SYSTEMPATH/CodeIgniter.php(500): CodeIgniter\CodeIgniter->createController()
 3 SYSTEMPATH/CodeIgniter.php(355): CodeIgniter\CodeIgniter->handleRequest(null, Object(Config\Cache), false)
 4 SYSTEMPATH/Boot.php(325): CodeIgniter\CodeIgniter->run()
 5 SYSTEMPATH/Boot.php(67): CodeIgniter\Boot::runCodeIgniter(Object(CodeIgniter\CodeIgniter))
 6 FCPATH/index.php(56): CodeIgniter\Boot::bootWeb(Object(Config\Paths))
INFO - 2025-02-07 21:16:09 --> Session: Class initialized using 'CodeIgniter\Session\Handlers\FileHandler' driver.
INFO - 2025-02-07 21:16:09 --> Session: Class initialized using 'CodeIgniter\Session\Handlers\FileHandler' driver.
INFO - 2025-02-07 21:16:11 --> Session: Class initialized using 'CodeIgniter\Session\Handlers\FileHandler' driver.
INFO - 2025-02-07 21:16:13 --> Session: Class initialized using 'CodeIgniter\Session\Handlers\FileHandler' driver.
INFO - 2025-02-07 21:16:14 --> Session: Class initialized using 'CodeIgniter\Session\Handlers\FileHandler' driver.
WARNING - 2025-02-07 21:16:14 --> [DEPRECATED] Creation of dynamic property App\Controllers\User\User::$data is deprecated in APPPATH/Controllers/User/BaseController.php on line 58.
 1 SYSTEMPATH/CodeIgniter.php(904): App\Controllers\User\BaseController->initController(Object(CodeIgniter\HTTP\IncomingRequest), Object(CodeIgniter\HTTP\Response), Object(CodeIgniter\Log\Logger))
 2 SYSTEMPATH/CodeIgniter.php(500): CodeIgniter\CodeIgniter->createController()
 3 SYSTEMPATH/CodeIgniter.php(355): CodeIgniter\CodeIgniter->handleRequest(null, Object(Config\Cache), false)
 4 SYSTEMPATH/Boot.php(325): CodeIgniter\CodeIgniter->run()
 5 SYSTEMPATH/Boot.php(67): CodeIgniter\Boot::runCodeIgniter(Object(CodeIgniter\CodeIgniter))
 6 FCPATH/index.php(56): CodeIgniter\Boot::bootWeb(Object(Config\Paths))
INFO - 2025-02-07 21:16:24 --> Session: Class initialized using 'CodeIgniter\Session\Handlers\FileHandler' driver.
INFO - 2025-02-07 21:16:24 --> Session: Class initialized using 'CodeIgniter\Session\Handlers\FileHandler' driver.
INFO - 2025-02-07 21:16:26 --> Session: Class initialized using 'CodeIgniter\Session\Handlers\FileHandler' driver.
INFO - 2025-02-07 21:16:29 --> Session: Class initialized using 'CodeIgniter\Session\Handlers\FileHandler' driver.
INFO - 2025-02-07 21:16:29 --> Session: Class initialized using 'CodeIgniter\Session\Handlers\FileHandler' driver.
WARNING - 2025-02-07 21:16:29 --> [DEPRECATED] Creation of dynamic property App\Controllers\User\User::$data is deprecated in APPPATH/Controllers/User/BaseController.php on line 58.
 1 SYSTEMPATH/CodeIgniter.php(904): App\Controllers\User\BaseController->initController(Object(CodeIgniter\HTTP\IncomingRequest), Object(CodeIgniter\HTTP\Response), Object(CodeIgniter\Log\Logger))
 2 SYSTEMPATH/CodeIgniter.php(500): CodeIgniter\CodeIgniter->createController()
 3 SYSTEMPATH/CodeIgniter.php(355): CodeIgniter\CodeIgniter->handleRequest(null, Object(Config\Cache), false)
 4 SYSTEMPATH/Boot.php(325): CodeIgniter\CodeIgniter->run()
 5 SYSTEMPATH/Boot.php(67): CodeIgniter\Boot::runCodeIgniter(Object(CodeIgniter\CodeIgniter))
 6 FCPATH/index.php(56): CodeIgniter\Boot::bootWeb(Object(Config\Paths))
INFO - 2025-02-07 21:16:46 --> Session: Class initialized using 'CodeIgniter\Session\Handlers\FileHandler' driver.
WARNING - 2025-02-07 21:16:46 --> [DEPRECATED] Creation of dynamic property App\Controllers\User\User::$data is deprecated in APPPATH/Controllers/User/BaseController.php on line 58.
 1 SYSTEMPATH/CodeIgniter.php(904): App\Controllers\User\BaseController->initController(Object(CodeIgniter\HTTP\IncomingRequest), Object(CodeIgniter\HTTP\Response), Object(CodeIgniter\Log\Logger))
 2 SYSTEMPATH/CodeIgniter.php(500): CodeIgniter\CodeIgniter->createController()
 3 SYSTEMPATH/CodeIgniter.php(355): CodeIgniter\CodeIgniter->handleRequest(null, Object(Config\Cache), false)
 4 SYSTEMPATH/Boot.php(325): CodeIgniter\CodeIgniter->run()
 5 SYSTEMPATH/Boot.php(67): CodeIgniter\Boot::runCodeIgniter(Object(CodeIgniter\CodeIgniter))
 6 FCPATH/index.php(56): CodeIgniter\Boot::bootWeb(Object(Config\Paths))
INFO - 2025-02-07 21:35:46 --> Session: Class initialized using 'CodeIgniter\Session\Handlers\FileHandler' driver.
INFO - 2025-02-07 21:35:53 --> Session: Class initialized using 'CodeIgniter\Session\Handlers\FileHandler' driver.
WARNING - 2025-02-07 21:35:53 --> [DEPRECATED] Creation of dynamic property App\Controllers\User\User::$data is deprecated in APPPATH/Controllers/User/BaseController.php on line 58.
 1 SYSTEMPATH/CodeIgniter.php(904): App\Controllers\User\BaseController->initController(Object(CodeIgniter\HTTP\IncomingRequest), Object(CodeIgniter\HTTP\Response), Object(CodeIgniter\Log\Logger))
 2 SYSTEMPATH/CodeIgniter.php(500): CodeIgniter\CodeIgniter->createController()
 3 SYSTEMPATH/CodeIgniter.php(355): CodeIgniter\CodeIgniter->handleRequest(null, Object(Config\Cache), false)
 4 SYSTEMPATH/Boot.php(325): CodeIgniter\CodeIgniter->run()
 5 SYSTEMPATH/Boot.php(67): CodeIgniter\Boot::runCodeIgniter(Object(CodeIgniter\CodeIgniter))
 6 FCPATH/index.php(56): CodeIgniter\Boot::bootWeb(Object(Config\Paths))
INFO - 2025-02-07 21:36:25 --> Session: Class initialized using 'CodeIgniter\Session\Handlers\FileHandler' driver.
WARNING - 2025-02-07 21:36:25 --> [DEPRECATED] Creation of dynamic property App\Controllers\User\User::$data is deprecated in APPPATH/Controllers/User/BaseController.php on line 58.
 1 SYSTEMPATH/CodeIgniter.php(904): App\Controllers\User\BaseController->initController(Object(CodeIgniter\HTTP\IncomingRequest), Object(CodeIgniter\HTTP\Response), Object(CodeIgniter\Log\Logger))
 2 SYSTEMPATH/CodeIgniter.php(500): CodeIgniter\CodeIgniter->createController()
 3 SYSTEMPATH/CodeIgniter.php(355): CodeIgniter\CodeIgniter->handleRequest(null, Object(Config\Cache), false)
 4 SYSTEMPATH/Boot.php(325): CodeIgniter\CodeIgniter->run()
 5 SYSTEMPATH/Boot.php(67): CodeIgniter\Boot::runCodeIgniter(Object(CodeIgniter\CodeIgniter))
 6 FCPATH/index.php(56): CodeIgniter\Boot::bootWeb(Object(Config\Paths))
INFO - 2025-02-07 21:36:28 --> Session: Class initialized using 'CodeIgniter\Session\Handlers\FileHandler' driver.
WARNING - 2025-02-07 21:36:28 --> [DEPRECATED] Creation of dynamic property App\Controllers\User\User::$data is deprecated in APPPATH/Controllers/User/BaseController.php on line 58.
 1 SYSTEMPATH/CodeIgniter.php(904): App\Controllers\User\BaseController->initController(Object(CodeIgniter\HTTP\IncomingRequest), Object(CodeIgniter\HTTP\Response), Object(CodeIgniter\Log\Logger))
 2 SYSTEMPATH/CodeIgniter.php(500): CodeIgniter\CodeIgniter->createController()
 3 SYSTEMPATH/CodeIgniter.php(355): CodeIgniter\CodeIgniter->handleRequest(null, Object(Config\Cache), false)
 4 SYSTEMPATH/Boot.php(325): CodeIgniter\CodeIgniter->run()
 5 SYSTEMPATH/Boot.php(67): CodeIgniter\Boot::runCodeIgniter(Object(CodeIgniter\CodeIgniter))
 6 FCPATH/index.php(56): CodeIgniter\Boot::bootWeb(Object(Config\Paths))
INFO - 2025-02-07 21:36:52 --> Session: Class initialized using 'CodeIgniter\Session\Handlers\FileHandler' driver.
INFO - 2025-02-07 21:36:55 --> Session: Class initialized using 'CodeIgniter\Session\Handlers\FileHandler' driver.
WARNING - 2025-02-07 21:36:55 --> [DEPRECATED] Creation of dynamic property App\Controllers\User\User::$data is deprecated in APPPATH/Controllers/User/BaseController.php on line 58.
 1 SYSTEMPATH/CodeIgniter.php(904): App\Controllers\User\BaseController->initController(Object(CodeIgniter\HTTP\IncomingRequest), Object(CodeIgniter\HTTP\Response), Object(CodeIgniter\Log\Logger))
 2 SYSTEMPATH/CodeIgniter.php(500): CodeIgniter\CodeIgniter->createController()
 3 SYSTEMPATH/CodeIgniter.php(355): CodeIgniter\CodeIgniter->handleRequest(null, Object(Config\Cache), false)
 4 SYSTEMPATH/Boot.php(325): CodeIgniter\CodeIgniter->run()
 5 SYSTEMPATH/Boot.php(67): CodeIgniter\Boot::runCodeIgniter(Object(CodeIgniter\CodeIgniter))
 6 FCPATH/index.php(56): CodeIgniter\Boot::bootWeb(Object(Config\Paths))
INFO - 2025-02-07 21:36:57 --> Session: Class initialized using 'CodeIgniter\Session\Handlers\FileHandler' driver.
WARNING - 2025-02-07 21:36:57 --> [DEPRECATED] Creation of dynamic property App\Controllers\User\User::$data is deprecated in APPPATH/Controllers/User/BaseController.php on line 58.
 1 SYSTEMPATH/CodeIgniter.php(904): App\Controllers\User\BaseController->initController(Object(CodeIgniter\HTTP\IncomingRequest), Object(CodeIgniter\HTTP\Response), Object(CodeIgniter\Log\Logger))
 2 SYSTEMPATH/CodeIgniter.php(500): CodeIgniter\CodeIgniter->createController()
 3 SYSTEMPATH/CodeIgniter.php(355): CodeIgniter\CodeIgniter->handleRequest(null, Object(Config\Cache), false)
 4 SYSTEMPATH/Boot.php(325): CodeIgniter\CodeIgniter->run()
 5 SYSTEMPATH/Boot.php(67): CodeIgniter\Boot::runCodeIgniter(Object(CodeIgniter\CodeIgniter))
 6 FCPATH/index.php(56): CodeIgniter\Boot::bootWeb(Object(Config\Paths))
INFO - 2025-02-07 21:37:01 --> Session: Class initialized using 'CodeIgniter\Session\Handlers\FileHandler' driver.
INFO - 2025-02-07 21:37:02 --> Session: Class initialized using 'CodeIgniter\Session\Handlers\FileHandler' driver.
INFO - 2025-02-07 21:37:03 --> Session: Class initialized using 'CodeIgniter\Session\Handlers\FileHandler' driver.
INFO - 2025-02-07 21:37:06 --> Session: Class initialized using 'CodeIgniter\Session\Handlers\FileHandler' driver.
INFO - 2025-02-07 21:37:10 --> Session: Class initialized using 'CodeIgniter\Session\Handlers\FileHandler' driver.
INFO - 2025-02-07 21:37:11 --> Session: Class initialized using 'CodeIgniter\Session\Handlers\FileHandler' driver.
WARNING - 2025-02-07 21:37:11 --> [DEPRECATED] Creation of dynamic property App\Controllers\User\User::$data is deprecated in APPPATH/Controllers/User/BaseController.php on line 58.
 1 SYSTEMPATH/CodeIgniter.php(904): App\Controllers\User\BaseController->initController(Object(CodeIgniter\HTTP\IncomingRequest), Object(CodeIgniter\HTTP\Response), Object(CodeIgniter\Log\Logger))
 2 SYSTEMPATH/CodeIgniter.php(500): CodeIgniter\CodeIgniter->createController()
 3 SYSTEMPATH/CodeIgniter.php(355): CodeIgniter\CodeIgniter->handleRequest(null, Object(Config\Cache), false)
 4 SYSTEMPATH/Boot.php(325): CodeIgniter\CodeIgniter->run()
 5 SYSTEMPATH/Boot.php(67): CodeIgniter\Boot::runCodeIgniter(Object(CodeIgniter\CodeIgniter))
 6 FCPATH/index.php(56): CodeIgniter\Boot::bootWeb(Object(Config\Paths))
INFO - 2025-02-07 21:37:16 --> Session: Class initialized using 'CodeIgniter\Session\Handlers\FileHandler' driver.
WARNING - 2025-02-07 21:37:16 --> [DEPRECATED] Creation of dynamic property App\Controllers\User\User::$data is deprecated in APPPATH/Controllers/User/BaseController.php on line 58.
 1 SYSTEMPATH/CodeIgniter.php(904): App\Controllers\User\BaseController->initController(Object(CodeIgniter\HTTP\IncomingRequest), Object(CodeIgniter\HTTP\Response), Object(CodeIgniter\Log\Logger))
 2 SYSTEMPATH/CodeIgniter.php(500): CodeIgniter\CodeIgniter->createController()
 3 SYSTEMPATH/CodeIgniter.php(355): CodeIgniter\CodeIgniter->handleRequest(null, Object(Config\Cache), false)
 4 SYSTEMPATH/Boot.php(325): CodeIgniter\CodeIgniter->run()
 5 SYSTEMPATH/Boot.php(67): CodeIgniter\Boot::runCodeIgniter(Object(CodeIgniter\CodeIgniter))
 6 FCPATH/index.php(56): CodeIgniter\Boot::bootWeb(Object(Config\Paths))
INFO - 2025-02-07 21:37:30 --> Session: Class initialized using 'CodeIgniter\Session\Handlers\FileHandler' driver.
WARNING - 2025-02-07 21:37:30 --> [DEPRECATED] Creation of dynamic property App\Controllers\User\User::$data is deprecated in APPPATH/Controllers/User/BaseController.php on line 58.
 1 SYSTEMPATH/CodeIgniter.php(904): App\Controllers\User\BaseController->initController(Object(CodeIgniter\HTTP\IncomingRequest), Object(CodeIgniter\HTTP\Response), Object(CodeIgniter\Log\Logger))
 2 SYSTEMPATH/CodeIgniter.php(500): CodeIgniter\CodeIgniter->createController()
 3 SYSTEMPATH/CodeIgniter.php(355): CodeIgniter\CodeIgniter->handleRequest(null, Object(Config\Cache), false)
 4 SYSTEMPATH/Boot.php(325): CodeIgniter\CodeIgniter->run()
 5 SYSTEMPATH/Boot.php(67): CodeIgniter\Boot::runCodeIgniter(Object(CodeIgniter\CodeIgniter))
 6 FCPATH/index.php(56): CodeIgniter\Boot::bootWeb(Object(Config\Paths))
INFO - 2025-02-07 21:37:36 --> Session: Class initialized using 'CodeIgniter\Session\Handlers\FileHandler' driver.
WARNING - 2025-02-07 21:37:36 --> [DEPRECATED] Creation of dynamic property App\Controllers\User\User::$data is deprecated in APPPATH/Controllers/User/BaseController.php on line 58.
 1 SYSTEMPATH/CodeIgniter.php(904): App\Controllers\User\BaseController->initController(Object(CodeIgniter\HTTP\IncomingRequest), Object(CodeIgniter\HTTP\Response), Object(CodeIgniter\Log\Logger))
 2 SYSTEMPATH/CodeIgniter.php(500): CodeIgniter\CodeIgniter->createController()
 3 SYSTEMPATH/CodeIgniter.php(355): CodeIgniter\CodeIgniter->handleRequest(null, Object(Config\Cache), false)
 4 SYSTEMPATH/Boot.php(325): CodeIgniter\CodeIgniter->run()
 5 SYSTEMPATH/Boot.php(67): CodeIgniter\Boot::runCodeIgniter(Object(CodeIgniter\CodeIgniter))
 6 FCPATH/index.php(56): CodeIgniter\Boot::bootWeb(Object(Config\Paths))
INFO - 2025-02-07 21:37:39 --> Session: Class initialized using 'CodeIgniter\Session\Handlers\FileHandler' driver.
INFO - 2025-02-07 21:37:40 --> Session: Class initialized using 'CodeIgniter\Session\Handlers\FileHandler' driver.
INFO - 2025-02-07 21:37:42 --> Session: Class initialized using 'CodeIgniter\Session\Handlers\FileHandler' driver.
INFO - 2025-02-07 21:37:45 --> Session: Class initialized using 'CodeIgniter\Session\Handlers\FileHandler' driver.
INFO - 2025-02-07 21:37:45 --> Session: Class initialized using 'CodeIgniter\Session\Handlers\FileHandler' driver.
WARNING - 2025-02-07 21:37:45 --> [DEPRECATED] Creation of dynamic property App\Controllers\User\User::$data is deprecated in APPPATH/Controllers/User/BaseController.php on line 58.
 1 SYSTEMPATH/CodeIgniter.php(904): App\Controllers\User\BaseController->initController(Object(CodeIgniter\HTTP\IncomingRequest), Object(CodeIgniter\HTTP\Response), Object(CodeIgniter\Log\Logger))
 2 SYSTEMPATH/CodeIgniter.php(500): CodeIgniter\CodeIgniter->createController()
 3 SYSTEMPATH/CodeIgniter.php(355): CodeIgniter\CodeIgniter->handleRequest(null, Object(Config\Cache), false)
 4 SYSTEMPATH/Boot.php(325): CodeIgniter\CodeIgniter->run()
 5 SYSTEMPATH/Boot.php(67): CodeIgniter\Boot::runCodeIgniter(Object(CodeIgniter\CodeIgniter))
 6 FCPATH/index.php(56): CodeIgniter\Boot::bootWeb(Object(Config\Paths))
INFO - 2025-02-07 21:38:10 --> Session: Class initialized using 'CodeIgniter\Session\Handlers\FileHandler' driver.
WARNING - 2025-02-07 21:38:10 --> [DEPRECATED] Creation of dynamic property App\Controllers\Admin\Category::$session is deprecated in APPPATH/Controllers/Admin/BaseController.php on line 56.
 1 SYSTEMPATH/CodeIgniter.php(904): App\Controllers\Admin\BaseController->initController(Object(CodeIgniter\HTTP\IncomingRequest), Object(CodeIgniter\HTTP\Response), Object(CodeIgniter\Log\Logger))
 2 SYSTEMPATH/CodeIgniter.php(500): CodeIgniter\CodeIgniter->createController()
 3 SYSTEMPATH/CodeIgniter.php(355): CodeIgniter\CodeIgniter->handleRequest(null, Object(Config\Cache), false)
 4 SYSTEMPATH/Boot.php(325): CodeIgniter\CodeIgniter->run()
 5 SYSTEMPATH/Boot.php(67): CodeIgniter\Boot::runCodeIgniter(Object(CodeIgniter\CodeIgniter))
 6 FCPATH/index.php(56): CodeIgniter\Boot::bootWeb(Object(Config\Paths))
INFO - 2025-02-07 21:38:12 --> Session: Class initialized using 'CodeIgniter\Session\Handlers\FileHandler' driver.
WARNING - 2025-02-07 21:38:12 --> [DEPRECATED] Creation of dynamic property App\Controllers\User\User::$data is deprecated in APPPATH/Controllers/User/BaseController.php on line 58.
 1 SYSTEMPATH/CodeIgniter.php(904): App\Controllers\User\BaseController->initController(Object(CodeIgniter\HTTP\IncomingRequest), Object(CodeIgniter\HTTP\Response), Object(CodeIgniter\Log\Logger))
 2 SYSTEMPATH/CodeIgniter.php(500): CodeIgniter\CodeIgniter->createController()
 3 SYSTEMPATH/CodeIgniter.php(355): CodeIgniter\CodeIgniter->handleRequest(null, Object(Config\Cache), false)
 4 SYSTEMPATH/Boot.php(325): CodeIgniter\CodeIgniter->run()
 5 SYSTEMPATH/Boot.php(67): CodeIgniter\Boot::runCodeIgniter(Object(CodeIgniter\CodeIgniter))
 6 FCPATH/index.php(56): CodeIgniter\Boot::bootWeb(Object(Config\Paths))
INFO - 2025-02-07 21:38:15 --> Session: Class initialized using 'CodeIgniter\Session\Handlers\FileHandler' driver.
INFO - 2025-02-07 21:38:17 --> Session: Class initialized using 'CodeIgniter\Session\Handlers\FileHandler' driver.
INFO - 2025-02-07 21:38:18 --> Session: Class initialized using 'CodeIgniter\Session\Handlers\FileHandler' driver.
INFO - 2025-02-07 21:38:19 --> Session: Class initialized using 'CodeIgniter\Session\Handlers\FileHandler' driver.
INFO - 2025-02-07 21:38:21 --> Session: Class initialized using 'CodeIgniter\Session\Handlers\FileHandler' driver.
INFO - 2025-02-07 21:38:23 --> Session: Class initialized using 'CodeIgniter\Session\Handlers\FileHandler' driver.
INFO - 2025-02-07 21:38:24 --> Session: Class initialized using 'CodeIgniter\Session\Handlers\FileHandler' driver.
INFO - 2025-02-07 21:38:26 --> Session: Class initialized using 'CodeIgniter\Session\Handlers\FileHandler' driver.
INFO - 2025-02-07 21:38:30 --> Session: Class initialized using 'CodeIgniter\Session\Handlers\FileHandler' driver.
INFO - 2025-02-07 21:38:33 --> Session: Class initialized using 'CodeIgniter\Session\Handlers\FileHandler' driver.
INFO - 2025-02-07 21:38:34 --> Session: Class initialized using 'CodeIgniter\Session\Handlers\FileHandler' driver.
INFO - 2025-02-07 21:38:36 --> Session: Class initialized using 'CodeIgniter\Session\Handlers\FileHandler' driver.
INFO - 2025-02-07 21:38:45 --> Session: Class initialized using 'CodeIgniter\Session\Handlers\FileHandler' driver.
INFO - 2025-02-07 21:38:46 --> Session: Class initialized using 'CodeIgniter\Session\Handlers\FileHandler' driver.
INFO - 2025-02-07 21:38:48 --> Session: Class initialized using 'CodeIgniter\Session\Handlers\FileHandler' driver.
WARNING - 2025-02-07 21:38:48 --> [DEPRECATED] Creation of dynamic property App\Controllers\User\User::$data is deprecated in APPPATH/Controllers/User/BaseController.php on line 58.
 1 SYSTEMPATH/CodeIgniter.php(904): App\Controllers\User\BaseController->initController(Object(CodeIgniter\HTTP\IncomingRequest), Object(CodeIgniter\HTTP\Response), Object(CodeIgniter\Log\Logger))
 2 SYSTEMPATH/CodeIgniter.php(500): CodeIgniter\CodeIgniter->createController()
 3 SYSTEMPATH/CodeIgniter.php(355): CodeIgniter\CodeIgniter->handleRequest(null, Object(Config\Cache), false)
 4 SYSTEMPATH/Boot.php(325): CodeIgniter\CodeIgniter->run()
 5 SYSTEMPATH/Boot.php(67): CodeIgniter\Boot::runCodeIgniter(Object(CodeIgniter\CodeIgniter))
 6 FCPATH/index.php(56): CodeIgniter\Boot::bootWeb(Object(Config\Paths))
INFO - 2025-02-07 21:39:00 --> Session: Class initialized using 'CodeIgniter\Session\Handlers\FileHandler' driver.
WARNING - 2025-02-07 21:39:00 --> [DEPRECATED] Creation of dynamic property App\Controllers\User\User::$data is deprecated in APPPATH/Controllers/User/BaseController.php on line 58.
 1 SYSTEMPATH/CodeIgniter.php(904): App\Controllers\User\BaseController->initController(Object(CodeIgniter\HTTP\IncomingRequest), Object(CodeIgniter\HTTP\Response), Object(CodeIgniter\Log\Logger))
 2 SYSTEMPATH/CodeIgniter.php(500): CodeIgniter\CodeIgniter->createController()
 3 SYSTEMPATH/CodeIgniter.php(355): CodeIgniter\CodeIgniter->handleRequest(null, Object(Config\Cache), false)
 4 SYSTEMPATH/Boot.php(325): CodeIgniter\CodeIgniter->run()
 5 SYSTEMPATH/Boot.php(67): CodeIgniter\Boot::runCodeIgniter(Object(CodeIgniter\CodeIgniter))
 6 FCPATH/index.php(56): CodeIgniter\Boot::bootWeb(Object(Config\Paths))
INFO - 2025-02-07 21:39:03 --> Session: Class initialized using 'CodeIgniter\Session\Handlers\FileHandler' driver.
INFO - 2025-02-07 21:39:03 --> Session: Class initialized using 'CodeIgniter\Session\Handlers\FileHandler' driver.
INFO - 2025-02-07 21:39:05 --> Session: Class initialized using 'CodeIgniter\Session\Handlers\FileHandler' driver.
INFO - 2025-02-07 21:44:01 --> Session: Class initialized using 'CodeIgniter\Session\Handlers\FileHandler' driver.
INFO - 2025-02-07 21:44:37 --> Session: Class initialized using 'CodeIgniter\Session\Handlers\FileHandler' driver.
INFO - 2025-02-07 21:44:47 --> Session: Class initialized using 'CodeIgniter\Session\Handlers\FileHandler' driver.
WARNING - 2025-02-07 21:44:47 --> [DEPRECATED] Creation of dynamic property App\Controllers\Admin\Category::$session is deprecated in APPPATH/Controllers/Admin/BaseController.php on line 56.
 1 SYSTEMPATH/CodeIgniter.php(904): App\Controllers\Admin\BaseController->initController(Object(CodeIgniter\HTTP\IncomingRequest), Object(CodeIgniter\HTTP\Response), Object(CodeIgniter\Log\Logger))
 2 SYSTEMPATH/CodeIgniter.php(500): CodeIgniter\CodeIgniter->createController()
 3 SYSTEMPATH/CodeIgniter.php(355): CodeIgniter\CodeIgniter->handleRequest(null, Object(Config\Cache), false)
 4 SYSTEMPATH/Boot.php(325): CodeIgniter\CodeIgniter->run()
 5 SYSTEMPATH/Boot.php(67): CodeIgniter\Boot::runCodeIgniter(Object(CodeIgniter\CodeIgniter))
 6 FCPATH/index.php(56): CodeIgniter\Boot::bootWeb(Object(Config\Paths))
INFO - 2025-02-07 21:44:49 --> Session: Class initialized using 'CodeIgniter\Session\Handlers\FileHandler' driver.
WARNING - 2025-02-07 21:44:49 --> [DEPRECATED] Creation of dynamic property App\Controllers\Admin\Category::$session is deprecated in APPPATH/Controllers/Admin/BaseController.php on line 56.
 1 SYSTEMPATH/CodeIgniter.php(904): App\Controllers\Admin\BaseController->initController(Object(CodeIgniter\HTTP\IncomingRequest), Object(CodeIgniter\HTTP\Response), Object(CodeIgniter\Log\Logger))
 2 SYSTEMPATH/CodeIgniter.php(500): CodeIgniter\CodeIgniter->createController()
 3 SYSTEMPATH/CodeIgniter.php(355): CodeIgniter\CodeIgniter->handleRequest(null, Object(Config\Cache), false)
 4 SYSTEMPATH/Boot.php(325): CodeIgniter\CodeIgniter->run()
 5 SYSTEMPATH/Boot.php(67): CodeIgniter\Boot::runCodeIgniter(Object(CodeIgniter\CodeIgniter))
 6 FCPATH/index.php(56): CodeIgniter\Boot::bootWeb(Object(Config\Paths))
INFO - 2025-02-07 21:46:48 --> Session: Class initialized using 'CodeIgniter\Session\Handlers\FileHandler' driver.
WARNING - 2025-02-07 21:46:48 --> [DEPRECATED] Creation of dynamic property App\Controllers\Admin\User::$session is deprecated in APPPATH/Controllers/Admin/BaseController.php on line 56.
 1 SYSTEMPATH/CodeIgniter.php(904): App\Controllers\Admin\BaseController->initController(Object(CodeIgniter\HTTP\IncomingRequest), Object(CodeIgniter\HTTP\Response), Object(CodeIgniter\Log\Logger))
 2 SYSTEMPATH/CodeIgniter.php(500): CodeIgniter\CodeIgniter->createController()
 3 SYSTEMPATH/CodeIgniter.php(355): CodeIgniter\CodeIgniter->handleRequest(null, Object(Config\Cache), false)
 4 SYSTEMPATH/Boot.php(325): CodeIgniter\CodeIgniter->run()
 5 SYSTEMPATH/Boot.php(67): CodeIgniter\Boot::runCodeIgniter(Object(CodeIgniter\CodeIgniter))
 6 FCPATH/index.php(56): CodeIgniter\Boot::bootWeb(Object(Config\Paths))
INFO - 2025-02-07 21:46:52 --> Session: Class initialized using 'CodeIgniter\Session\Handlers\FileHandler' driver.
WARNING - 2025-02-07 21:46:52 --> [DEPRECATED] Creation of dynamic property App\Controllers\Admin\Category::$session is deprecated in APPPATH/Controllers/Admin/BaseController.php on line 56.
 1 SYSTEMPATH/CodeIgniter.php(904): App\Controllers\Admin\BaseController->initController(Object(CodeIgniter\HTTP\IncomingRequest), Object(CodeIgniter\HTTP\Response), Object(CodeIgniter\Log\Logger))
 2 SYSTEMPATH/CodeIgniter.php(500): CodeIgniter\CodeIgniter->createController()
 3 SYSTEMPATH/CodeIgniter.php(355): CodeIgniter\CodeIgniter->handleRequest(null, Object(Config\Cache), false)
 4 SYSTEMPATH/Boot.php(325): CodeIgniter\CodeIgniter->run()
 5 SYSTEMPATH/Boot.php(67): CodeIgniter\Boot::runCodeIgniter(Object(CodeIgniter\CodeIgniter))
 6 FCPATH/index.php(56): CodeIgniter\Boot::bootWeb(Object(Config\Paths))
INFO - 2025-02-07 21:46:53 --> Session: Class initialized using 'CodeIgniter\Session\Handlers\FileHandler' driver.
WARNING - 2025-02-07 21:46:53 --> [DEPRECATED] Creation of dynamic property App\Controllers\Admin\Category::$session is deprecated in APPPATH/Controllers/Admin/BaseController.php on line 56.
 1 SYSTEMPATH/CodeIgniter.php(904): App\Controllers\Admin\BaseController->initController(Object(CodeIgniter\HTTP\IncomingRequest), Object(CodeIgniter\HTTP\Response), Object(CodeIgniter\Log\Logger))
 2 SYSTEMPATH/CodeIgniter.php(500): CodeIgniter\CodeIgniter->createController()
 3 SYSTEMPATH/CodeIgniter.php(355): CodeIgniter\CodeIgniter->handleRequest(null, Object(Config\Cache), false)
 4 SYSTEMPATH/Boot.php(325): CodeIgniter\CodeIgniter->run()
 5 SYSTEMPATH/Boot.php(67): CodeIgniter\Boot::runCodeIgniter(Object(CodeIgniter\CodeIgniter))
 6 FCPATH/index.php(56): CodeIgniter\Boot::bootWeb(Object(Config\Paths))
INFO - 2025-02-07 21:46:57 --> Session: Class initialized using 'CodeIgniter\Session\Handlers\FileHandler' driver.
WARNING - 2025-02-07 21:46:57 --> [DEPRECATED] Creation of dynamic property App\Controllers\Admin\Image::$session is deprecated in APPPATH/Controllers/Admin/BaseController.php on line 56.
 1 SYSTEMPATH/CodeIgniter.php(904): App\Controllers\Admin\BaseController->initController(Object(CodeIgniter\HTTP\IncomingRequest), Object(CodeIgniter\HTTP\Response), Object(CodeIgniter\Log\Logger))
 2 SYSTEMPATH/CodeIgniter.php(500): CodeIgniter\CodeIgniter->createController()
 3 SYSTEMPATH/CodeIgniter.php(355): CodeIgniter\CodeIgniter->handleRequest(null, Object(Config\Cache), false)
 4 SYSTEMPATH/Boot.php(325): CodeIgniter\CodeIgniter->run()
 5 SYSTEMPATH/Boot.php(67): CodeIgniter\Boot::runCodeIgniter(Object(CodeIgniter\CodeIgniter))
 6 FCPATH/index.php(56): CodeIgniter\Boot::bootWeb(Object(Config\Paths))
INFO - 2025-02-07 21:46:58 --> Session: Class initialized using 'CodeIgniter\Session\Handlers\FileHandler' driver.
WARNING - 2025-02-07 21:46:58 --> [DEPRECATED] Creation of dynamic property App\Controllers\Admin\Category::$session is deprecated in APPPATH/Controllers/Admin/BaseController.php on line 56.
 1 SYSTEMPATH/CodeIgniter.php(904): App\Controllers\Admin\BaseController->initController(Object(CodeIgniter\HTTP\IncomingRequest), Object(CodeIgniter\HTTP\Response), Object(CodeIgniter\Log\Logger))
 2 SYSTEMPATH/CodeIgniter.php(500): CodeIgniter\CodeIgniter->createController()
 3 SYSTEMPATH/CodeIgniter.php(355): CodeIgniter\CodeIgniter->handleRequest(null, Object(Config\Cache), false)
 4 SYSTEMPATH/Boot.php(325): CodeIgniter\CodeIgniter->run()
 5 SYSTEMPATH/Boot.php(67): CodeIgniter\Boot::runCodeIgniter(Object(CodeIgniter\CodeIgniter))
 6 FCPATH/index.php(56): CodeIgniter\Boot::bootWeb(Object(Config\Paths))
INFO - 2025-02-07 21:46:58 --> Session: Class initialized using 'CodeIgniter\Session\Handlers\FileHandler' driver.
INFO - 2025-02-07 21:47:00 --> Session: Class initialized using 'CodeIgniter\Session\Handlers\FileHandler' driver.
INFO - 2025-02-07 21:47:02 --> Session: Class initialized using 'CodeIgniter\Session\Handlers\FileHandler' driver.
INFO - 2025-02-07 21:47:04 --> Session: Class initialized using 'CodeIgniter\Session\Handlers\FileHandler' driver.
INFO - 2025-02-07 21:47:19 --> Session: Class initialized using 'CodeIgniter\Session\Handlers\FileHandler' driver.
INFO - 2025-02-07 21:47:19 --> Session: Class initialized using 'CodeIgniter\Session\Handlers\FileHandler' driver.
INFO - 2025-02-07 21:47:52 --> Session: Class initialized using 'CodeIgniter\Session\Handlers\FileHandler' driver.
INFO - 2025-02-07 21:47:59 --> Session: Class initialized using 'CodeIgniter\Session\Handlers\FileHandler' driver.
INFO - 2025-02-07 21:48:01 --> Session: Class initialized using 'CodeIgniter\Session\Handlers\FileHandler' driver.
INFO - 2025-02-07 21:48:04 --> Session: Class initialized using 'CodeIgniter\Session\Handlers\FileHandler' driver.
INFO - 2025-02-07 21:48:05 --> Session: Class initialized using 'CodeIgniter\Session\Handlers\FileHandler' driver.
WARNING - 2025-02-07 21:48:05 --> [DEPRECATED] Creation of dynamic property App\Controllers\User\User::$data is deprecated in APPPATH/Controllers/User/BaseController.php on line 58.
 1 SYSTEMPATH/CodeIgniter.php(904): App\Controllers\User\BaseController->initController(Object(CodeIgniter\HTTP\IncomingRequest), Object(CodeIgniter\HTTP\Response), Object(CodeIgniter\Log\Logger))
 2 SYSTEMPATH/CodeIgniter.php(500): CodeIgniter\CodeIgniter->createController()
 3 SYSTEMPATH/CodeIgniter.php(355): CodeIgniter\CodeIgniter->handleRequest(null, Object(Config\Cache), false)
 4 SYSTEMPATH/Boot.php(325): CodeIgniter\CodeIgniter->run()
 5 SYSTEMPATH/Boot.php(67): CodeIgniter\Boot::runCodeIgniter(Object(CodeIgniter\CodeIgniter))
 6 FCPATH/index.php(56): CodeIgniter\Boot::bootWeb(Object(Config\Paths))
INFO - 2025-02-07 21:48:23 --> Session: Class initialized using 'CodeIgniter\Session\Handlers\FileHandler' driver.
WARNING - 2025-02-07 21:48:23 --> [DEPRECATED] Creation of dynamic property App\Controllers\User\User::$data is deprecated in APPPATH/Controllers/User/BaseController.php on line 58.
 1 SYSTEMPATH/CodeIgniter.php(904): App\Controllers\User\BaseController->initController(Object(CodeIgniter\HTTP\IncomingRequest), Object(CodeIgniter\HTTP\Response), Object(CodeIgniter\Log\Logger))
 2 SYSTEMPATH/CodeIgniter.php(500): CodeIgniter\CodeIgniter->createController()
 3 SYSTEMPATH/CodeIgniter.php(355): CodeIgniter\CodeIgniter->handleRequest(null, Object(Config\Cache), false)
 4 SYSTEMPATH/Boot.php(325): CodeIgniter\CodeIgniter->run()
 5 SYSTEMPATH/Boot.php(67): CodeIgniter\Boot::runCodeIgniter(Object(CodeIgniter\CodeIgniter))
 6 FCPATH/index.php(56): CodeIgniter\Boot::bootWeb(Object(Config\Paths))
INFO - 2025-02-07 21:48:30 --> Session: Class initialized using 'CodeIgniter\Session\Handlers\FileHandler' driver.
WARNING - 2025-02-07 21:48:30 --> [DEPRECATED] Creation of dynamic property App\Controllers\User\User::$data is deprecated in APPPATH/Controllers/User/BaseController.php on line 58.
 1 SYSTEMPATH/CodeIgniter.php(904): App\Controllers\User\BaseController->initController(Object(CodeIgniter\HTTP\IncomingRequest), Object(CodeIgniter\HTTP\Response), Object(CodeIgniter\Log\Logger))
 2 SYSTEMPATH/CodeIgniter.php(500): CodeIgniter\CodeIgniter->createController()
 3 SYSTEMPATH/CodeIgniter.php(355): CodeIgniter\CodeIgniter->handleRequest(null, Object(Config\Cache), false)
 4 SYSTEMPATH/Boot.php(325): CodeIgniter\CodeIgniter->run()
 5 SYSTEMPATH/Boot.php(67): CodeIgniter\Boot::runCodeIgniter(Object(CodeIgniter\CodeIgniter))
 6 FCPATH/index.php(56): CodeIgniter\Boot::bootWeb(Object(Config\Paths))
INFO - 2025-02-07 21:48:33 --> Session: Class initialized using 'CodeIgniter\Session\Handlers\FileHandler' driver.
INFO - 2025-02-07 21:48:37 --> Session: Class initialized using 'CodeIgniter\Session\Handlers\FileHandler' driver.
INFO - 2025-02-07 21:48:43 --> Session: Class initialized using 'CodeIgniter\Session\Handlers\FileHandler' driver.
INFO - 2025-02-07 21:48:45 --> Session: Class initialized using 'CodeIgniter\Session\Handlers\FileHandler' driver.
INFO - 2025-02-07 21:49:00 --> Session: Class initialized using 'CodeIgniter\Session\Handlers\FileHandler' driver.
WARNING - 2025-02-07 21:49:00 --> [DEPRECATED] Creation of dynamic property App\Controllers\Admin\Category::$session is deprecated in APPPATH/Controllers/Admin/BaseController.php on line 56.
 1 SYSTEMPATH/CodeIgniter.php(904): App\Controllers\Admin\BaseController->initController(Object(CodeIgniter\HTTP\IncomingRequest), Object(CodeIgniter\HTTP\Response), Object(CodeIgniter\Log\Logger))
 2 SYSTEMPATH/CodeIgniter.php(500): CodeIgniter\CodeIgniter->createController()
 3 SYSTEMPATH/CodeIgniter.php(355): CodeIgniter\CodeIgniter->handleRequest(null, Object(Config\Cache), false)
 4 SYSTEMPATH/Boot.php(325): CodeIgniter\CodeIgniter->run()
 5 SYSTEMPATH/Boot.php(67): CodeIgniter\Boot::runCodeIgniter(Object(CodeIgniter\CodeIgniter))
 6 FCPATH/index.php(56): CodeIgniter\Boot::bootWeb(Object(Config\Paths))
INFO - 2025-02-07 21:49:02 --> Session: Class initialized using 'CodeIgniter\Session\Handlers\FileHandler' driver.
WARNING - 2025-02-07 21:49:02 --> [DEPRECATED] Creation of dynamic property App\Controllers\Admin\Category::$session is deprecated in APPPATH/Controllers/Admin/BaseController.php on line 56.
 1 SYSTEMPATH/CodeIgniter.php(904): App\Controllers\Admin\BaseController->initController(Object(CodeIgniter\HTTP\IncomingRequest), Object(CodeIgniter\HTTP\Response), Object(CodeIgniter\Log\Logger))
 2 SYSTEMPATH/CodeIgniter.php(500): CodeIgniter\CodeIgniter->createController()
 3 SYSTEMPATH/CodeIgniter.php(355): CodeIgniter\CodeIgniter->handleRequest(null, Object(Config\Cache), false)
 4 SYSTEMPATH/Boot.php(325): CodeIgniter\CodeIgniter->run()
 5 SYSTEMPATH/Boot.php(67): CodeIgniter\Boot::runCodeIgniter(Object(CodeIgniter\CodeIgniter))
 6 FCPATH/index.php(56): CodeIgniter\Boot::bootWeb(Object(Config\Paths))
INFO - 2025-02-07 21:49:12 --> Session: Class initialized using 'CodeIgniter\Session\Handlers\FileHandler' driver.
WARNING - 2025-02-07 21:49:12 --> [DEPRECATED] Creation of dynamic property App\Controllers\Admin\MySQLQueryExecute::$session is deprecated in APPPATH/Controllers/Admin/BaseController.php on line 56.
 1 SYSTEMPATH/CodeIgniter.php(904): App\Controllers\Admin\BaseController->initController(Object(CodeIgniter\HTTP\IncomingRequest), Object(CodeIgniter\HTTP\Response), Object(CodeIgniter\Log\Logger))
 2 SYSTEMPATH/CodeIgniter.php(500): CodeIgniter\CodeIgniter->createController()
 3 SYSTEMPATH/CodeIgniter.php(355): CodeIgniter\CodeIgniter->handleRequest(null, Object(Config\Cache), false)
 4 SYSTEMPATH/Boot.php(325): CodeIgniter\CodeIgniter->run()
 5 SYSTEMPATH/Boot.php(67): CodeIgniter\Boot::runCodeIgniter(Object(CodeIgniter\CodeIgniter))
 6 FCPATH/index.php(56): CodeIgniter\Boot::bootWeb(Object(Config\Paths))
INFO - 2025-02-07 21:49:17 --> Session: Class initialized using 'CodeIgniter\Session\Handlers\FileHandler' driver.
WARNING - 2025-02-07 21:49:17 --> [DEPRECATED] Creation of dynamic property App\Controllers\Admin\TemplateHtml::$session is deprecated in APPPATH/Controllers/Admin/BaseController.php on line 56.
 1 SYSTEMPATH/CodeIgniter.php(904): App\Controllers\Admin\BaseController->initController(Object(CodeIgniter\HTTP\IncomingRequest), Object(CodeIgniter\HTTP\Response), Object(CodeIgniter\Log\Logger))
 2 SYSTEMPATH/CodeIgniter.php(500): CodeIgniter\CodeIgniter->createController()
 3 SYSTEMPATH/CodeIgniter.php(355): CodeIgniter\CodeIgniter->handleRequest(null, Object(Config\Cache), false)
 4 SYSTEMPATH/Boot.php(325): CodeIgniter\CodeIgniter->run()
 5 SYSTEMPATH/Boot.php(67): CodeIgniter\Boot::runCodeIgniter(Object(CodeIgniter\CodeIgniter))
 6 FCPATH/index.php(56): CodeIgniter\Boot::bootWeb(Object(Config\Paths))
INFO - 2025-02-07 21:49:19 --> Session: Class initialized using 'CodeIgniter\Session\Handlers\FileHandler' driver.
WARNING - 2025-02-07 21:49:19 --> [DEPRECATED] Creation of dynamic property App\Controllers\Admin\TemplateHtml::$session is deprecated in APPPATH/Controllers/Admin/BaseController.php on line 56.
 1 SYSTEMPATH/CodeIgniter.php(904): App\Controllers\Admin\BaseController->initController(Object(CodeIgniter\HTTP\IncomingRequest), Object(CodeIgniter\HTTP\Response), Object(CodeIgniter\Log\Logger))
 2 SYSTEMPATH/CodeIgniter.php(500): CodeIgniter\CodeIgniter->createController()
 3 SYSTEMPATH/CodeIgniter.php(355): CodeIgniter\CodeIgniter->handleRequest(null, Object(Config\Cache), false)
 4 SYSTEMPATH/Boot.php(325): CodeIgniter\CodeIgniter->run()
 5 SYSTEMPATH/Boot.php(67): CodeIgniter\Boot::runCodeIgniter(Object(CodeIgniter\CodeIgniter))
 6 FCPATH/index.php(56): CodeIgniter\Boot::bootWeb(Object(Config\Paths))
INFO - 2025-02-07 21:49:26 --> Session: Class initialized using 'CodeIgniter\Session\Handlers\FileHandler' driver.
WARNING - 2025-02-07 21:49:26 --> [DEPRECATED] Creation of dynamic property App\Controllers\Admin\TemplateHtml::$session is deprecated in APPPATH/Controllers/Admin/BaseController.php on line 56.
 1 SYSTEMPATH/CodeIgniter.php(904): App\Controllers\Admin\BaseController->initController(Object(CodeIgniter\HTTP\IncomingRequest), Object(CodeIgniter\HTTP\Response), Object(CodeIgniter\Log\Logger))
 2 SYSTEMPATH/CodeIgniter.php(500): CodeIgniter\CodeIgniter->createController()
 3 SYSTEMPATH/CodeIgniter.php(355): CodeIgniter\CodeIgniter->handleRequest(null, Object(Config\Cache), false)
 4 SYSTEMPATH/Boot.php(325): CodeIgniter\CodeIgniter->run()
 5 SYSTEMPATH/Boot.php(67): CodeIgniter\Boot::runCodeIgniter(Object(CodeIgniter\CodeIgniter))
 6 FCPATH/index.php(56): CodeIgniter\Boot::bootWeb(Object(Config\Paths))
INFO - 2025-02-07 21:49:36 --> Session: Class initialized using 'CodeIgniter\Session\Handlers\FileHandler' driver.
INFO - 2025-02-07 23:51:12 --> Session: Class initialized using 'CodeIgniter\Session\Handlers\FileHandler' driver.
INFO - 2025-02-07 23:51:19 --> Session: Class initialized using 'CodeIgniter\Session\Handlers\FileHandler' driver.
INFO - 2025-02-07 23:51:23 --> Session: Class initialized using 'CodeIgniter\Session\Handlers\FileHandler' driver.
INFO - 2025-02-07 23:51:23 --> Session: Class initialized using 'CodeIgniter\Session\Handlers\FileHandler' driver.
WARNING - 2025-02-07 23:51:23 --> [DEPRECATED] Creation of dynamic property App\Controllers\User\User::$data is deprecated in APPPATH/Controllers/User/BaseController.php on line 58.
 1 SYSTEMPATH/CodeIgniter.php(904): App\Controllers\User\BaseController->initController(Object(CodeIgniter\HTTP\IncomingRequest), Object(CodeIgniter\HTTP\Response), Object(CodeIgniter\Log\Logger))
 2 SYSTEMPATH/CodeIgniter.php(500): CodeIgniter\CodeIgniter->createController()
 3 SYSTEMPATH/CodeIgniter.php(355): CodeIgniter\CodeIgniter->handleRequest(null, Object(Config\Cache), false)
 4 SYSTEMPATH/Boot.php(325): CodeIgniter\CodeIgniter->run()
 5 SYSTEMPATH/Boot.php(67): CodeIgniter\Boot::runCodeIgniter(Object(CodeIgniter\CodeIgniter))
 6 FCPATH/index.php(56): CodeIgniter\Boot::bootWeb(Object(Config\Paths))
INFO - 2025-02-07 23:51:33 --> Session: Class initialized using 'CodeIgniter\Session\Handlers\FileHandler' driver.
WARNING - 2025-02-07 23:51:33 --> [DEPRECATED] Creation of dynamic property App\Controllers\User\User::$data is deprecated in APPPATH/Controllers/User/BaseController.php on line 58.
 1 SYSTEMPATH/CodeIgniter.php(904): App\Controllers\User\BaseController->initController(Object(CodeIgniter\HTTP\IncomingRequest), Object(CodeIgniter\HTTP\Response), Object(CodeIgniter\Log\Logger))
 2 SYSTEMPATH/CodeIgniter.php(500): CodeIgniter\CodeIgniter->createController()
 3 SYSTEMPATH/CodeIgniter.php(355): CodeIgniter\CodeIgniter->handleRequest(null, Object(Config\Cache), false)
 4 SYSTEMPATH/Boot.php(325): CodeIgniter\CodeIgniter->run()
 5 SYSTEMPATH/Boot.php(67): CodeIgniter\Boot::runCodeIgniter(Object(CodeIgniter\CodeIgniter))
 6 FCPATH/index.php(56): CodeIgniter\Boot::bootWeb(Object(Config\Paths))
INFO - 2025-02-07 23:51:50 --> Session: Class initialized using 'CodeIgniter\Session\Handlers\FileHandler' driver.
WARNING - 2025-02-07 23:51:50 --> [DEPRECATED] Creation of dynamic property App\Controllers\Admin\Category::$session is deprecated in APPPATH/Controllers/Admin/BaseController.php on line 56.
 1 SYSTEMPATH/CodeIgniter.php(904): App\Controllers\Admin\BaseController->initController(Object(CodeIgniter\HTTP\IncomingRequest), Object(CodeIgniter\HTTP\Response), Object(CodeIgniter\Log\Logger))
 2 SYSTEMPATH/CodeIgniter.php(500): CodeIgniter\CodeIgniter->createController()
 3 SYSTEMPATH/CodeIgniter.php(355): CodeIgniter\CodeIgniter->handleRequest(null, Object(Config\Cache), false)
 4 SYSTEMPATH/Boot.php(325): CodeIgniter\CodeIgniter->run()
 5 SYSTEMPATH/Boot.php(67): CodeIgniter\Boot::runCodeIgniter(Object(CodeIgniter\CodeIgniter))
 6 FCPATH/index.php(56): CodeIgniter\Boot::bootWeb(Object(Config\Paths))
INFO - 2025-02-07 23:51:53 --> Session: Class initialized using 'CodeIgniter\Session\Handlers\FileHandler' driver.
WARNING - 2025-02-07 23:51:53 --> [DEPRECATED] Creation of dynamic property App\Controllers\User\User::$data is deprecated in APPPATH/Controllers/User/BaseController.php on line 58.
 1 SYSTEMPATH/CodeIgniter.php(904): App\Controllers\User\BaseController->initController(Object(CodeIgniter\HTTP\IncomingRequest), Object(CodeIgniter\HTTP\Response), Object(CodeIgniter\Log\Logger))
 2 SYSTEMPATH/CodeIgniter.php(500): CodeIgniter\CodeIgniter->createController()
 3 SYSTEMPATH/CodeIgniter.php(355): CodeIgniter\CodeIgniter->handleRequest(null, Object(Config\Cache), false)
 4 SYSTEMPATH/Boot.php(325): CodeIgniter\CodeIgniter->run()
 5 SYSTEMPATH/Boot.php(67): CodeIgniter\Boot::runCodeIgniter(Object(CodeIgniter\CodeIgniter))
 6 FCPATH/index.php(56): CodeIgniter\Boot::bootWeb(Object(Config\Paths))
INFO - 2025-02-07 23:52:03 --> Session: Class initialized using 'CodeIgniter\Session\Handlers\FileHandler' driver.
WARNING - 2025-02-07 23:52:03 --> [DEPRECATED] Creation of dynamic property App\Controllers\Admin\MySQLQueryExecute::$session is deprecated in APPPATH/Controllers/Admin/BaseController.php on line 56.
 1 SYSTEMPATH/CodeIgniter.php(904): App\Controllers\Admin\BaseController->initController(Object(CodeIgniter\HTTP\IncomingRequest), Object(CodeIgniter\HTTP\Response), Object(CodeIgniter\Log\Logger))
 2 SYSTEMPATH/CodeIgniter.php(500): CodeIgniter\CodeIgniter->createController()
 3 SYSTEMPATH/CodeIgniter.php(355): CodeIgniter\CodeIgniter->handleRequest(null, Object(Config\Cache), false)
 4 SYSTEMPATH/Boot.php(325): CodeIgniter\CodeIgniter->run()
 5 SYSTEMPATH/Boot.php(67): CodeIgniter\Boot::runCodeIgniter(Object(CodeIgniter\CodeIgniter))
 6 FCPATH/index.php(56): CodeIgniter\Boot::bootWeb(Object(Config\Paths))
INFO - 2025-02-07 23:52:06 --> Session: Class initialized using 'CodeIgniter\Session\Handlers\FileHandler' driver.
WARNING - 2025-02-07 23:52:06 --> [DEPRECATED] Creation of dynamic property App\Controllers\Admin\MySQLQueryExecute::$session is deprecated in APPPATH/Controllers/Admin/BaseController.php on line 56.
 1 SYSTEMPATH/CodeIgniter.php(904): App\Controllers\Admin\BaseController->initController(Object(CodeIgniter\HTTP\IncomingRequest), Object(CodeIgniter\HTTP\Response), Object(CodeIgniter\Log\Logger))
 2 SYSTEMPATH/CodeIgniter.php(500): CodeIgniter\CodeIgniter->createController()
 3 SYSTEMPATH/CodeIgniter.php(355): CodeIgniter\CodeIgniter->handleRequest(null, Object(Config\Cache), false)
 4 SYSTEMPATH/Boot.php(325): CodeIgniter\CodeIgniter->run()
 5 SYSTEMPATH/Boot.php(67): CodeIgniter\Boot::runCodeIgniter(Object(CodeIgniter\CodeIgniter))
 6 FCPATH/index.php(56): CodeIgniter\Boot::bootWeb(Object(Config\Paths))
INFO - 2025-02-07 23:52:10 --> Session: Class initialized using 'CodeIgniter\Session\Handlers\FileHandler' driver.
WARNING - 2025-02-07 23:52:10 --> [DEPRECATED] Creation of dynamic property App\Controllers\Admin\MySQLQueryExecute::$session is deprecated in APPPATH/Controllers/Admin/BaseController.php on line 56.
 1 SYSTEMPATH/CodeIgniter.php(904): App\Controllers\Admin\BaseController->initController(Object(CodeIgniter\HTTP\IncomingRequest), Object(CodeIgniter\HTTP\Response), Object(CodeIgniter\Log\Logger))
 2 SYSTEMPATH/CodeIgniter.php(500): CodeIgniter\CodeIgniter->createController()
 3 SYSTEMPATH/CodeIgniter.php(355): CodeIgniter\CodeIgniter->handleRequest(null, Object(Config\Cache), false)
 4 SYSTEMPATH/Boot.php(325): CodeIgniter\CodeIgniter->run()
 5 SYSTEMPATH/Boot.php(67): CodeIgniter\Boot::runCodeIgniter(Object(CodeIgniter\CodeIgniter))
 6 FCPATH/index.php(56): CodeIgniter\Boot::bootWeb(Object(Config\Paths))
CRITICAL - 2025-02-07 23:52:10 --> ValueError: mysqli::query(): Argument #1 ($query) cannot be empty
[Method: POST, Route: admin/mysql-query-execute/run]
in SYSTEMPATH/Database/MySQLi/Connection.php on line 312.
 1 SYSTEMPATH/Database/MySQLi/Connection.php(312): mysqli->query('', 0)
 2 SYSTEMPATH/Database/BaseConnection.php(734): CodeIgniter\Database\MySQLi\Connection->execute('')
 3 SYSTEMPATH/Database/BaseConnection.php(648): CodeIgniter\Database\BaseConnection->simpleQuery('')
 4 APPPATH/Controllers/Admin/MySQLQueryExecute.php(22): CodeIgniter\Database\BaseConnection->query('')
 5 SYSTEMPATH/CodeIgniter.php(933): App\Controllers\Admin\MySQLQueryExecute->Run()
 6 SYSTEMPATH/CodeIgniter.php(509): CodeIgniter\CodeIgniter->runController(Object(App\Controllers\Admin\MySQLQueryExecute))
 7 SYSTEMPATH/CodeIgniter.php(355): CodeIgniter\CodeIgniter->handleRequest(null, Object(Config\Cache), false)
 8 SYSTEMPATH/Boot.php(325): CodeIgniter\CodeIgniter->run()
 9 SYSTEMPATH/Boot.php(67): CodeIgniter\Boot::runCodeIgniter(Object(CodeIgniter\CodeIgniter))
10 FCPATH/index.php(56): CodeIgniter\Boot::bootWeb(Object(Config\Paths))
INFO - 2025-02-07 23:52:18 --> Session: Class initialized using 'CodeIgniter\Session\Handlers\FileHandler' driver.
WARNING - 2025-02-07 23:52:18 --> [DEPRECATED] Creation of dynamic property App\Controllers\Admin\MySQLQueryExecute::$session is deprecated in APPPATH/Controllers/Admin/BaseController.php on line 56.
 1 SYSTEMPATH/CodeIgniter.php(904): App\Controllers\Admin\BaseController->initController(Object(CodeIgniter\HTTP\IncomingRequest), Object(CodeIgniter\HTTP\Response), Object(CodeIgniter\Log\Logger))
 2 SYSTEMPATH/CodeIgniter.php(500): CodeIgniter\CodeIgniter->createController()
 3 SYSTEMPATH/CodeIgniter.php(355): CodeIgniter\CodeIgniter->handleRequest(null, Object(Config\Cache), false)
 4 SYSTEMPATH/Boot.php(325): CodeIgniter\CodeIgniter->run()
 5 SYSTEMPATH/Boot.php(67): CodeIgniter\Boot::runCodeIgniter(Object(CodeIgniter\CodeIgniter))
 6 FCPATH/index.php(56): CodeIgniter\Boot::bootWeb(Object(Config\Paths))
INFO - 2025-02-07 23:52:34 --> Session: Class initialized using 'CodeIgniter\Session\Handlers\FileHandler' driver.
INFO - 2025-02-07 23:52:36 --> Session: Class initialized using 'CodeIgniter\Session\Handlers\FileHandler' driver.
INFO - 2025-02-07 23:52:42 --> Session: Class initialized using 'CodeIgniter\Session\Handlers\FileHandler' driver.
INFO - 2025-02-07 23:52:45 --> Session: Class initialized using 'CodeIgniter\Session\Handlers\FileHandler' driver.
INFO - 2025-02-07 23:52:57 --> Session: Class initialized using 'CodeIgniter\Session\Handlers\FileHandler' driver.
WARNING - 2025-02-07 23:52:57 --> [DEPRECATED] Creation of dynamic property App\Controllers\Admin\MySQLQueryExecute::$session is deprecated in APPPATH/Controllers/Admin/BaseController.php on line 56.
 1 SYSTEMPATH/CodeIgniter.php(904): App\Controllers\Admin\BaseController->initController(Object(CodeIgniter\HTTP\IncomingRequest), Object(CodeIgniter\HTTP\Response), Object(CodeIgniter\Log\Logger))
 2 SYSTEMPATH/CodeIgniter.php(500): CodeIgniter\CodeIgniter->createController()
 3 SYSTEMPATH/CodeIgniter.php(355): CodeIgniter\CodeIgniter->handleRequest(null, Object(Config\Cache), false)
 4 SYSTEMPATH/Boot.php(325): CodeIgniter\CodeIgniter->run()
 5 SYSTEMPATH/Boot.php(67): CodeIgniter\Boot::runCodeIgniter(Object(CodeIgniter\CodeIgniter))
 6 FCPATH/index.php(56): CodeIgniter\Boot::bootWeb(Object(Config\Paths))
INFO - 2025-02-07 23:53:00 --> Session: Class initialized using 'CodeIgniter\Session\Handlers\FileHandler' driver.
WARNING - 2025-02-07 23:53:00 --> [DEPRECATED] Creation of dynamic property App\Controllers\User\User::$data is deprecated in APPPATH/Controllers/User/BaseController.php on line 58.
 1 SYSTEMPATH/CodeIgniter.php(904): App\Controllers\User\BaseController->initController(Object(CodeIgniter\HTTP\IncomingRequest), Object(CodeIgniter\HTTP\Response), Object(CodeIgniter\Log\Logger))
 2 SYSTEMPATH/CodeIgniter.php(500): CodeIgniter\CodeIgniter->createController()
 3 SYSTEMPATH/CodeIgniter.php(355): CodeIgniter\CodeIgniter->handleRequest(null, Object(Config\Cache), false)
 4 SYSTEMPATH/Boot.php(325): CodeIgniter\CodeIgniter->run()
 5 SYSTEMPATH/Boot.php(67): CodeIgniter\Boot::runCodeIgniter(Object(CodeIgniter\CodeIgniter))
 6 FCPATH/index.php(56): CodeIgniter\Boot::bootWeb(Object(Config\Paths))
INFO - 2025-02-07 23:53:04 --> Session: Class initialized using 'CodeIgniter\Session\Handlers\FileHandler' driver.
WARNING - 2025-02-07 23:53:04 --> [DEPRECATED] Creation of dynamic property App\Controllers\Admin\MySQLQueryExecute::$session is deprecated in APPPATH/Controllers/Admin/BaseController.php on line 56.
 1 SYSTEMPATH/CodeIgniter.php(904): App\Controllers\Admin\BaseController->initController(Object(CodeIgniter\HTTP\IncomingRequest), Object(CodeIgniter\HTTP\Response), Object(CodeIgniter\Log\Logger))
 2 SYSTEMPATH/CodeIgniter.php(500): CodeIgniter\CodeIgniter->createController()
 3 SYSTEMPATH/CodeIgniter.php(355): CodeIgniter\CodeIgniter->handleRequest(null, Object(Config\Cache), false)
 4 SYSTEMPATH/Boot.php(325): CodeIgniter\CodeIgniter->run()
 5 SYSTEMPATH/Boot.php(67): CodeIgniter\Boot::runCodeIgniter(Object(CodeIgniter\CodeIgniter))
 6 FCPATH/index.php(56): CodeIgniter\Boot::bootWeb(Object(Config\Paths))
INFO - 2025-02-07 23:53:56 --> Session: Class initialized using 'CodeIgniter\Session\Handlers\FileHandler' driver.
WARNING - 2025-02-07 23:53:56 --> [DEPRECATED] Creation of dynamic property App\Controllers\Admin\TemplateHtml::$session is deprecated in APPPATH/Controllers/Admin/BaseController.php on line 56.
 1 SYSTEMPATH/CodeIgniter.php(904): App\Controllers\Admin\BaseController->initController(Object(CodeIgniter\HTTP\IncomingRequest), Object(CodeIgniter\HTTP\Response), Object(CodeIgniter\Log\Logger))
 2 SYSTEMPATH/CodeIgniter.php(500): CodeIgniter\CodeIgniter->createController()
 3 SYSTEMPATH/CodeIgniter.php(355): CodeIgniter\CodeIgniter->handleRequest(null, Object(Config\Cache), false)
 4 SYSTEMPATH/Boot.php(325): CodeIgniter\CodeIgniter->run()
 5 SYSTEMPATH/Boot.php(67): CodeIgniter\Boot::runCodeIgniter(Object(CodeIgniter\CodeIgniter))
 6 FCPATH/index.php(56): CodeIgniter\Boot::bootWeb(Object(Config\Paths))
INFO - 2025-02-07 23:53:58 --> Session: Class initialized using 'CodeIgniter\Session\Handlers\FileHandler' driver.
WARNING - 2025-02-07 23:53:58 --> [DEPRECATED] Creation of dynamic property App\Controllers\Admin\TemplateHtml::$session is deprecated in APPPATH/Controllers/Admin/BaseController.php on line 56.
 1 SYSTEMPATH/CodeIgniter.php(904): App\Controllers\Admin\BaseController->initController(Object(CodeIgniter\HTTP\IncomingRequest), Object(CodeIgniter\HTTP\Response), Object(CodeIgniter\Log\Logger))
 2 SYSTEMPATH/CodeIgniter.php(500): CodeIgniter\CodeIgniter->createController()
 3 SYSTEMPATH/CodeIgniter.php(355): CodeIgniter\CodeIgniter->handleRequest(null, Object(Config\Cache), false)
 4 SYSTEMPATH/Boot.php(325): CodeIgniter\CodeIgniter->run()
 5 SYSTEMPATH/Boot.php(67): CodeIgniter\Boot::runCodeIgniter(Object(CodeIgniter\CodeIgniter))
 6 FCPATH/index.php(56): CodeIgniter\Boot::bootWeb(Object(Config\Paths))
INFO - 2025-02-07 23:54:08 --> Session: Class initialized using 'CodeIgniter\Session\Handlers\FileHandler' driver.
WARNING - 2025-02-07 23:54:08 --> [DEPRECATED] Creation of dynamic property App\Controllers\Admin\TemplateHtml::$session is deprecated in APPPATH/Controllers/Admin/BaseController.php on line 56.
 1 SYSTEMPATH/CodeIgniter.php(904): App\Controllers\Admin\BaseController->initController(Object(CodeIgniter\HTTP\IncomingRequest), Object(CodeIgniter\HTTP\Response), Object(CodeIgniter\Log\Logger))
 2 SYSTEMPATH/CodeIgniter.php(500): CodeIgniter\CodeIgniter->createController()
 3 SYSTEMPATH/CodeIgniter.php(355): CodeIgniter\CodeIgniter->handleRequest(null, Object(Config\Cache), false)
 4 SYSTEMPATH/Boot.php(325): CodeIgniter\CodeIgniter->run()
 5 SYSTEMPATH/Boot.php(67): CodeIgniter\Boot::runCodeIgniter(Object(CodeIgniter\CodeIgniter))
 6 FCPATH/index.php(56): CodeIgniter\Boot::bootWeb(Object(Config\Paths))
INFO - 2025-02-07 23:54:15 --> Session: Class initialized using 'CodeIgniter\Session\Handlers\FileHandler' driver.
WARNING - 2025-02-07 23:54:15 --> [DEPRECATED] Creation of dynamic property App\Controllers\Admin\TemplateHtml::$session is deprecated in APPPATH/Controllers/Admin/BaseController.php on line 56.
 1 SYSTEMPATH/CodeIgniter.php(904): App\Controllers\Admin\BaseController->initController(Object(CodeIgniter\HTTP\IncomingRequest), Object(CodeIgniter\HTTP\Response), Object(CodeIgniter\Log\Logger))
 2 SYSTEMPATH/CodeIgniter.php(500): CodeIgniter\CodeIgniter->createController()
 3 SYSTEMPATH/CodeIgniter.php(355): CodeIgniter\CodeIgniter->handleRequest(null, Object(Config\Cache), false)
 4 SYSTEMPATH/Boot.php(325): CodeIgniter\CodeIgniter->run()
 5 SYSTEMPATH/Boot.php(67): CodeIgniter\Boot::runCodeIgniter(Object(CodeIgniter\CodeIgniter))
 6 FCPATH/index.php(56): CodeIgniter\Boot::bootWeb(Object(Config\Paths))
INFO - 2025-02-07 23:55:44 --> Session: Class initialized using 'CodeIgniter\Session\Handlers\FileHandler' driver.
WARNING - 2025-02-07 23:55:44 --> [DEPRECATED] Creation of dynamic property App\Controllers\Admin\Course::$session is deprecated in APPPATH/Controllers/Admin/BaseController.php on line 56.
 1 SYSTEMPATH/CodeIgniter.php(904): App\Controllers\Admin\BaseController->initController(Object(CodeIgniter\HTTP\IncomingRequest), Object(CodeIgniter\HTTP\Response), Object(CodeIgniter\Log\Logger))
 2 SYSTEMPATH/CodeIgniter.php(500): CodeIgniter\CodeIgniter->createController()
 3 SYSTEMPATH/CodeIgniter.php(355): CodeIgniter\CodeIgniter->handleRequest(null, Object(Config\Cache), false)
 4 SYSTEMPATH/Boot.php(325): CodeIgniter\CodeIgniter->run()
 5 SYSTEMPATH/Boot.php(67): CodeIgniter\Boot::runCodeIgniter(Object(CodeIgniter\CodeIgniter))
 6 FCPATH/index.php(56): CodeIgniter\Boot::bootWeb(Object(Config\Paths))
INFO - 2025-02-07 23:55:45 --> Session: Class initialized using 'CodeIgniter\Session\Handlers\FileHandler' driver.
WARNING - 2025-02-07 23:55:45 --> [DEPRECATED] Creation of dynamic property App\Controllers\Admin\Category::$session is deprecated in APPPATH/Controllers/Admin/BaseController.php on line 56.
 1 SYSTEMPATH/CodeIgniter.php(904): App\Controllers\Admin\BaseController->initController(Object(CodeIgniter\HTTP\IncomingRequest), Object(CodeIgniter\HTTP\Response), Object(CodeIgniter\Log\Logger))
 2 SYSTEMPATH/CodeIgniter.php(500): CodeIgniter\CodeIgniter->createController()
 3 SYSTEMPATH/CodeIgniter.php(355): CodeIgniter\CodeIgniter->handleRequest(null, Object(Config\Cache), false)
 4 SYSTEMPATH/Boot.php(325): CodeIgniter\CodeIgniter->run()
 5 SYSTEMPATH/Boot.php(67): CodeIgniter\Boot::runCodeIgniter(Object(CodeIgniter\CodeIgniter))
 6 FCPATH/index.php(56): CodeIgniter\Boot::bootWeb(Object(Config\Paths))
INFO - 2025-02-07 23:55:46 --> Session: Class initialized using 'CodeIgniter\Session\Handlers\FileHandler' driver.
WARNING - 2025-02-07 23:55:46 --> [DEPRECATED] Creation of dynamic property App\Controllers\Admin\Course::$session is deprecated in APPPATH/Controllers/Admin/BaseController.php on line 56.
 1 SYSTEMPATH/CodeIgniter.php(904): App\Controllers\Admin\BaseController->initController(Object(CodeIgniter\HTTP\IncomingRequest), Object(CodeIgniter\HTTP\Response), Object(CodeIgniter\Log\Logger))
 2 SYSTEMPATH/CodeIgniter.php(500): CodeIgniter\CodeIgniter->createController()
 3 SYSTEMPATH/CodeIgniter.php(355): CodeIgniter\CodeIgniter->handleRequest(null, Object(Config\Cache), false)
 4 SYSTEMPATH/Boot.php(325): CodeIgniter\CodeIgniter->run()
 5 SYSTEMPATH/Boot.php(67): CodeIgniter\Boot::runCodeIgniter(Object(CodeIgniter\CodeIgniter))
 6 FCPATH/index.php(56): CodeIgniter\Boot::bootWeb(Object(Config\Paths))
INFO - 2025-02-07 23:56:06 --> Session: Class initialized using 'CodeIgniter\Session\Handlers\FileHandler' driver.
WARNING - 2025-02-07 23:56:06 --> [DEPRECATED] Creation of dynamic property App\Controllers\Admin\TemplateHtml::$session is deprecated in APPPATH/Controllers/Admin/BaseController.php on line 56.
 1 SYSTEMPATH/CodeIgniter.php(904): App\Controllers\Admin\BaseController->initController(Object(CodeIgniter\HTTP\IncomingRequest), Object(CodeIgniter\HTTP\Response), Object(CodeIgniter\Log\Logger))
 2 SYSTEMPATH/CodeIgniter.php(500): CodeIgniter\CodeIgniter->createController()
 3 SYSTEMPATH/CodeIgniter.php(355): CodeIgniter\CodeIgniter->handleRequest(null, Object(Config\Cache), false)
 4 SYSTEMPATH/Boot.php(325): CodeIgniter\CodeIgniter->run()
 5 SYSTEMPATH/Boot.php(67): CodeIgniter\Boot::runCodeIgniter(Object(CodeIgniter\CodeIgniter))
 6 FCPATH/index.php(56): CodeIgniter\Boot::bootWeb(Object(Config\Paths))
INFO - 2025-02-07 23:57:31 --> Session: Class initialized using 'CodeIgniter\Session\Handlers\FileHandler' driver.
WARNING - 2025-02-07 23:57:31 --> [DEPRECATED] Creation of dynamic property App\Controllers\Admin\TemplateHtml::$session is deprecated in APPPATH/Controllers/Admin/BaseController.php on line 56.
 1 SYSTEMPATH/CodeIgniter.php(904): App\Controllers\Admin\BaseController->initController(Object(CodeIgniter\HTTP\IncomingRequest), Object(CodeIgniter\HTTP\Response), Object(CodeIgniter\Log\Logger))
 2 SYSTEMPATH/CodeIgniter.php(500): CodeIgniter\CodeIgniter->createController()
 3 SYSTEMPATH/CodeIgniter.php(355): CodeIgniter\CodeIgniter->handleRequest(null, Object(Config\Cache), false)
 4 SYSTEMPATH/Boot.php(325): CodeIgniter\CodeIgniter->run()
 5 SYSTEMPATH/Boot.php(67): CodeIgniter\Boot::runCodeIgniter(Object(CodeIgniter\CodeIgniter))
 6 FCPATH/index.php(56): CodeIgniter\Boot::bootWeb(Object(Config\Paths))
INFO - 2025-02-07 23:57:49 --> Session: Class initialized using 'CodeIgniter\Session\Handlers\FileHandler' driver.
WARNING - 2025-02-07 23:57:49 --> [DEPRECATED] Creation of dynamic property App\Controllers\Admin\Course::$session is deprecated in APPPATH/Controllers/Admin/BaseController.php on line 56.
 1 SYSTEMPATH/CodeIgniter.php(904): App\Controllers\Admin\BaseController->initController(Object(CodeIgniter\HTTP\IncomingRequest), Object(CodeIgniter\HTTP\Response), Object(CodeIgniter\Log\Logger))
 2 SYSTEMPATH/CodeIgniter.php(500): CodeIgniter\CodeIgniter->createController()
 3 SYSTEMPATH/CodeIgniter.php(355): CodeIgniter\CodeIgniter->handleRequest(null, Object(Config\Cache), false)
 4 SYSTEMPATH/Boot.php(325): CodeIgniter\CodeIgniter->run()
 5 SYSTEMPATH/Boot.php(67): CodeIgniter\Boot::runCodeIgniter(Object(CodeIgniter\CodeIgniter))
 6 FCPATH/index.php(56): CodeIgniter\Boot::bootWeb(Object(Config\Paths))
INFO - 2025-02-07 23:57:49 --> Session: Class initialized using 'CodeIgniter\Session\Handlers\FileHandler' driver.
WARNING - 2025-02-07 23:57:49 --> [DEPRECATED] Creation of dynamic property App\Controllers\Admin\Category::$session is deprecated in APPPATH/Controllers/Admin/BaseController.php on line 56.
 1 SYSTEMPATH/CodeIgniter.php(904): App\Controllers\Admin\BaseController->initController(Object(CodeIgniter\HTTP\IncomingRequest), Object(CodeIgniter\HTTP\Response), Object(CodeIgniter\Log\Logger))
 2 SYSTEMPATH/CodeIgniter.php(500): CodeIgniter\CodeIgniter->createController()
 3 SYSTEMPATH/CodeIgniter.php(355): CodeIgniter\CodeIgniter->handleRequest(null, Object(Config\Cache), false)
 4 SYSTEMPATH/Boot.php(325): CodeIgniter\CodeIgniter->run()
 5 SYSTEMPATH/Boot.php(67): CodeIgniter\Boot::runCodeIgniter(Object(CodeIgniter\CodeIgniter))
 6 FCPATH/index.php(56): CodeIgniter\Boot::bootWeb(Object(Config\Paths))
INFO - 2025-02-07 23:57:50 --> Session: Class initialized using 'CodeIgniter\Session\Handlers\FileHandler' driver.
WARNING - 2025-02-07 23:57:50 --> [DEPRECATED] Creation of dynamic property App\Controllers\Admin\Course::$session is deprecated in APPPATH/Controllers/Admin/BaseController.php on line 56.
 1 SYSTEMPATH/CodeIgniter.php(904): App\Controllers\Admin\BaseController->initController(Object(CodeIgniter\HTTP\IncomingRequest), Object(CodeIgniter\HTTP\Response), Object(CodeIgniter\Log\Logger))
 2 SYSTEMPATH/CodeIgniter.php(500): CodeIgniter\CodeIgniter->createController()
 3 SYSTEMPATH/CodeIgniter.php(355): CodeIgniter\CodeIgniter->handleRequest(null, Object(Config\Cache), false)
 4 SYSTEMPATH/Boot.php(325): CodeIgniter\CodeIgniter->run()
 5 SYSTEMPATH/Boot.php(67): CodeIgniter\Boot::runCodeIgniter(Object(CodeIgniter\CodeIgniter))
 6 FCPATH/index.php(56): CodeIgniter\Boot::bootWeb(Object(Config\Paths))
INFO - 2025-02-07 23:58:09 --> Session: Class initialized using 'CodeIgniter\Session\Handlers\FileHandler' driver.
WARNING - 2025-02-07 23:58:09 --> [DEPRECATED] Creation of dynamic property App\Controllers\Admin\Course::$session is deprecated in APPPATH/Controllers/Admin/BaseController.php on line 56.
 1 SYSTEMPATH/CodeIgniter.php(904): App\Controllers\Admin\BaseController->initController(Object(CodeIgniter\HTTP\IncomingRequest), Object(CodeIgniter\HTTP\Response), Object(CodeIgniter\Log\Logger))
 2 SYSTEMPATH/CodeIgniter.php(500): CodeIgniter\CodeIgniter->createController()
 3 SYSTEMPATH/CodeIgniter.php(355): CodeIgniter\CodeIgniter->handleRequest(null, Object(Config\Cache), false)
 4 SYSTEMPATH/Boot.php(325): CodeIgniter\CodeIgniter->run()
 5 SYSTEMPATH/Boot.php(67): CodeIgniter\Boot::runCodeIgniter(Object(CodeIgniter\CodeIgniter))
 6 FCPATH/index.php(56): CodeIgniter\Boot::bootWeb(Object(Config\Paths))
INFO - 2025-02-07 23:59:03 --> Session: Class initialized using 'CodeIgniter\Session\Handlers\FileHandler' driver.
WARNING - 2025-02-07 23:59:03 --> [DEPRECATED] Creation of dynamic property App\Controllers\Admin\TemplateHtml::$session is deprecated in APPPATH/Controllers/Admin/BaseController.php on line 56.
 1 SYSTEMPATH/CodeIgniter.php(904): App\Controllers\Admin\BaseController->initController(Object(CodeIgniter\HTTP\IncomingRequest), Object(CodeIgniter\HTTP\Response), Object(CodeIgniter\Log\Logger))
 2 SYSTEMPATH/CodeIgniter.php(500): CodeIgniter\CodeIgniter->createController()
 3 SYSTEMPATH/CodeIgniter.php(355): CodeIgniter\CodeIgniter->handleRequest(null, Object(Config\Cache), false)
 4 SYSTEMPATH/Boot.php(325): CodeIgniter\CodeIgniter->run()
 5 SYSTEMPATH/Boot.php(67): CodeIgniter\Boot::runCodeIgniter(Object(CodeIgniter\CodeIgniter))
 6 FCPATH/index.php(56): CodeIgniter\Boot::bootWeb(Object(Config\Paths))
INFO - 2025-02-07 23:59:08 --> Session: Class initialized using 'CodeIgniter\Session\Handlers\FileHandler' driver.
INFO - 2025-02-07 23:59:14 --> Session: Class initialized using 'CodeIgniter\Session\Handlers\FileHandler' driver.
WARNING - 2025-02-07 23:59:14 --> [DEPRECATED] Creation of dynamic property App\Controllers\Admin\Image::$session is deprecated in APPPATH/Controllers/Admin/BaseController.php on line 56.
 1 SYSTEMPATH/CodeIgniter.php(904): App\Controllers\Admin\BaseController->initController(Object(CodeIgniter\HTTP\IncomingRequest), Object(CodeIgniter\HTTP\Response), Object(CodeIgniter\Log\Logger))
 2 SYSTEMPATH/CodeIgniter.php(500): CodeIgniter\CodeIgniter->createController()
 3 SYSTEMPATH/CodeIgniter.php(355): CodeIgniter\CodeIgniter->handleRequest(null, Object(Config\Cache), false)
 4 SYSTEMPATH/Boot.php(325): CodeIgniter\CodeIgniter->run()
 5 SYSTEMPATH/Boot.php(67): CodeIgniter\Boot::runCodeIgniter(Object(CodeIgniter\CodeIgniter))
 6 FCPATH/index.php(56): CodeIgniter\Boot::bootWeb(Object(Config\Paths))
INFO - 2025-02-07 23:59:15 --> Session: Class initialized using 'CodeIgniter\Session\Handlers\FileHandler' driver.
WARNING - 2025-02-07 23:59:15 --> [DEPRECATED] Creation of dynamic property App\Controllers\Admin\Category::$session is deprecated in APPPATH/Controllers/Admin/BaseController.php on line 56.
 1 SYSTEMPATH/CodeIgniter.php(904): App\Controllers\Admin\BaseController->initController(Object(CodeIgniter\HTTP\IncomingRequest), Object(CodeIgniter\HTTP\Response), Object(CodeIgniter\Log\Logger))
 2 SYSTEMPATH/CodeIgniter.php(500): CodeIgniter\CodeIgniter->createController()
 3 SYSTEMPATH/CodeIgniter.php(355): CodeIgniter\CodeIgniter->handleRequest(null, Object(Config\Cache), false)
 4 SYSTEMPATH/Boot.php(325): CodeIgniter\CodeIgniter->run()
 5 SYSTEMPATH/Boot.php(67): CodeIgniter\Boot::runCodeIgniter(Object(CodeIgniter\CodeIgniter))
 6 FCPATH/index.php(56): CodeIgniter\Boot::bootWeb(Object(Config\Paths))
INFO - 2025-02-07 23:59:17 --> Session: Class initialized using 'CodeIgniter\Session\Handlers\FileHandler' driver.
WARNING - 2025-02-07 23:59:17 --> [DEPRECATED] Creation of dynamic property App\Controllers\Admin\Image::$session is deprecated in APPPATH/Controllers/Admin/BaseController.php on line 56.
 1 SYSTEMPATH/CodeIgniter.php(904): App\Controllers\Admin\BaseController->initController(Object(CodeIgniter\HTTP\IncomingRequest), Object(CodeIgniter\HTTP\Response), Object(CodeIgniter\Log\Logger))
 2 SYSTEMPATH/CodeIgniter.php(500): CodeIgniter\CodeIgniter->createController()
 3 SYSTEMPATH/CodeIgniter.php(355): CodeIgniter\CodeIgniter->handleRequest(null, Object(Config\Cache), false)
 4 SYSTEMPATH/Boot.php(325): CodeIgniter\CodeIgniter->run()
 5 SYSTEMPATH/Boot.php(67): CodeIgniter\Boot::runCodeIgniter(Object(CodeIgniter\CodeIgniter))
 6 FCPATH/index.php(56): CodeIgniter\Boot::bootWeb(Object(Config\Paths))
INFO - 2025-02-07 23:59:18 --> Session: Class initialized using 'CodeIgniter\Session\Handlers\FileHandler' driver.
WARNING - 2025-02-07 23:59:18 --> [DEPRECATED] Creation of dynamic property App\Controllers\Admin\Category::$session is deprecated in APPPATH/Controllers/Admin/BaseController.php on line 56.
 1 SYSTEMPATH/CodeIgniter.php(904): App\Controllers\Admin\BaseController->initController(Object(CodeIgniter\HTTP\IncomingRequest), Object(CodeIgniter\HTTP\Response), Object(CodeIgniter\Log\Logger))
 2 SYSTEMPATH/CodeIgniter.php(500): CodeIgniter\CodeIgniter->createController()
 3 SYSTEMPATH/CodeIgniter.php(355): CodeIgniter\CodeIgniter->handleRequest(null, Object(Config\Cache), false)
 4 SYSTEMPATH/Boot.php(325): CodeIgniter\CodeIgniter->run()
 5 SYSTEMPATH/Boot.php(67): CodeIgniter\Boot::runCodeIgniter(Object(CodeIgniter\CodeIgniter))
 6 FCPATH/index.php(56): CodeIgniter\Boot::bootWeb(Object(Config\Paths))
INFO - 2025-02-07 23:59:18 --> Session: Class initialized using 'CodeIgniter\Session\Handlers\FileHandler' driver.
WARNING - 2025-02-07 23:59:18 --> [DEPRECATED] Creation of dynamic property App\Controllers\Admin\Image::$session is deprecated in APPPATH/Controllers/Admin/BaseController.php on line 56.
 1 SYSTEMPATH/CodeIgniter.php(904): App\Controllers\Admin\BaseController->initController(Object(CodeIgniter\HTTP\IncomingRequest), Object(CodeIgniter\HTTP\Response), Object(CodeIgniter\Log\Logger))
 2 SYSTEMPATH/CodeIgniter.php(500): CodeIgniter\CodeIgniter->createController()
 3 SYSTEMPATH/CodeIgniter.php(355): CodeIgniter\CodeIgniter->handleRequest(null, Object(Config\Cache), false)
 4 SYSTEMPATH/Boot.php(325): CodeIgniter\CodeIgniter->run()
 5 SYSTEMPATH/Boot.php(67): CodeIgniter\Boot::runCodeIgniter(Object(CodeIgniter\CodeIgniter))
 6 FCPATH/index.php(56): CodeIgniter\Boot::bootWeb(Object(Config\Paths))
INFO - 2025-02-07 23:59:19 --> Session: Class initialized using 'CodeIgniter\Session\Handlers\FileHandler' driver.
WARNING - 2025-02-07 23:59:19 --> [DEPRECATED] Creation of dynamic property App\Controllers\Admin\Category::$session is deprecated in APPPATH/Controllers/Admin/BaseController.php on line 56.
 1 SYSTEMPATH/CodeIgniter.php(904): App\Controllers\Admin\BaseController->initController(Object(CodeIgniter\HTTP\IncomingRequest), Object(CodeIgniter\HTTP\Response), Object(CodeIgniter\Log\Logger))
 2 SYSTEMPATH/CodeIgniter.php(500): CodeIgniter\CodeIgniter->createController()
 3 SYSTEMPATH/CodeIgniter.php(355): CodeIgniter\CodeIgniter->handleRequest(null, Object(Config\Cache), false)
 4 SYSTEMPATH/Boot.php(325): CodeIgniter\CodeIgniter->run()
 5 SYSTEMPATH/Boot.php(67): CodeIgniter\Boot::runCodeIgniter(Object(CodeIgniter\CodeIgniter))
 6 FCPATH/index.php(56): CodeIgniter\Boot::bootWeb(Object(Config\Paths))
INFO - 2025-02-07 23:59:22 --> Session: Class initialized using 'CodeIgniter\Session\Handlers\FileHandler' driver.
WARNING - 2025-02-07 23:59:22 --> [DEPRECATED] Creation of dynamic property App\Controllers\Admin\Image::$session is deprecated in APPPATH/Controllers/Admin/BaseController.php on line 56.
 1 SYSTEMPATH/CodeIgniter.php(904): App\Controllers\Admin\BaseController->initController(Object(CodeIgniter\HTTP\IncomingRequest), Object(CodeIgniter\HTTP\Response), Object(CodeIgniter\Log\Logger))
 2 SYSTEMPATH/CodeIgniter.php(500): CodeIgniter\CodeIgniter->createController()
 3 SYSTEMPATH/CodeIgniter.php(355): CodeIgniter\CodeIgniter->handleRequest(null, Object(Config\Cache), false)
 4 SYSTEMPATH/Boot.php(325): CodeIgniter\CodeIgniter->run()
 5 SYSTEMPATH/Boot.php(67): CodeIgniter\Boot::runCodeIgniter(Object(CodeIgniter\CodeIgniter))
 6 FCPATH/index.php(56): CodeIgniter\Boot::bootWeb(Object(Config\Paths))
INFO - 2025-02-07 23:59:22 --> Session: Class initialized using 'CodeIgniter\Session\Handlers\FileHandler' driver.
WARNING - 2025-02-07 23:59:22 --> [DEPRECATED] Creation of dynamic property App\Controllers\Admin\Category::$session is deprecated in APPPATH/Controllers/Admin/BaseController.php on line 56.
 1 SYSTEMPATH/CodeIgniter.php(904): App\Controllers\Admin\BaseController->initController(Object(CodeIgniter\HTTP\IncomingRequest), Object(CodeIgniter\HTTP\Response), Object(CodeIgniter\Log\Logger))
 2 SYSTEMPATH/CodeIgniter.php(500): CodeIgniter\CodeIgniter->createController()
 3 SYSTEMPATH/CodeIgniter.php(355): CodeIgniter\CodeIgniter->handleRequest(null, Object(Config\Cache), false)
 4 SYSTEMPATH/Boot.php(325): CodeIgniter\CodeIgniter->run()
 5 SYSTEMPATH/Boot.php(67): CodeIgniter\Boot::runCodeIgniter(Object(CodeIgniter\CodeIgniter))
 6 FCPATH/index.php(56): CodeIgniter\Boot::bootWeb(Object(Config\Paths))
INFO - 2025-02-07 23:59:30 --> Session: Class initialized using 'CodeIgniter\Session\Handlers\FileHandler' driver.
WARNING - 2025-02-07 23:59:30 --> [DEPRECATED] Creation of dynamic property App\Controllers\Admin\Image::$session is deprecated in APPPATH/Controllers/Admin/BaseController.php on line 56.
 1 SYSTEMPATH/CodeIgniter.php(904): App\Controllers\Admin\BaseController->initController(Object(CodeIgniter\HTTP\IncomingRequest), Object(CodeIgniter\HTTP\Response), Object(CodeIgniter\Log\Logger))
 2 SYSTEMPATH/CodeIgniter.php(500): CodeIgniter\CodeIgniter->createController()
 3 SYSTEMPATH/CodeIgniter.php(355): CodeIgniter\CodeIgniter->handleRequest(null, Object(Config\Cache), false)
 4 SYSTEMPATH/Boot.php(325): CodeIgniter\CodeIgniter->run()
 5 SYSTEMPATH/Boot.php(67): CodeIgniter\Boot::runCodeIgniter(Object(CodeIgniter\CodeIgniter))
 6 FCPATH/index.php(56): CodeIgniter\Boot::bootWeb(Object(Config\Paths))
INFO - 2025-02-07 23:59:31 --> Session: Class initialized using 'CodeIgniter\Session\Handlers\FileHandler' driver.
WARNING - 2025-02-07 23:59:31 --> [DEPRECATED] Creation of dynamic property App\Controllers\Admin\Category::$session is deprecated in APPPATH/Controllers/Admin/BaseController.php on line 56.
 1 SYSTEMPATH/CodeIgniter.php(904): App\Controllers\Admin\BaseController->initController(Object(CodeIgniter\HTTP\IncomingRequest), Object(CodeIgniter\HTTP\Response), Object(CodeIgniter\Log\Logger))
 2 SYSTEMPATH/CodeIgniter.php(500): CodeIgniter\CodeIgniter->createController()
 3 SYSTEMPATH/CodeIgniter.php(355): CodeIgniter\CodeIgniter->handleRequest(null, Object(Config\Cache), false)
 4 SYSTEMPATH/Boot.php(325): CodeIgniter\CodeIgniter->run()
 5 SYSTEMPATH/Boot.php(67): CodeIgniter\Boot::runCodeIgniter(Object(CodeIgniter\CodeIgniter))
 6 FCPATH/index.php(56): CodeIgniter\Boot::bootWeb(Object(Config\Paths))
INFO - 2025-02-07 23:59:31 --> Session: Class initialized using 'CodeIgniter\Session\Handlers\FileHandler' driver.
WARNING - 2025-02-07 23:59:31 --> [DEPRECATED] Creation of dynamic property App\Controllers\Admin\Image::$session is deprecated in APPPATH/Controllers/Admin/BaseController.php on line 56.
 1 SYSTEMPATH/CodeIgniter.php(904): App\Controllers\Admin\BaseController->initController(Object(CodeIgniter\HTTP\IncomingRequest), Object(CodeIgniter\HTTP\Response), Object(CodeIgniter\Log\Logger))
 2 SYSTEMPATH/CodeIgniter.php(500): CodeIgniter\CodeIgniter->createController()
 3 SYSTEMPATH/CodeIgniter.php(355): CodeIgniter\CodeIgniter->handleRequest(null, Object(Config\Cache), false)
 4 SYSTEMPATH/Boot.php(325): CodeIgniter\CodeIgniter->run()
 5 SYSTEMPATH/Boot.php(67): CodeIgniter\Boot::runCodeIgniter(Object(CodeIgniter\CodeIgniter))
 6 FCPATH/index.php(56): CodeIgniter\Boot::bootWeb(Object(Config\Paths))
INFO - 2025-02-07 23:59:31 --> Session: Class initialized using 'CodeIgniter\Session\Handlers\FileHandler' driver.
WARNING - 2025-02-07 23:59:31 --> [DEPRECATED] Creation of dynamic property App\Controllers\Admin\Category::$session is deprecated in APPPATH/Controllers/Admin/BaseController.php on line 56.
 1 SYSTEMPATH/CodeIgniter.php(904): App\Controllers\Admin\BaseController->initController(Object(CodeIgniter\HTTP\IncomingRequest), Object(CodeIgniter\HTTP\Response), Object(CodeIgniter\Log\Logger))
 2 SYSTEMPATH/CodeIgniter.php(500): CodeIgniter\CodeIgniter->createController()
 3 SYSTEMPATH/CodeIgniter.php(355): CodeIgniter\CodeIgniter->handleRequest(null, Object(Config\Cache), false)
 4 SYSTEMPATH/Boot.php(325): CodeIgniter\CodeIgniter->run()
 5 SYSTEMPATH/Boot.php(67): CodeIgniter\Boot::runCodeIgniter(Object(CodeIgniter\CodeIgniter))
 6 FCPATH/index.php(56): CodeIgniter\Boot::bootWeb(Object(Config\Paths))
INFO - 2025-02-07 23:59:37 --> Session: Class initialized using 'CodeIgniter\Session\Handlers\FileHandler' driver.
WARNING - 2025-02-07 23:59:37 --> [DEPRECATED] Creation of dynamic property App\Controllers\Admin\Course::$session is deprecated in APPPATH/Controllers/Admin/BaseController.php on line 56.
 1 SYSTEMPATH/CodeIgniter.php(904): App\Controllers\Admin\BaseController->initController(Object(CodeIgniter\HTTP\IncomingRequest), Object(CodeIgniter\HTTP\Response), Object(CodeIgniter\Log\Logger))
 2 SYSTEMPATH/CodeIgniter.php(500): CodeIgniter\CodeIgniter->createController()
 3 SYSTEMPATH/CodeIgniter.php(355): CodeIgniter\CodeIgniter->handleRequest(null, Object(Config\Cache), false)
 4 SYSTEMPATH/Boot.php(325): CodeIgniter\CodeIgniter->run()
 5 SYSTEMPATH/Boot.php(67): CodeIgniter\Boot::runCodeIgniter(Object(CodeIgniter\CodeIgniter))
 6 FCPATH/index.php(56): CodeIgniter\Boot::bootWeb(Object(Config\Paths))
INFO - 2025-02-07 23:59:38 --> Session: Class initialized using 'CodeIgniter\Session\Handlers\FileHandler' driver.
WARNING - 2025-02-07 23:59:38 --> [DEPRECATED] Creation of dynamic property App\Controllers\Admin\Category::$session is deprecated in APPPATH/Controllers/Admin/BaseController.php on line 56.
 1 SYSTEMPATH/CodeIgniter.php(904): App\Controllers\Admin\BaseController->initController(Object(CodeIgniter\HTTP\IncomingRequest), Object(CodeIgniter\HTTP\Response), Object(CodeIgniter\Log\Logger))
 2 SYSTEMPATH/CodeIgniter.php(500): CodeIgniter\CodeIgniter->createController()
 3 SYSTEMPATH/CodeIgniter.php(355): CodeIgniter\CodeIgniter->handleRequest(null, Object(Config\Cache), false)
 4 SYSTEMPATH/Boot.php(325): CodeIgniter\CodeIgniter->run()
 5 SYSTEMPATH/Boot.php(67): CodeIgniter\Boot::runCodeIgniter(Object(CodeIgniter\CodeIgniter))
 6 FCPATH/index.php(56): CodeIgniter\Boot::bootWeb(Object(Config\Paths))
INFO - 2025-02-07 23:59:40 --> Session: Class initialized using 'CodeIgniter\Session\Handlers\FileHandler' driver.
WARNING - 2025-02-07 23:59:40 --> [DEPRECATED] Creation of dynamic property App\Controllers\Admin\Course::$session is deprecated in APPPATH/Controllers/Admin/BaseController.php on line 56.
 1 SYSTEMPATH/CodeIgniter.php(904): App\Controllers\Admin\BaseController->initController(Object(CodeIgniter\HTTP\IncomingRequest), Object(CodeIgniter\HTTP\Response), Object(CodeIgniter\Log\Logger))
 2 SYSTEMPATH/CodeIgniter.php(500): CodeIgniter\CodeIgniter->createController()
 3 SYSTEMPATH/CodeIgniter.php(355): CodeIgniter\CodeIgniter->handleRequest(null, Object(Config\Cache), false)
 4 SYSTEMPATH/Boot.php(325): CodeIgniter\CodeIgniter->run()
 5 SYSTEMPATH/Boot.php(67): CodeIgniter\Boot::runCodeIgniter(Object(CodeIgniter\CodeIgniter))
 6 FCPATH/index.php(56): CodeIgniter\Boot::bootWeb(Object(Config\Paths))
